corpus,n,method,pairs,chunks,predicted_mean,observed_mean,prediction_observation_ratio,mean_absolute_log_error,mean_pair_pearson,mean_pair_spearman,pair_spearman_min,pair_spearman_max,pearson_to_pair_mean,spearman_to_pair_mean
tinystories,512,multinomial,3,128,0.03261638235095449,0.036436065392682786,0.8951675215047951,0.1105602301664258,0.711174250162181,0.7883438625404383,0.7744060153817983,0.8121967130562169,0.8077309498050904,0.8606482329243728
tinystories,512,source_same_lag,3,128,0.0358579314473616,0.036436065392682786,0.9841329205255711,0.01581013602749039,0.755929140487312,0.8136959805896354,0.7845289324299577,0.8344396630653725,0.8612181851034589,0.8940212415308552
tinystories,512,source_full,3,128,0.03678544694114366,0.036436065392682786,1.009588893441031,0.021292765406185948,0.7706711965257739,0.8237902856619664,0.7932498626625158,0.8468515381798204,0.8780816032978794,0.9085790148324483
tinystories,1024,multinomial,3,128,0.025635771129402962,0.02865256820839408,0.8947111108138881,0.1107443114022274,0.7788661318342426,0.7959126838796312,0.7713216443874747,0.8087689983519502,0.8511137195598265,0.8517212964658487
tinystories,1024,source_same_lag,3,128,0.02637038487370808,0.02865256820839408,0.9203497809310717,0.08249140190762493,0.8134185401877905,0.8100737044497345,0.7937133766709393,0.8304053744735397,0.892286756458898,0.8686824757370444
tinystories,1024,source_full,3,128,0.02690846496100405,0.02865256820839408,0.9391292524040105,0.0622920776304153,0.8151003186037595,0.8168432979307818,0.8047690441311115,0.8388401849478117,0.894173213761293,0.8768197216626991
tinystories,2048,multinomial,3,128,0.01916689077374588,0.022264333328243024,0.8608787198416609,0.14959554450209878,0.8147804752442408,0.8211656137459561,0.8074585698590001,0.8350347921626076,0.8580376279316206,0.8580788774949644
tinystories,2048,source_same_lag,3,128,0.018026936889510146,0.022264333328243024,0.8096778207431163,0.21091276298542203,0.8139087238436907,0.8203186992614295,0.8028692089360924,0.829129280351584,0.8575006818706102,0.8574379692364036
tinystories,2048,source_full,3,128,0.01833386138079845,0.022264333328243024,0.8234632993722457,0.1940301973736188,0.8123790152002673,0.8219076176524446,0.8052554477201977,0.8343194927668925,0.8559355120231753,0.8589887383263138
wikitext,512,multinomial,3,128,0.031365980054906054,0.03241663679238548,0.9675889653757597,0.03273704930690675,0.798931846299419,0.8005993255203565,0.788254211682842,0.817415537447354,0.8673336525631664,0.8636009888298847
wikitext,512,source_same_lag,3,128,0.03421677023843109,0.03241663679238548,1.055531160051386,0.054254964594972165,0.8274751625888183,0.8234011627906977,0.80590780076909,0.8504280351583958,0.8983424536797344,0.8911085423915034
wikitext,512,source_full,3,128,0.03487009206759559,0.03241663679238548,1.0756850653855126,0.07316858385734203,0.8247883257610912,0.8191360709271805,0.8052955044863578,0.8448486998718182,0.8953909941680362,0.8865191814685955
wikitext,1024,multinomial,3,128,0.030247805812161577,0.03282050783538046,0.9216129733237853,0.08159893343390213,0.7860325510690597,0.7810268265885368,0.7520085607031679,0.8191322559970701,0.844924074601985,0.8345884453396814
wikitext,1024,source_same_lag,3,128,0.03078529283161883,0.03282050783538046,0.9379895334353215,0.063985509674231,0.8208558895883483,0.8102301165842641,0.7752586522614906,0.8462792986632485,0.8827535287732117,0.8632633675151072
wikitext,1024,source_full,3,128,0.03133496963690816,0.03282050783538046,0.9547375011403423,0.04628786545193284,0.8203347901409104,0.8055854391747542,0.7738509430507233,0.8401906702069218,0.8819788094645262,0.858227659769273
wikitext,2048,multinomial,3,128,0.027397670208546554,0.03081378037829158,0.8891369339364901,0.11742040703169278,0.7715785917435846,0.7845556369407313,0.7618396355978757,0.8022511902581945,0.823394827044485,0.8233668284197033
wikitext,2048,source_same_lag,3,128,0.025259667722172453,0.03081378037829158,0.8197523125065167,0.19866942539786372,0.814224672813241,0.81381042849295,0.7957791613257645,0.8364425013733748,0.8687050729565168,0.8546511627906976
wikitext,2048,source_full,3,128,0.025689635937432335,0.03081378037829158,0.8337060763738933,0.18179074827683397,0.812731611264602,0.804009873039126,0.7791327137886833,0.8308288317158029,0.8671211344777756,0.8436984984435084
cnn_dailymail,512,multinomial,3,128,0.028124305833750605,0.027979386207846516,1.0051795141189854,0.017332920743283478,0.8763104480663758,0.866986739302936,0.862239058780443,0.8699929042299945,0.9318037180641477,0.9277433162424462
cnn_dailymail,512,source_same_lag,3,128,0.02877673838032158,0.027979386207846516,1.028497843610717,0.028304327939680143,0.8721284966570083,0.8647035036318135,0.8599958798754807,0.8689228163340047,0.9274493133890249,0.9249908441677348
cnn_dailymail,512,source_full,3,128,0.02917027411086,0.027979386207846516,1.0425630460284905,0.04188714313512079,0.8562045810272427,0.8606043612281024,0.8529001098699872,0.8669428676066654,0.9103915376555584,0.9209794451565647
cnn_dailymail,1024,multinomial,3,128,0.026456227934415488,0.027228233449920442,0.971646874670556,0.028702975136452046,0.8717642969112038,0.8490966245498383,0.8431663156930964,0.8598757095770005,0.9176127528866395,0.8956864585240798
cnn_dailymail,1024,source_same_lag,3,128,0.025824039991498817,0.027228233449920442,0.9484287711502001,0.052888725678822385,0.8784965187986705,0.8571442196178966,0.844425242629555,0.8701187969236404,0.9250238218400522,0.9051970792895073
cnn_dailymail,1024,source_full,3,128,0.02616279354311919,0.027228233449920442,0.960870031882132,0.03985625867850635,0.8697629664656171,0.8546587926509185,0.8386513459073429,0.8693233839956052,0.9158889896660951,0.9023244369163157
cnn_dailymail,2048,multinomial,3,128,0.0234630823701002,0.024803634901309723,0.9459533839881373,0.055541184167488204,0.8584610671161412,0.8367286211316608,0.8288317158029664,0.8479674052371361,0.9113491814101595,0.892733702618568
cnn_dailymail,2048,source_same_lag,3,128,0.0212191362724842,0.024803634901309723,0.8554849463359805,0.15606597819397375,0.8617286890950586,0.8343786241836049,0.8306457150704999,0.8388687969236402,0.9150374346442989,0.8892201519868154
cnn_dailymail,2048,source_full,3,128,0.021484902191722118,0.024803634901309723,0.8661997435943405,0.14361894226866712,0.860695758139492,0.8378254135384239,0.8331807361289141,0.8429145303058048,0.9139009601643678,0.8926764786669107
