corpus,replicate,n_chunks,n_a_chunks,n_b_chunks,mask_rate,radius,classes,eval_chunks,masked_tokens,eval_top_token_coverage,baseline_loss,reconstruction_loss,skill,named_target_fraction,named_target_skill,other_target_skill,named_baseline_loss,other_baseline_loss,pooled_8192_skill,observed_disagreement,observed_over_baseline,sources_a,sources_b,reference_sources,runtime_seconds,mask_sha256,evaluation_sha256,side_a_sha256,side_b_sha256,auxiliary_fit_sha256,zero_prior_target_fraction,fitting_mask_rate,source_cluster_prediction,source_cluster_ratio,source_cluster_inputwise_correlation,independent_chunks_prediction,independent_chunks_ratio,independent_chunks_inputwise_correlation,same_lag_prediction,same_lag_ratio,same_lag_inputwise_correlation,fraction_of_pooled_gain
tinystories,1,512,512,512,0.2,2,50257,128,1648,1.0,0.986135765810277,0.8083993141013854,0.1802352757815766,1.0,0.1778222928065094,nan,0.9861533033977334,nan,,0.04973510556676365,0.05043433905462081,188,206,768,11.7930161000113,f4723ca75339667cac24a8de4ca1057e14e80b459fec10d3606e1d3fd37758b9,86e534278229f3d383a059f8024f7e279d692123ce14bfd9cfd1cec99d971b2f,aa7fbffea7f680bc8dd7888c47e2458845733a5a896fd586ba8f3b72fd8d5f59,55f0f02cf88352757df4966de01c53ce60ce1a80da92f72854873c5b181bedeb,2c095a42e06130f13d2ae42470f38f739f4d4146211b72672ccc7781ee22e097,0.03822815533980582,0.5,0.049165414117479114,0.9885454862758903,0.760207105778121,0.04535212980419116,0.9118736008976829,0.7218903459543561,0.04657172085209517,0.9363953352743566,0.7464357495020664,
tinystories,2,512,512,512,0.2,2,50257,128,1648,1.0,0.986135765810277,0.8097962834773167,0.17881866619863196,1.0,0.17621103708714758,nan,0.9861533033977334,nan,,0.049832322132058626,0.050532922402538524,197,192,768,11.937063600023976,f4723ca75339667cac24a8de4ca1057e14e80b459fec10d3606e1d3fd37758b9,86e534278229f3d383a059f8024f7e279d692123ce14bfd9cfd1cec99d971b2f,e1cabde461148033d428154ea9442b0362d45c7c4a80f59e0a56828c73529f76,e84b36c8ee4b52f00845ef2a248af658b3a6258cd51d5e2bbb3807c414bffd26,2c095a42e06130f13d2ae42470f38f739f4d4146211b72672ccc7781ee22e097,0.03822815533980582,0.5,0.049165414117479114,0.9866169589124872,0.7345826834232144,0.04535212980419116,0.9100946506968973,0.7541299455517949,0.04657172085209517,0.9345685462675677,0.7407758019193544,
tinystories,1,512,512,512,0.5,2,50257,128,4065,1.0,0.9864956143515519,0.8594539077922255,0.1287808123129205,1.0,0.12730912486464852,nan,0.986422938371833,nan,,0.03759685603677435,0.038111528819606263,188,206,768,25.90753460000269,ceb7fc4d355d14084706c47b5ae7bb8fd4c03e806682cbfbb1ddcd4fa6c7d1ad,86e534278229f3d383a059f8024f7e279d692123ce14bfd9cfd1cec99d971b2f,aa7fbffea7f680bc8dd7888c47e2458845733a5a896fd586ba8f3b72fd8d5f59,55f0f02cf88352757df4966de01c53ce60ce1a80da92f72854873c5b181bedeb,2c095a42e06130f13d2ae42470f38f739f4d4146211b72672ccc7781ee22e097,0.03911439114391144,0.5,0.0351754189303739,0.9355946916403864,0.8253119847035353,0.03348722188923681,0.890692079584585,0.8128406173090608,0.03453069834259503,0.9184464336278478,0.8372903667204855,
tinystories,2,512,512,512,0.5,2,50257,128,4065,1.0,0.9864956143515519,0.8616033913743956,0.1266019039114037,1.0,0.12524088861966953,nan,0.986422938371833,nan,,0.036450110122825674,0.03694908481350446,197,192,768,26.1587832000223,ceb7fc4d355d14084706c47b5ae7bb8fd4c03e806682cbfbb1ddcd4fa6c7d1ad,86e534278229f3d383a059f8024f7e279d692123ce14bfd9cfd1cec99d971b2f,e1cabde461148033d428154ea9442b0362d45c7c4a80f59e0a56828c73529f76,e84b36c8ee4b52f00845ef2a248af658b3a6258cd51d5e2bbb3807c414bffd26,2c095a42e06130f13d2ae42470f38f739f4d4146211b72672ccc7781ee22e097,0.03911439114391144,0.5,0.0351754189303739,0.9650291538720609,0.8140874005980032,0.03348722188923681,0.9187138742899584,0.8468450481644695,0.03453069834259503,0.9473413996895258,0.8285033688366659,
tinystories,1,512,512,512,0.8,2,50257,128,6551,1.0,0.985642431267481,0.9280654980848457,0.058415639745332926,1.0,0.05761970159491092,nan,0.9856365065789305,nan,,0.01814250179906178,0.01840677838486675,188,206,768,36.22556340001756,35542d5616687f195d0014d0316099513302ac6ddcd4e3305f2ef5eaab0a1fa4,86e534278229f3d383a059f8024f7e279d692123ce14bfd9cfd1cec99d971b2f,aa7fbffea7f680bc8dd7888c47e2458845733a5a896fd586ba8f3b72fd8d5f59,55f0f02cf88352757df4966de01c53ce60ce1a80da92f72854873c5b181bedeb,2c095a42e06130f13d2ae42470f38f739f4d4146211b72672ccc7781ee22e097,0.03923065180888414,0.5,0.017851852771098665,0.983979661064267,0.910861890194379,0.016868967779523205,0.9298038366679707,0.907388595978871,0.017672239501794536,0.9740795231839765,0.9186863161764152,
tinystories,2,512,512,512,0.8,2,50257,128,6551,1.0,0.985642431267481,0.9280046775088479,0.05847734627710188,1.0,0.057654447436266465,nan,0.9856365065789305,nan,,0.018029616491086874,0.01829224870920157,197,192,768,36.37088080000831,35542d5616687f195d0014d0316099513302ac6ddcd4e3305f2ef5eaab0a1fa4,86e534278229f3d383a059f8024f7e279d692123ce14bfd9cfd1cec99d971b2f,e1cabde461148033d428154ea9442b0362d45c7c4a80f59e0a56828c73529f76,e84b36c8ee4b52f00845ef2a248af658b3a6258cd51d5e2bbb3807c414bffd26,2c095a42e06130f13d2ae42470f38f739f4d4146211b72672ccc7781ee22e097,0.03923065180888414,0.5,0.017851852771098665,0.9901404602767847,0.9294691992381673,0.016868967779523205,0.9356254353975056,0.9273992541914636,0.017672239501794536,0.9801783366013908,0.9339649127351399,
tinystories,1,1024,1024,1024,0.2,2,50257,128,1596,1.0,0.9862665614325195,0.7991712941792022,0.18970050751955703,1.0,0.19004080438034932,nan,0.9861202344838198,nan,,0.03772118514710107,0.03824644028518244,378,390,768,49.643985900009284,1446a7823f183c4df6808b4d6d7454f9f46bb76e7c8ddfa13ae7101dc7bd20f7,86e534278229f3d383a059f8024f7e279d692123ce14bfd9cfd1cec99d971b2f,7c5541f7179274812459f392c2bf952151a025fcb17daeab358917ad24341ada,93187e7b9f7d36c2f4a9c6a47d75ad3e5e841aab1646886cd29aa1850db38cef,2c095a42e06130f13d2ae42470f38f739f4d4146211b72672ccc7781ee22e097,0.03195488721804511,0.5,0.036539956381718315,0.9686852690132527,0.8368848311819833,0.034199312535058334,0.9066340943873181,0.8473113828966887,0.03476747589070402,0.9216962763794803,0.8223424542719573,
tinystories,2,1024,1024,1024,0.2,2,50257,128,1596,1.0,0.9862665614325195,0.8022159659958676,0.18661343964589494,1.0,0.18636675591442864,nan,0.9861202344838198,nan,,0.0387798216526825,0.03931981795708058,386,372,768,49.87712900000042,1446a7823f183c4df6808b4d6d7454f9f46bb76e7c8ddfa13ae7101dc7bd20f7,86e534278229f3d383a059f8024f7e279d692123ce14bfd9cfd1cec99d971b2f,76ac27f45829b9f47517738965d171807e41b06ec224aaedaa382c1be592092b,b25c03e9d8d07ca5ef6490ff75a55b1c5f8bf90bb9c7720addf9e280c6a816ba,2c095a42e06130f13d2ae42470f38f739f4d4146211b72672ccc7781ee22e097,0.03195488721804511,0.5,0.036539956381718315,0.9422414757080441,0.8341695327797669,0.034199312535058334,0.8818842139438432,0.8335519675991778,0.03476747589070402,0.8965352188075125,0.8215742228845239,
tinystories,1,1024,1024,1024,0.5,2,50257,128,4124,1.0,0.9862123735617214,0.8514810463097522,0.13661492277305842,1.0,0.13372998159415728,nan,0.9862671115242838,nan,,0.027713336026615798,0.028100779071072342,378,390,768,71.3729990000138,7a887ffd531746ca6b6e24f9a0ba932eb5c782661d4de8ede0e4cd7f5e23768f,86e534278229f3d383a059f8024f7e279d692123ce14bfd9cfd1cec99d971b2f,7c5541f7179274812459f392c2bf952151a025fcb17daeab358917ad24341ada,93187e7b9f7d36c2f4a9c6a47d75ad3e5e841aab1646886cd29aa1850db38cef,2c095a42e06130f13d2ae42470f38f739f4d4146211b72672ccc7781ee22e097,0.038069835111542195,0.5,0.02668111664144083,0.9627536943158475,0.8897923629479808,0.02517165116895175,0.9082865788794601,0.8768670544566256,0.026202011256202876,0.9454657941952044,0.8857215445765434,
tinystories,2,1024,1024,1024,0.5,2,50257,128,4124,1.0,0.9862123735617214,0.8512521752642048,0.136846993523419,1.0,0.13387267328880514,nan,0.9862671115242838,nan,,0.02923418998184096,0.02964289514667234,386,372,768,71.73524730000645,7a887ffd531746ca6b6e24f9a0ba932eb5c782661d4de8ede0e4cd7f5e23768f,86e534278229f3d383a059f8024f7e279d692123ce14bfd9cfd1cec99d971b2f,76ac27f45829b9f47517738965d171807e41b06ec224aaedaa382c1be592092b,b25c03e9d8d07ca5ef6490ff75a55b1c5f8bf90bb9c7720addf9e280c6a816ba,2c095a42e06130f13d2ae42470f38f739f4d4146211b72672ccc7781ee22e097,0.038069835111542195,0.5,0.02668111664144083,0.9126682373622805,0.8805374942969738,0.02517165116895175,0.8610346715468195,0.8805991726057547,0.026202011256202876,0.8962797078516098,0.8845230968826737,
tinystories,1,1024,1024,1024,0.8,2,50257,128,6578,1.0,0.9857097555512171,0.9206188904062887,0.0660345144991783,1.0,0.06484743805264526,nan,0.9856988084849957,nan,,0.013316554377575118,0.013509610006982625,378,390,768,86.59943210001802,4c27baf23826b32bc5612da858ee8095efa008be240b56738a9b3fe8d0e6553e,86e534278229f3d383a059f8024f7e279d692123ce14bfd9cfd1cec99d971b2f,7c5541f7179274812459f392c2bf952151a025fcb17daeab358917ad24341ada,93187e7b9f7d36c2f4a9c6a47d75ad3e5e841aab1646886cd29aa1850db38cef,2c095a42e06130f13d2ae42470f38f739f4d4146211b72672ccc7781ee22e097,0.038461538461538464,0.5,0.012452355426554696,0.9351034113992941,0.9026423114498675,0.011734075299973359,0.8811645240403455,0.9061807049367744,0.012291025642463756,0.9229884318395202,0.9033070132027939,
tinystories,2,1024,1024,1024,0.8,2,50257,128,6578,1.0,0.9857097555512171,0.9205634170310288,0.0660907920950401,1.0,0.06487759257735415,nan,0.9856988084849957,nan,,0.013880964593418267,0.014082202712558035,386,372,768,86.86839450002299,4c27baf23826b32bc5612da858ee8095efa008be240b56738a9b3fe8d0e6553e,86e534278229f3d383a059f8024f7e279d692123ce14bfd9cfd1cec99d971b2f,76ac27f45829b9f47517738965d171807e41b06ec224aaedaa382c1be592092b,b25c03e9d8d07ca5ef6490ff75a55b1c5f8bf90bb9c7720addf9e280c6a816ba,2c095a42e06130f13d2ae42470f38f739f4d4146211b72672ccc7781ee22e097,0.038461538461538464,0.5,0.012452355426554696,0.8970814198646574,0.8748582974990968,0.011734075299973359,0.8453357272834723,0.8662025157895338,0.012291025642463756,0.8854590442721546,0.8620734388561021,
tinystories,1,2048,2048,2048,0.2,2,50257,128,1720,1.0,0.9846572221139058,0.77797767677834,0.2098999943268146,1.0,0.20403288834888378,nan,0.9849934671731585,nan,,0.03027581178792264,0.030747564845891428,760,752,768,106.83000960000209,2f06a146e091eb998f6e40f4e2ec9a38108a3dabb908d87c3a6df1ca507a29e7,86e534278229f3d383a059f8024f7e279d692123ce14bfd9cfd1cec99d971b2f,98b0627a4fb41d0295b94ee7f9ff601e9d92e16336e27f6afbd5037521d6dbd1,1e938b69b49c2bcc777d30da3a0918eff1176b1d356e4a17fc6b497f118bb2fe,2c095a42e06130f13d2ae42470f38f739f4d4146211b72672ccc7781ee22e097,0.04011627906976744,0.5,0.025278154264683498,0.8349290331751645,0.7555729644474394,0.02396015351306531,0.7913959064385281,0.7652764518712823,0.02463203185661513,0.8135878248008241,0.7492553666269273,
tinystories,2,2048,2048,2048,0.2,2,50257,128,1720,1.0,0.9846572221139058,0.778514312625874,0.20935499670177105,1.0,0.20351159870993962,nan,0.9849934671731585,nan,,0.029886204005916392,0.030351886255153202,790,736,768,107.25079720001668,2f06a146e091eb998f6e40f4e2ec9a38108a3dabb908d87c3a6df1ca507a29e7,86e534278229f3d383a059f8024f7e279d692123ce14bfd9cfd1cec99d971b2f,37732026e18de89f5648a960bc1c204a7769364640c5ee61daab6173fec8f88c,0550e108b578206f7866120b88066908e5204d67d4cdcabf5d41f21869725d71,2c095a42e06130f13d2ae42470f38f739f4d4146211b72672ccc7781ee22e097,0.04011627906976744,0.5,0.025278154264683498,0.8458134816880503,0.7398736378891674,0.02396015351306531,0.8017128407582998,0.7669068703332075,0.02463203185661513,0.8241940613046367,0.7375994983940994,
tinystories,1,2048,2048,2048,0.5,2,50257,128,4091,1.0,0.9860956248206487,0.8393886347445167,0.148775622143963,1.0,0.14562837316075627,nan,0.9862664584470068,nan,,0.021408766644370518,0.021710639521663376,760,752,768,134.10709660002613,73e0295476c864e87cb494fb7a80ef52ff25e38f9a8e8fcb180264a21c9bf572,86e534278229f3d383a059f8024f7e279d692123ce14bfd9cfd1cec99d971b2f,98b0627a4fb41d0295b94ee7f9ff601e9d92e16336e27f6afbd5037521d6dbd1,1e938b69b49c2bcc777d30da3a0918eff1176b1d356e4a17fc6b497f118bb2fe,2c095a42e06130f13d2ae42470f38f739f4d4146211b72672ccc7781ee22e097,0.041554632119286235,0.5,0.019170357083316377,0.8954442542983794,0.7941532807466328,0.01768857429038483,0.8262304215939539,0.7917965322493389,0.018496876814257594,0.8639861007182956,0.7940521419143997,
tinystories,2,2048,2048,2048,0.5,2,50257,128,4091,1.0,0.9860956248206487,0.8394094734383664,0.1487544896155093,1.0,0.1457754063045178,nan,0.9862664584470068,nan,,0.021390587037525364,0.021692203574491965,790,736,768,134.67149200002314,73e0295476c864e87cb494fb7a80ef52ff25e38f9a8e8fcb180264a21c9bf572,86e534278229f3d383a059f8024f7e279d692123ce14bfd9cfd1cec99d971b2f,37732026e18de89f5648a960bc1c204a7769364640c5ee61daab6173fec8f88c,0550e108b578206f7866120b88066908e5204d67d4cdcabf5d41f21869725d71,2c095a42e06130f13d2ae42470f38f739f4d4146211b72672ccc7781ee22e097,0.041554632119286235,0.5,0.019170357083316377,0.8962052817758553,0.8248214519925291,0.01768857429038483,0.8269326250539025,0.8417180301028054,0.018496876814257594,0.864720392283234,0.8295295205107963,
tinystories,1,2048,2048,2048,0.8,2,50257,128,6536,1.0,0.9859815149116212,0.9181476415442056,0.06879832161305377,1.0,0.06748660248167615,nan,0.9859984336909485,nan,,0.011679962894999,0.011846026237161189,760,752,768,155.147088000027,a4e51f0eec2ad913d1db55da68962d3b484296159b9169e4ace3f0036f449de1,86e534278229f3d383a059f8024f7e279d692123ce14bfd9cfd1cec99d971b2f,98b0627a4fb41d0295b94ee7f9ff601e9d92e16336e27f6afbd5037521d6dbd1,1e938b69b49c2bcc777d30da3a0918eff1176b1d356e4a17fc6b497f118bb2fe,2c095a42e06130f13d2ae42470f38f739f4d4146211b72672ccc7781ee22e097,0.0377906976744186,0.5,0.010174900589795914,0.8711415165670169,0.89919618101124,0.00950914213196661,0.8141414675245355,0.9127903163718778,0.010003006746935083,0.8564245312130282,0.9037419610761782,
tinystories,2,2048,2048,2048,0.8,2,50257,128,6536,1.0,0.9859815149116212,0.9173593418880387,0.069597829153758,1.0,0.06830333583442783,nan,0.9859984336909485,nan,,0.011695980294149422,0.011862271368442232,790,736,768,155.56012920002104,a4e51f0eec2ad913d1db55da68962d3b484296159b9169e4ace3f0036f449de1,86e534278229f3d383a059f8024f7e279d692123ce14bfd9cfd1cec99d971b2f,37732026e18de89f5648a960bc1c204a7769364640c5ee61daab6173fec8f88c,0550e108b578206f7866120b88066908e5204d67d4cdcabf5d41f21869725d71,2c095a42e06130f13d2ae42470f38f739f4d4146211b72672ccc7781ee22e097,0.0377906976744186,0.5,0.010174900589795914,0.8699485065724346,0.8733315623741098,0.00950914213196661,0.8130265178989131,0.89487806862059,0.010003006746935083,0.855251675820521,0.8691255911933861,
wikitext,1,512,512,512,0.2,2,50257,128,1642,1.0,0.9912047499104664,0.9227998560371843,0.06901187053377311,1.0,0.07067150118939858,nan,0.9910674325794439,nan,,0.046671809924646084,0.04708594256520851,231,228,895,169.37637450001785,dae9160114afcb8fe663b195a8df78c62a5b1152ab1207222e1a70f3eea9e3aa,67405ba0784e8cd911169d1b1b5904e10d603eb21412fe25b4b5f212086b7adb,cb5075cb7713987dabdeb5306da9bf7eb71faa7151c264e291ae64fc3c58e231,376ce1ed63e25240282e6e206e1c9e1a3baa426bea0b26d3a5bdeda71853cd15,fdd480ba0e129b24645548388cf2c7ba1ea0c08e4e932c0600aac9f7f94955ff,0.1023142509135201,0.5,0.04413947046442382,0.9457415629625067,0.693512287598632,0.0415984834937352,0.8912978425498814,0.6968788776744869,0.04245799446415863,0.909713905089799,0.7224212326893922,
wikitext,2,512,512,512,0.2,2,50257,128,1642,1.0,0.9912047499104664,0.9251352417407755,0.06665576226875303,1.0,0.06783461680352365,nan,0.9910674325794439,nan,,0.04715569697459615,0.04757412328669292,237,214,895,169.5662766000023,dae9160114afcb8fe663b195a8df78c62a5b1152ab1207222e1a70f3eea9e3aa,67405ba0784e8cd911169d1b1b5904e10d603eb21412fe25b4b5f212086b7adb,70d3f5a01aec5b2a5d18f7ce79ab631685797a89d0e19bee9ccf2d8c40f0570d,04bcd3995aa5a77ef400e373bc0ad17eef2fcce7d3058fcba6cff410a3511685,fdd480ba0e129b24645548388cf2c7ba1ea0c08e4e932c0600aac9f7f94955ff,0.1023142509135201,0.5,0.04413947046442382,0.936036858668482,0.833275818103801,0.0415984834937352,0.8821518111829679,0.8323655084458326,0.04245799446415863,0.9003788977402183,0.8480309981255306,
wikitext,1,512,512,512,0.5,2,50257,128,4066,1.0,0.991263052706402,0.944252085039329,0.04742532018995471,1.0,0.04735702647565798,nan,0.9912268507313063,nan,,0.034107382089179045,0.03440800299784921,231,228,895,188.62604400000419,1b3511b50f582caedf72373326dfd6e8b1f2e0aee9285508f56c5443bc7145d7,67405ba0784e8cd911169d1b1b5904e10d603eb21412fe25b4b5f212086b7adb,cb5075cb7713987dabdeb5306da9bf7eb71faa7151c264e291ae64fc3c58e231,376ce1ed63e25240282e6e206e1c9e1a3baa426bea0b26d3a5bdeda71853cd15,fdd480ba0e129b24645548388cf2c7ba1ea0c08e4e932c0600aac9f7f94955ff,0.10969011313330054,0.5,0.030785061731180872,0.9025923376554832,0.7774914168839785,0.029359696400733406,0.8608018148085339,0.7545085317182555,0.030118486073248234,0.8830488952361919,0.7777536608674988,
wikitext,2,512,512,512,0.5,2,50257,128,4066,1.0,0.991263052706402,0.9448662608407443,0.046805731071063894,1.0,0.04671056574575638,nan,0.9912268507313063,nan,,0.03269139352150699,0.032979533971584145,237,214,895,188.89763380002114,1b3511b50f582caedf72373326dfd6e8b1f2e0aee9285508f56c5443bc7145d7,67405ba0784e8cd911169d1b1b5904e10d603eb21412fe25b4b5f212086b7adb,70d3f5a01aec5b2a5d18f7ce79ab631685797a89d0e19bee9ccf2d8c40f0570d,04bcd3995aa5a77ef400e373bc0ad17eef2fcce7d3058fcba6cff410a3511685,fdd480ba0e129b24645548388cf2c7ba1ea0c08e4e932c0600aac9f7f94955ff,0.10969011313330054,0.5,0.030785061731180872,0.9416870440511512,0.8629331301577429,0.029359696400733406,0.8980864147445495,0.8370708097931545,0.030118486073248234,0.921297100823613,0.8559757857289376,
wikitext,1,512,512,512,0.8,2,50257,128,6557,1.0,0.9912913623498487,0.9681825662037029,0.023311810254622367,1.0,0.02287087942237842,nan,0.9913001336529987,nan,,0.014859385645714148,0.014989927492649675,231,228,895,202.8140596000012,e619977f4d79c25cd23a9e648d38d45bca0f286ee3148a9b84e05afc768c3968,67405ba0784e8cd911169d1b1b5904e10d603eb21412fe25b4b5f212086b7adb,cb5075cb7713987dabdeb5306da9bf7eb71faa7151c264e291ae64fc3c58e231,376ce1ed63e25240282e6e206e1c9e1a3baa426bea0b26d3a5bdeda71853cd15,fdd480ba0e129b24645548388cf2c7ba1ea0c08e4e932c0600aac9f7f94955ff,0.10706115601647094,0.5,0.013332947300855009,0.8972744646882891,0.8233551562502098,0.012790201559328782,0.8607490150858171,0.8139549384361237,0.013416915897702497,0.9029253441290355,0.8186845571109749,
wikitext,2,512,512,512,0.8,2,50257,128,6557,1.0,0.9912913623498487,0.9684317346126698,0.023060452865230507,1.0,0.022599650875938626,nan,0.9913001336529987,nan,,0.015061171693836917,0.015193486260320601,237,214,895,203.0974464000028,e619977f4d79c25cd23a9e648d38d45bca0f286ee3148a9b84e05afc768c3968,67405ba0784e8cd911169d1b1b5904e10d603eb21412fe25b4b5f212086b7adb,70d3f5a01aec5b2a5d18f7ce79ab631685797a89d0e19bee9ccf2d8c40f0570d,04bcd3995aa5a77ef400e373bc0ad17eef2fcce7d3058fcba6cff410a3511685,fdd480ba0e129b24645548388cf2c7ba1ea0c08e4e932c0600aac9f7f94955ff,0.10706115601647094,0.5,0.013332947300855009,0.8852529917251323,0.8634141096881159,0.012790201559328782,0.8492169015351293,0.8467304601129753,0.013416915897702497,0.8908281620076575,0.8532638025132825,
wikitext,1,1024,1024,1024,0.2,2,50257,128,1595,1.0,0.9920473248868533,0.9180104065301711,0.07463042991938562,1.0,0.07443266299004359,nan,0.9918922404946892,nan,,0.04999402896017259,0.05039480245146026,475,452,895,225.09628970001359,a186fbf40d74e7cd6ecf5605c57d90f005f0e7345c71c39b9c9a91c5ac44b7de,67405ba0784e8cd911169d1b1b5904e10d603eb21412fe25b4b5f212086b7adb,d343b065122b8050534cbc0b426cb2fa9b9afa0a4acc3795e58ca8e8654a16da,7fc83550d0c979b3cc575ccda42ad09281f5e69db57cfcb7cdd1a40f41049835,fdd480ba0e129b24645548388cf2c7ba1ea0c08e4e932c0600aac9f7f94955ff,0.109717868338558,0.5,0.04202971333148112,0.8406946630559383,0.6824029306668121,0.03956188876253805,0.7913322767815886,0.683432541956854,0.04058686852712496,0.8118343204437117,0.6767739440688757,
wikitext,2,1024,1024,1024,0.2,2,50257,128,1595,1.0,0.9920473248868533,0.9173331281983603,0.07531313760360614,1.0,0.07491908366412636,nan,0.9918922404946892,nan,,0.048756190622772755,0.04914704107320039,460,446,895,225.47310339999967,a186fbf40d74e7cd6ecf5605c57d90f005f0e7345c71c39b9c9a91c5ac44b7de,67405ba0784e8cd911169d1b1b5904e10d603eb21412fe25b4b5f212086b7adb,b1aabbe77b691f992a0fef033e78b643f3f4b3b8465e4d3d9f9c90a4d57b19ea,c6eaf4cc515ac714ab78b17a865d0c716be64d12f15c17934d4ddd125806bc2a,fdd480ba0e129b24645548388cf2c7ba1ea0c08e4e932c0600aac9f7f94955ff,0.109717868338558,0.5,0.04202971333148112,0.8620384979758883,0.7831155755430075,0.03956188876253805,0.8114228830678932,0.7406984988547594,0.04058686852712496,0.832445439413962,0.7581803594526308,
wikitext,1,1024,1024,1024,0.5,2,50257,128,4069,1.0,0.9909414021036711,0.9374160281200662,0.054014671170238504,1.0,0.05356561919040348,nan,0.9909846299850228,nan,,0.03520857431756687,0.035530430197812435,475,452,895,258.20340220001526,09f74a545dac2c347f26d487df95dcf6640d6aebc56a884b564f307b56197666,67405ba0784e8cd911169d1b1b5904e10d603eb21412fe25b4b5f212086b7adb,d343b065122b8050534cbc0b426cb2fa9b9afa0a4acc3795e58ca8e8654a16da,7fc83550d0c979b3cc575ccda42ad09281f5e69db57cfcb7cdd1a40f41049835,fdd480ba0e129b24645548388cf2c7ba1ea0c08e4e932c0600aac9f7f94955ff,0.10616859179159499,0.5,0.030331167068680165,0.8614710381370602,0.7696172376725089,0.028893831470568565,0.8206475845899945,0.7608667335475889,0.02961764618922062,0.8412054950615616,0.7786044041765184,
wikitext,2,1024,1024,1024,0.5,2,50257,128,4069,1.0,0.9909414021036711,0.937778715381178,0.053648668437542346,1.0,0.05315528960823401,nan,0.9909846299850228,nan,,0.03497238585001025,0.03529208263552953,460,446,895,258.763008000009,09f74a545dac2c347f26d487df95dcf6640d6aebc56a884b564f307b56197666,67405ba0784e8cd911169d1b1b5904e10d603eb21412fe25b4b5f212086b7adb,b1aabbe77b691f992a0fef033e78b643f3f4b3b8465e4d3d9f9c90a4d57b19ea,c6eaf4cc515ac714ab78b17a865d0c716be64d12f15c17934d4ddd125806bc2a,fdd480ba0e129b24645548388cf2c7ba1ea0c08e4e932c0600aac9f7f94955ff,0.10616859179159499,0.5,0.030331167068680165,0.8672890433831032,0.8064295724449358,0.028893831470568565,0.8261898857712647,0.8151202116558962,0.02961764618922062,0.8468866355371044,0.8214511354673167,
wikitext,1,1024,1024,1024,0.8,2,50257,128,6556,1.0,0.9913436412486909,0.9683502544937554,0.023194163757355724,1.0,0.022690696281144507,nan,0.9913428159455531,nan,,0.01530535621873351,0.01543900175670161,475,452,895,282.4313550000079,581cd68087ad644a9f7589a2c51b754d2d60c980b25b3f8e694927d639a23454,67405ba0784e8cd911169d1b1b5904e10d603eb21412fe25b4b5f212086b7adb,d343b065122b8050534cbc0b426cb2fa9b9afa0a4acc3795e58ca8e8654a16da,7fc83550d0c979b3cc575ccda42ad09281f5e69db57cfcb7cdd1a40f41049835,fdd480ba0e129b24645548388cf2c7ba1ea0c08e4e932c0600aac9f7f94955ff,0.10387431360585724,0.5,0.012900947887994639,0.8429041247798,0.8729764606918895,0.01231025676454272,0.8043103726965312,0.8630862340410551,0.012829509915419044,0.8382366102473283,0.863764319616588,
wikitext,2,1024,1024,1024,0.8,2,50257,128,6556,1.0,0.9913436412486909,0.9683594953306771,0.023184842229948766,1.0,0.0228078692369984,nan,0.9913428159455531,nan,,0.015013467596716517,0.015144564379114428,460,446,895,282.8071817000164,581cd68087ad644a9f7589a2c51b754d2d60c980b25b3f8e694927d639a23454,67405ba0784e8cd911169d1b1b5904e10d603eb21412fe25b4b5f212086b7adb,b1aabbe77b691f992a0fef033e78b643f3f4b3b8465e4d3d9f9c90a4d57b19ea,c6eaf4cc515ac714ab78b17a865d0c716be64d12f15c17934d4ddd125806bc2a,fdd480ba0e129b24645548388cf2c7ba1ea0c08e4e932c0600aac9f7f94955ff,0.10387431360585724,0.5,0.012900947887994639,0.8592916862734701,0.8205814045838954,0.01231025676454272,0.8199476027267014,0.8203720908611193,0.012829509915419044,0.8545334269229641,0.8230584535659138,
wikitext,1,2048,2048,2048,0.2,2,50257,128,1708,1.0,0.9917608960054821,0.9069871955656897,0.08547796226009274,1.0,0.0848249520924711,nan,0.9915007474644605,nan,,0.046692299427907924,0.04708019807593808,921,895,895,313.75604290000047,3a8da7519b587d4826559b523fbca3084590da5a4afc50f852c9887607fbb16b,67405ba0784e8cd911169d1b1b5904e10d603eb21412fe25b4b5f212086b7adb,18e1157213355e492be1eba5fac44b25b7dcca16464978e20fc33e1f539d59c5,1acb0c7fe6c9dd13bb5f666b61f0ff4b6d16766cffe8ff9f9f65332421223275,fdd480ba0e129b24645548388cf2c7ba1ea0c08e4e932c0600aac9f7f94955ff,0.09718969555035128,0.5,0.03615189015558842,0.7742580810655147,0.6539698676476734,0.03436929383369372,0.7360805583532954,0.6155567410450528,0.03524156661007296,0.7547618567058431,0.6205206272843683,
wikitext,2,2048,2048,2048,0.2,2,50257,128,1708,1.0,0.9917608960054821,0.9088960588363089,0.08355324101094141,1.0,0.08201231693618083,nan,0.9915007474644605,nan,,0.04529677397861379,0.045673079228124164,914,904,895,314.54773410002235,3a8da7519b587d4826559b523fbca3084590da5a4afc50f852c9887607fbb16b,67405ba0784e8cd911169d1b1b5904e10d603eb21412fe25b4b5f212086b7adb,7843ca2da16f0f38148ce756ffb46ac7a9943a16f83985d2414dd8e4941e4edb,f4780566cb683d3a66adf6f99fa4a60d598d4206110ffb53bb42999e724fd1a3,fdd480ba0e129b24645548388cf2c7ba1ea0c08e4e932c0600aac9f7f94955ff,0.09718969555035128,0.5,0.03615189015558842,0.7981118075352786,0.7478645455951837,0.03436929383369372,0.7587580927931132,0.7149577267415292,0.03524156661007296,0.7780149338385941,0.7257718679776769,
wikitext,1,2048,2048,2048,0.5,2,50257,128,4086,1.0,0.9914543356446349,0.9263718881738434,0.06564341405444096,1.0,0.06460162489407073,nan,0.9915271260655057,nan,,0.03179354563016608,0.03206758444350762,921,895,895,357.9985478000017,130ba9417e561f54d5c1f2e656c3a7164b5ad722d479dfa7fd7f370765208c3f,67405ba0784e8cd911169d1b1b5904e10d603eb21412fe25b4b5f212086b7adb,18e1157213355e492be1eba5fac44b25b7dcca16464978e20fc33e1f539d59c5,1acb0c7fe6c9dd13bb5f666b61f0ff4b6d16766cffe8ff9f9f65332421223275,fdd480ba0e129b24645548388cf2c7ba1ea0c08e4e932c0600aac9f7f94955ff,0.10327949094468918,0.5,0.025299974950642002,0.7957582096989239,0.777211112986653,0.024244568258750546,0.7625625823798344,0.7543583569730328,0.024887441316458366,0.7827828203232822,0.7689681627451139,
wikitext,2,2048,2048,2048,0.5,2,50257,128,4086,1.0,0.9914543356446349,0.9265000906607095,0.06551410654903511,1.0,0.06468557051411628,nan,0.9915271260655057,nan,,0.031202027723313704,0.03147096805323507,914,904,895,358.86649220000254,130ba9417e561f54d5c1f2e656c3a7164b5ad722d479dfa7fd7f370765208c3f,67405ba0784e8cd911169d1b1b5904e10d603eb21412fe25b4b5f212086b7adb,7843ca2da16f0f38148ce756ffb46ac7a9943a16f83985d2414dd8e4941e4edb,f4780566cb683d3a66adf6f99fa4a60d598d4206110ffb53bb42999e724fd1a3,fdd480ba0e129b24645548388cf2c7ba1ea0c08e4e932c0600aac9f7f94955ff,0.10327949094468918,0.5,0.025299974950642002,0.8108439353682846,0.7658177534022674,0.024244568258750546,0.7770189961287469,0.7292532057463087,0.024887441316458366,0.7976225627753939,0.7433341555278493,
wikitext,1,2048,2048,2048,0.8,2,50257,128,6602,1.0,0.9914254293112017,0.9641301597560716,0.02753133896726212,1.0,0.027135180225543953,nan,0.9914312283290934,nan,,0.013811095010989838,0.01393054344045338,921,895,895,385.0481601000065,fb9f7b4e172408a5e691d7c620e4190283b81e25248c02bb8127438b10bfccfd,67405ba0784e8cd911169d1b1b5904e10d603eb21412fe25b4b5f212086b7adb,18e1157213355e492be1eba5fac44b25b7dcca16464978e20fc33e1f539d59c5,1acb0c7fe6c9dd13bb5f666b61f0ff4b6d16766cffe8ff9f9f65332421223275,fdd480ba0e129b24645548388cf2c7ba1ea0c08e4e932c0600aac9f7f94955ff,0.10315056043623144,0.5,0.01099617876137618,0.7961844265517138,0.8751527657673999,0.010567057799305116,0.765113685113066,0.8641268543295817,0.010981863914563466,0.7951479521229069,0.8859624695198167,
wikitext,2,2048,2048,2048,0.8,2,50257,128,6602,1.0,0.9914254293112017,0.9647204313456463,0.026935962278180403,1.0,0.02653751823902395,nan,0.9914312283290934,nan,,0.013430076452112805,0.013546229554998832,914,904,895,385.63397100000293,fb9f7b4e172408a5e691d7c620e4190283b81e25248c02bb8127438b10bfccfd,67405ba0784e8cd911169d1b1b5904e10d603eb21412fe25b4b5f212086b7adb,7843ca2da16f0f38148ce756ffb46ac7a9943a16f83985d2414dd8e4941e4edb,f4780566cb683d3a66adf6f99fa4a60d598d4206110ffb53bb42999e724fd1a3,fdd480ba0e129b24645548388cf2c7ba1ea0c08e4e932c0600aac9f7f94955ff,0.10315056043623144,0.5,0.01099617876137618,0.8187726109069374,0.8169319174761784,0.010567057799305116,0.7868203756682799,0.81109083475196,0.010981863914563466,0.8177067311359804,0.8177040448770445,
cnn_dailymail,1,512,512,512,0.2,2,50257,128,1606,1.0,0.991493533782001,0.9416489061128966,0.05027226701012821,1.0,0.05107295991197347,nan,0.9915923176828647,nan,,0.04177827752857066,0.04213671204612861,256,257,1025,398.485407900007,f6ca39ac5f0a9281ffa8b78fd4a77c56f9189dbc84b52ca3d1aaa8fb55674db2,f0696ab390e98175d24ed9bed71d3dba84eb771f49ebade0eebf768a99ca526c,86f1c882d2d54045d7e5bbd6f371d754de543c02a4b9abd5a753566ae1f82fb6,aac0997b65846ceed1c835fe8ca499ddf5fa20cc5943ddc69159b195a19119b0,da23ba1f66ded777eb36fe76f87edbad226eb13fc300269441c4c63acbd524a9,0.10149439601494396,0.5,0.03850178425512106,0.9215742374441137,0.8461730962619177,0.03793747615560502,0.9080670242965604,0.8365563611060515,0.03825587371160561,0.915688151227484,0.8406990085595968,
cnn_dailymail,2,512,512,512,0.2,2,50257,128,1606,1.0,0.991493533782001,0.9411109357781393,0.05081485283285703,1.0,0.05140387820330372,nan,0.9915923176828647,nan,,0.04122439851098427,0.04157808105286973,256,256,1025,398.69328010000754,f6ca39ac5f0a9281ffa8b78fd4a77c56f9189dbc84b52ca3d1aaa8fb55674db2,f0696ab390e98175d24ed9bed71d3dba84eb771f49ebade0eebf768a99ca526c,e185838c844453aeba157bbae44e4eb2bb4bbc9bfb569c0f8ba43c81e164cbaa,4daf28240bf10ce2909aa8686111956561828ace400c300ea530978a8a660ef4,da23ba1f66ded777eb36fe76f87edbad226eb13fc300269441c4c63acbd524a9,0.10149439601494396,0.5,0.03850178425512106,0.9339562406195504,0.8787945965583055,0.03793747615560502,0.9202675484882223,0.8816291346696656,0.03825587371160561,0.9279910706620087,0.8870271837953965,
cnn_dailymail,1,512,512,512,0.5,2,50257,128,4115,1.0,0.9921203196617117,0.9591104286180199,0.033272064274368796,1.0,0.032585639121137544,nan,0.9921203475104261,nan,,0.02801421496175202,0.028236711219969943,256,257,1025,415.85717339999974,cd40fda3a7d7a595a99003ac7203bb40cb9e91aaea8c5dcced0a48e05eebb3d7,f0696ab390e98175d24ed9bed71d3dba84eb771f49ebade0eebf768a99ca526c,86f1c882d2d54045d7e5bbd6f371d754de543c02a4b9abd5a753566ae1f82fb6,aac0997b65846ceed1c835fe8ca499ddf5fa20cc5943ddc69159b195a19119b0,da23ba1f66ded777eb36fe76f87edbad226eb13fc300269441c4c63acbd524a9,0.08869987849331713,0.5,0.02600171874052461,0.9281616056714391,0.8377515164377253,0.025639061075648457,0.9152161183404077,0.8239866138539695,0.025626295237603736,0.9147604268972546,0.808786093653962,
cnn_dailymail,2,512,512,512,0.5,2,50257,128,4115,1.0,0.9921203196617117,0.9593085433299348,0.03307237608334124,1.0,0.032356340079448764,nan,0.9921203475104261,nan,,0.02739294514535768,0.02761050711540511,256,256,1025,416.10870090001845,cd40fda3a7d7a595a99003ac7203bb40cb9e91aaea8c5dcced0a48e05eebb3d7,f0696ab390e98175d24ed9bed71d3dba84eb771f49ebade0eebf768a99ca526c,e185838c844453aeba157bbae44e4eb2bb4bbc9bfb569c0f8ba43c81e164cbaa,4daf28240bf10ce2909aa8686111956561828ace400c300ea530978a8a660ef4,da23ba1f66ded777eb36fe76f87edbad226eb13fc300269441c4c63acbd524a9,0.08869987849331713,0.5,0.02600171874052461,0.9492122370394758,0.8754895571856319,0.025639061075648457,0.9359731470857761,0.8778723269313906,0.025626295237603736,0.9355071205969491,0.8806160681844241,
cnn_dailymail,1,512,512,512,0.8,2,50257,128,6572,1.0,0.9921537154016777,0.9794533489165254,0.012800805246201752,1.0,0.012706243384181026,nan,0.9921752546915696,nan,,0.011274556788188802,0.011363719767580821,256,257,1025,428.4298101000022,a975491e0fe4ca333defd2d25b5b4d01f3f3cc671dbcf147f898b1976517de0a,f0696ab390e98175d24ed9bed71d3dba84eb771f49ebade0eebf768a99ca526c,86f1c882d2d54045d7e5bbd6f371d754de543c02a4b9abd5a753566ae1f82fb6,aac0997b65846ceed1c835fe8ca499ddf5fa20cc5943ddc69159b195a19119b0,da23ba1f66ded777eb36fe76f87edbad226eb13fc300269441c4c63acbd524a9,0.09449178332318929,0.5,0.010618685427006783,0.9418273043008566,0.9129258121364616,0.010495149702395467,0.9308702683009376,0.9126641968132884,0.010480529117747783,0.9295734914145058,0.908648228226138,
cnn_dailymail,2,512,512,512,0.8,2,50257,128,6572,1.0,0.9921537154016777,0.9789594765436073,0.013298583327613467,1.0,0.013206617078089566,nan,0.9921752546915696,nan,,0.011338811526499484,0.011428482653929201,256,256,1025,428.6288191000058,a975491e0fe4ca333defd2d25b5b4d01f3f3cc671dbcf147f898b1976517de0a,f0696ab390e98175d24ed9bed71d3dba84eb771f49ebade0eebf768a99ca526c,e185838c844453aeba157bbae44e4eb2bb4bbc9bfb569c0f8ba43c81e164cbaa,4daf28240bf10ce2909aa8686111956561828ace400c300ea530978a8a660ef4,da23ba1f66ded777eb36fe76f87edbad226eb13fc300269441c4c63acbd524a9,0.09449178332318929,0.5,0.010618685427006783,0.9364901605596211,0.9400972360646342,0.010495149702395467,0.9255952158537667,0.9378059896695402,0.010480529117747783,0.9243057875381522,0.9350665566435883,
cnn_dailymail,1,1024,1024,1024,0.2,2,50257,128,1682,1.0,0.9917524414239078,0.9309052114810072,0.061353244420088604,1.0,0.061932779474518584,nan,0.9916801314378538,nan,,0.03941656333638591,0.039744357250881684,512,513,1025,445.3504386000277,c7978b4d3daec77780082ec1b0bd66537d73f865af894a1d188588ab1f8be3c1,f0696ab390e98175d24ed9bed71d3dba84eb771f49ebade0eebf768a99ca526c,d3d324380abfad44ca5c19bb028d9b64b88611f09ed15ea57d6e77a4f8184bfa,666ae2dadadc9578adc970c6c569039f9d6f92d472a71ad4baf5782c7db16b3e,da23ba1f66ded777eb36fe76f87edbad226eb13fc300269441c4c63acbd524a9,0.09274673008323424,0.5,0.03588751675297468,0.9104679280815554,0.8370900608167184,0.03574405018954921,0.9068281748590051,0.8341313095515269,0.03524700953459284,0.8942182308942164,0.8343273689357015,
cnn_dailymail,2,1024,1024,1024,0.2,2,50257,128,1682,1.0,0.9917524414239078,0.9295269476147074,0.06274297013059049,1.0,0.06252532265209176,nan,0.9916801314378538,nan,,0.03961670151209368,0.03994615980497515,513,513,1025,445.6643549000146,c7978b4d3daec77780082ec1b0bd66537d73f865af894a1d188588ab1f8be3c1,f0696ab390e98175d24ed9bed71d3dba84eb771f49ebade0eebf768a99ca526c,e0e2f3a9968d5a29c951c44672641a27178ecfcd9ae78bd0e2a62095c0d3b463,ac711e069156dc980bc5d0c24a6f3de6e9246725002ddcc612ceb691a5098c2f,da23ba1f66ded777eb36fe76f87edbad226eb13fc300269441c4c63acbd524a9,0.09274673008323424,0.5,0.03588751675297468,0.9058683682188785,0.7874216892867316,0.03574405018954921,0.9022470025334574,0.8035236972064638,0.03524700953459284,0.8897007622866604,0.8203739480643002,
cnn_dailymail,1,1024,1024,1024,0.5,2,50257,128,4041,1.0,0.9920311059005802,0.9501440542656419,0.04222352644568805,1.0,0.04129530662144787,nan,0.9919447532751301,nan,,0.026741558642764247,0.026956371109440033,512,513,1025,469.2429828000022,d229c3ee5075e1464376bb32f6cce5d9dfd072a168f0ed78137822992582dda6,f0696ab390e98175d24ed9bed71d3dba84eb771f49ebade0eebf768a99ca526c,d3d324380abfad44ca5c19bb028d9b64b88611f09ed15ea57d6e77a4f8184bfa,666ae2dadadc9578adc970c6c569039f9d6f92d472a71ad4baf5782c7db16b3e,da23ba1f66ded777eb36fe76f87edbad226eb13fc300269441c4c63acbd524a9,0.09774808215788171,0.5,0.02397042412933048,0.8963734855378902,0.9156326766031808,0.023670021518437875,0.8851399364801995,0.9003299006357112,0.02381400482076431,0.8905241889185066,0.8826054614484303,
cnn_dailymail,2,1024,1024,1024,0.5,2,50257,128,4041,1.0,0.9920311059005802,0.9488466933382034,0.04353130895343582,1.0,0.042545096177965314,nan,0.9919447532751301,nan,,0.026872720751420606,0.027088586831181226,513,513,1025,469.6830197000236,d229c3ee5075e1464376bb32f6cce5d9dfd072a168f0ed78137822992582dda6,f0696ab390e98175d24ed9bed71d3dba84eb771f49ebade0eebf768a99ca526c,e0e2f3a9968d5a29c951c44672641a27178ecfcd9ae78bd0e2a62095c0d3b463,ac711e069156dc980bc5d0c24a6f3de6e9246725002ddcc612ceb691a5098c2f,da23ba1f66ded777eb36fe76f87edbad226eb13fc300269441c4c63acbd524a9,0.09774808215788171,0.5,0.02397042412933048,0.8919984080161776,0.8943365684817413,0.023670021518437875,0.8808196883892592,0.9075286792217024,0.02381400482076431,0.8861776610209966,0.9084128828081863,
cnn_dailymail,1,1024,1024,1024,0.8,2,50257,128,6595,1.0,0.9918452916793017,0.9764807742839423,0.015490840682769735,1.0,0.015323508625975313,nan,0.9918305015220152,nan,,0.010771754380106743,0.010860317098313784,512,513,1025,504.0593316000013,cd7ccbae1607d1a8477bc18a0ee550103694406a0ac2c69b2eb45fa4e0528cce,f0696ab390e98175d24ed9bed71d3dba84eb771f49ebade0eebf768a99ca526c,d3d324380abfad44ca5c19bb028d9b64b88611f09ed15ea57d6e77a4f8184bfa,666ae2dadadc9578adc970c6c569039f9d6f92d472a71ad4baf5782c7db16b3e,da23ba1f66ded777eb36fe76f87edbad226eb13fc300269441c4c63acbd524a9,0.0929492039423806,0.5,0.009987961025581044,0.9272362396256262,0.9027088012247654,0.009944210017770575,0.9231745978292566,0.9075733600665649,0.009978165964173284,0.926326911296914,0.9116294366420572,
cnn_dailymail,2,1024,1024,1024,0.8,2,50257,128,6595,1.0,0.9918452916793017,0.9768572757303489,0.015111243733966329,1.0,0.014897004290048366,nan,0.9918305015220152,nan,,0.011065651518419024,0.011156630586695306,513,513,1025,504.86645830000634,cd7ccbae1607d1a8477bc18a0ee550103694406a0ac2c69b2eb45fa4e0528cce,f0696ab390e98175d24ed9bed71d3dba84eb771f49ebade0eebf768a99ca526c,e0e2f3a9968d5a29c951c44672641a27178ecfcd9ae78bd0e2a62095c0d3b463,ac711e069156dc980bc5d0c24a6f3de6e9246725002ddcc612ceb691a5098c2f,da23ba1f66ded777eb36fe76f87edbad226eb13fc300269441c4c63acbd524a9,0.0929492039423806,0.5,0.009987961025581044,0.9026093952946069,0.9073337778307223,0.009944210017770575,0.8986556282942957,0.9168132428722219,0.009978165964173284,0.9017242181867379,0.9145235164769894,
cnn_dailymail,1,2048,2048,2048,0.2,2,50257,128,1631,1.0,0.9918084488640057,0.9204574900160672,0.0719402611760992,1.0,0.06961485118580824,nan,0.9917865057485923,nan,,0.03822556971515248,0.03854128260243715,1025,1026,1025,568.9516973000136,9e36fd562c6f7140758d19e66375c28ad118bdcbbbfbed12b7557e666fca9800,f0696ab390e98175d24ed9bed71d3dba84eb771f49ebade0eebf768a99ca526c,4776733e1ce8a31b1ce71c622c2c696adca7f563a4e3f6dcf08f447b78d7e69f,f4953efb5f9925fd0e08f1455dded5cc713762d218990e04c5a3d692e19ece1a,da23ba1f66ded777eb36fe76f87edbad226eb13fc300269441c4c63acbd524a9,0.09625996321275292,0.5,0.03178231927299792,0.8314413495948373,0.8212200183110715,0.030865577380848996,0.8074589237217827,0.8202090092438145,0.030516624604367874,0.7983301447635768,0.8094638492940848,
cnn_dailymail,2,2048,2048,2048,0.2,2,50257,128,1631,1.0,0.9918084488640057,0.9203319997915809,0.0720667878503074,1.0,0.07015667151670824,nan,0.9917865057485923,nan,,0.038157658002414704,0.038472809992816256,1026,1025,1025,570.1826031000237,9e36fd562c6f7140758d19e66375c28ad118bdcbbbfbed12b7557e666fca9800,f0696ab390e98175d24ed9bed71d3dba84eb771f49ebade0eebf768a99ca526c,37d763af019f5ca3415fb7849f981936be15d063d8a614a7603830bfdea6703e,74d101c07ed74aa17d4eebf436ffcc12edf9ec4d43fa781aefbf1e32df37c2d3,da23ba1f66ded777eb36fe76f87edbad226eb13fc300269441c4c63acbd524a9,0.09625996321275292,0.5,0.03178231927299792,0.8329211208661355,0.8203320119153344,0.030865577380848996,0.8088960118803872,0.8021719914471663,0.030516624604367874,0.7997509858292853,0.8151463385773624,
cnn_dailymail,1,2048,2048,2048,0.5,2,50257,128,4187,1.0,0.9920160138958835,0.9461605762315969,0.04622449337707901,1.0,0.04571808667824917,nan,0.9919347348798638,nan,,0.023782205255028423,0.023973610225937816,1025,1026,1025,800.1309116000193,50104845614ad11f73da20aab22e1faa4ff61929665749db7077bd2d393ceff8,f0696ab390e98175d24ed9bed71d3dba84eb771f49ebade0eebf768a99ca526c,4776733e1ce8a31b1ce71c622c2c696adca7f563a4e3f6dcf08f447b78d7e69f,f4953efb5f9925fd0e08f1455dded5cc713762d218990e04c5a3d692e19ece1a,da23ba1f66ded777eb36fe76f87edbad226eb13fc300269441c4c63acbd524a9,0.09195127776450919,0.5,0.01988455683467146,0.8361107231831305,0.8658572593985683,0.019779958890870225,0.8317125631857888,0.8649562851399024,0.01974520542377508,0.8302512408768411,0.8623346597748264,
cnn_dailymail,2,2048,2048,2048,0.5,2,50257,128,4187,1.0,0.9920160138958835,0.9461474881638692,0.04623768678075835,1.0,0.04587713999815379,nan,0.9919347348798638,nan,,0.02394254436048296,0.024135239779502025,1026,1025,1025,802.0352150000108,50104845614ad11f73da20aab22e1faa4ff61929665749db7077bd2d393ceff8,f0696ab390e98175d24ed9bed71d3dba84eb771f49ebade0eebf768a99ca526c,37d763af019f5ca3415fb7849f981936be15d063d8a614a7603830bfdea6703e,74d101c07ed74aa17d4eebf436ffcc12edf9ec4d43fa781aefbf1e32df37c2d3,da23ba1f66ded777eb36fe76f87edbad226eb13fc300269441c4c63acbd524a9,0.09195127776450919,0.5,0.01988455683467146,0.8305114333416801,0.8591263033736157,0.019779958890870225,0.8261427270660899,0.8527966294698486,0.01974520542377508,0.8246911909815414,0.8618065024931895,
cnn_dailymail,1,2048,2048,2048,0.8,2,50257,128,6540,1.0,0.9921695154259575,0.9721872016497893,0.020140019891247585,1.0,0.01982230239730054,nan,0.992156527724715,nan,,0.010473756635625789,0.010556418507909107,1025,1026,1025,829.1932044000132,53ffec78106383b50d6a6afc4a77f45c1d10e0272385263c6b623b5a36c8623e,f0696ab390e98175d24ed9bed71d3dba84eb771f49ebade0eebf768a99ca526c,4776733e1ce8a31b1ce71c622c2c696adca7f563a4e3f6dcf08f447b78d7e69f,f4953efb5f9925fd0e08f1455dded5cc713762d218990e04c5a3d692e19ece1a,da23ba1f66ded777eb36fe76f87edbad226eb13fc300269441c4c63acbd524a9,0.09235474006116208,0.5,0.008777700937890705,0.8380661536505382,0.9152725270135867,0.008573488571752249,0.8185686253765049,0.9212151886288897,0.008735192117367705,0.8340075506104017,0.918408402206537,
cnn_dailymail,2,2048,2048,2048,0.8,2,50257,128,6540,1.0,0.9921695154259575,0.9718845969895897,0.02044501279366473,1.0,0.020153201625859984,nan,0.992156527724715,nan,,0.010632303443125539,0.010716216611997885,1026,1025,1025,829.7060441000212,53ffec78106383b50d6a6afc4a77f45c1d10e0272385263c6b623b5a36c8623e,f0696ab390e98175d24ed9bed71d3dba84eb771f49ebade0eebf768a99ca526c,37d763af019f5ca3415fb7849f981936be15d063d8a614a7603830bfdea6703e,74d101c07ed74aa17d4eebf436ffcc12edf9ec4d43fa781aefbf1e32df37c2d3,da23ba1f66ded777eb36fe76f87edbad226eb13fc300269441c4c63acbd524a9,0.09235474006116208,0.5,0.008777700937890705,0.8255690768086617,0.9139020528650385,0.008573488571752249,0.8063622918226205,0.9242710338605833,0.008735192117367705,0.8215709948548885,0.9142421508390166,
