corpus,bank,m,n,method,forecast,mc_se,relative_mc_se
tinystories,0,1024,512,source_bootstrap,0.033062867337299316,6.136778808274858e-05,0.001856093951461903
tinystories,0,1024,512,bootstrap_jackknife,0.03573043978342381,0.00021609483502990068,0.006047919822418535
tinystories,0,1024,1024,source_bootstrap,0.02430452355296886,0.0003811133006544056,0.015680755881670085
tinystories,0,1024,1024,bootstrap_jackknife,0.027522751611218758,0.000903243602752612,0.032818070500786486
tinystories,0,1024,2048,source_bootstrap,0.016646360024806583,0.000211606932721922,0.01271190412838501
tinystories,0,1024,2048,bootstrap_jackknife,0.020359208175688533,0.00019158782308729058,0.00941037693774705
tinystories,0,1024,4096,source_bootstrap,0.009883237659106795,0.00016090224034940643,0.016280316825240455
tinystories,0,1024,4096,bootstrap_jackknife,0.012838630405064728,0.00030502500047551855,0.023758375375864768
tinystories,0,2048,512,source_bootstrap,0.03499092746723361,0.00022541057953375334,0.006441972129627987
tinystories,0,2048,512,bootstrap_jackknife,0.03629757917829751,0.0002318769866731752,0.006388221802180558
tinystories,0,2048,1024,source_bootstrap,0.0264174699783379,0.0001792508843642184,0.0067853160999597085
tinystories,0,2048,1024,bootstrap_jackknife,0.028325831170142604,0.0006758588067248257,0.023860157983191962
tinystories,0,2048,2048,source_bootstrap,0.018709628592887904,0.00021755631521173732,0.011628040296558161
tinystories,0,2048,2048,bootstrap_jackknife,0.021026336167777385,0.0005582552611204937,0.02655028706218506
tinystories,0,2048,4096,source_bootstrap,0.012384070730637775,0.00010452294458956817,0.008440112049019706
tinystories,0,2048,4096,bootstrap_jackknife,0.015002032460920814,0.00032984805653087573,0.021986891268906766
tinystories,0,4096,512,source_bootstrap,0.03540058571834362,0.00016003528292667563,0.004520695905993151
tinystories,0,4096,512,bootstrap_jackknife,0.036241908820375694,8.553568311445232e-05,0.0023601318445556872
tinystories,0,4096,1024,source_bootstrap,0.027485452437957855,0.0003161529071059843,0.011502554226444969
tinystories,0,4096,1024,bootstrap_jackknife,0.028682766196024712,0.0006159747610461522,0.0214754308157183
tinystories,0,4096,2048,source_bootstrap,0.020455925337560445,0.00010923795753186128,0.005340162115828728
tinystories,0,4096,2048,bootstrap_jackknife,0.022062572619378135,0.00016196996089432657,0.007341390493693565
tinystories,0,4096,4096,source_bootstrap,0.014136863139322562,9.848355844795479e-05,0.006966436434828082
tinystories,0,4096,4096,bootstrap_jackknife,0.015884504143480863,0.00024601042013763016,0.015487447257747415
tinystories,1,1024,512,source_bootstrap,0.033019131439172456,0.00039459942081338645,0.011950629941320956
tinystories,1,1024,512,bootstrap_jackknife,0.03593815925056132,0.0008483777700301615,0.023606600552779026
tinystories,1,1024,1024,source_bootstrap,0.02410778797496312,3.4447801751122236e-05,0.0014289076122163354
tinystories,1,1024,1024,bootstrap_jackknife,0.02703430887375435,0.0001746580394685802,0.006460606789846329
tinystories,1,1024,2048,source_bootstrap,0.01625841639813902,0.00012417360402532267,0.007637496849910666
tinystories,1,1024,2048,bootstrap_jackknife,0.019467289672992313,0.00036342982289703764,0.018668742747545243
tinystories,1,1024,4096,source_bootstrap,0.009815607506196526,0.0002178546062473639,0.022194714500333654
tinystories,1,1024,4096,bootstrap_jackknife,0.01272401148923837,0.0004527358645446268,0.03558122097952668
tinystories,1,2048,512,source_bootstrap,0.03446481462157836,0.00019237250708027792,0.00558170729169783
tinystories,1,2048,512,bootstrap_jackknife,0.03632253739554696,0.00026698392137313397,0.007350365379646232
tinystories,1,2048,1024,source_bootstrap,0.026634835922376653,0.0001526465715618358,0.005731087362681789
tinystories,1,2048,1024,bootstrap_jackknife,0.028883097324118003,0.0002555546677345517,0.008847896915860132
tinystories,1,2048,2048,source_bootstrap,0.019167811219823253,2.8971722512625918e-05,0.0015114778719577282
tinystories,1,2048,2048,bootstrap_jackknife,0.021909882267772175,4.770932057147888e-05,0.0021775251910712357
tinystories,1,2048,4096,source_bootstrap,0.012278711377647307,8.90348478027834e-05,0.007251155684371428
tinystories,1,2048,4096,bootstrap_jackknife,0.014904437051960697,0.00024057302984717514,0.016141034311358136
tinystories,1,4096,512,source_bootstrap,0.035360212755274574,7.658085377038227e-05,0.002165735096120397
tinystories,1,4096,512,bootstrap_jackknife,0.03578675736211807,0.0003300861025994664,0.009223694096098177
tinystories,1,4096,1024,source_bootstrap,0.027845903275662397,0.00015288678673451423,0.005490458873644757
tinystories,1,4096,1024,bootstrap_jackknife,0.028962069764843484,0.0004480354100630794,0.015469730364607479
tinystories,1,4096,2048,source_bootstrap,0.020396366054051894,0.00010095627020251858,0.004949718490782962
tinystories,1,4096,2048,bootstrap_jackknife,0.02200042934110109,0.00013519177861288565,0.006144960924027108
tinystories,1,4096,4096,source_bootstrap,0.013697659561739815,2.877126961965897e-06,0.00021004515034103076
tinystories,1,4096,4096,bootstrap_jackknife,0.015335601212107012,0.00015472571724607444,0.0100893153849047
tinystories,2,1024,512,source_bootstrap,0.03325199321777493,0.0006599096090081487,0.0198457158548737
tinystories,2,1024,512,bootstrap_jackknife,0.036325327891524026,0.0014889071981880745,0.04098812824578767
tinystories,2,1024,1024,source_bootstrap,0.024338117426781925,0.0004283673592625252,0.01760067764284616
tinystories,2,1024,1024,bootstrap_jackknife,0.027947557221447806,0.0009115054276809294,0.03261485146835704
tinystories,2,1024,2048,source_bootstrap,0.01559600992682804,0.0001857631013592639,0.011910937619994507
tinystories,2,1024,2048,bootstrap_jackknife,0.018731768220669513,0.00021196058396965846,0.011315567301103543
tinystories,2,1024,4096,source_bootstrap,0.009492399099895665,0.00019519605145895447,0.020563405457857325
tinystories,2,1024,4096,bootstrap_jackknife,0.012275272909937768,0.00042712899459993554,0.03479588582133617
tinystories,2,2048,512,source_bootstrap,0.035309926367922156,0.00023921176044988443,0.006774632095160641
tinystories,2,2048,512,bootstrap_jackknife,0.03796864818053603,0.0003306736948034688,0.008709124781876826
tinystories,2,2048,1024,source_bootstrap,0.026165399004079982,0.00012444399641690272,0.004756051929401043
tinystories,2,2048,1024,bootstrap_jackknife,0.028402303694785757,0.0003615879692698763,0.012730938065994221
tinystories,2,2048,2048,source_bootstrap,0.018962821653502854,6.804102300973697e-05,0.003588127561025091
tinystories,2,2048,2048,bootstrap_jackknife,0.02171139167524407,7.179259451779248e-05,0.0033066786133130466
tinystories,2,2048,4096,source_bootstrap,0.01222011174479151,0.0001356528270991959,0.011100784504447287
tinystories,2,2048,4096,bootstrap_jackknife,0.01497628253089698,0.0002712551857367025,0.01811231760465834
tinystories,2,4096,512,source_bootstrap,0.035219455714369546,0.0001814011829598224,0.005150595864711523
tinystories,2,4096,512,bootstrap_jackknife,0.035912765921382955,0.00039060365562911583,0.010876457037149151
tinystories,2,4096,1024,source_bootstrap,0.02699361320270322,0.0001888420930111892,0.006995806437364155
tinystories,2,4096,1024,bootstrap_jackknife,0.027581009825324992,0.00018857101659466415,0.006836987397811573
tinystories,2,4096,2048,source_bootstrap,0.020071627222701532,0.0001466519296180741,0.007306429518191078
tinystories,2,4096,2048,bootstrap_jackknife,0.021557112943286365,0.0004081931211017292,0.018935426194390037
tinystories,2,4096,4096,source_bootstrap,0.013637515567926563,8.023504797148793e-05,0.0058834065172537
tinystories,2,4096,4096,bootstrap_jackknife,0.01530401870637225,8.68134650227794e-05,0.005672592714920834
tinystories,3,1024,512,source_bootstrap,0.03353172538942664,7.093700206572215e-05,0.002115518997065695
tinystories,3,1024,512,bootstrap_jackknife,0.03711929733484079,0.000123867718224724,0.00333701678421751
tinystories,3,1024,1024,source_bootstrap,0.024383679484587726,0.00013662957882604022,0.005603320815974477
tinystories,3,1024,1024,bootstrap_jackknife,0.027824642068429856,0.00039070388584467426,0.014041650019569207
tinystories,3,1024,2048,source_bootstrap,0.015941405471390137,0.00014329557412832874,0.008988892126575648
tinystories,3,1024,2048,bootstrap_jackknife,0.01936052128675582,0.00022736267576166635,0.011743623655278385
tinystories,3,1024,4096,source_bootstrap,0.00976649305836406,4.273537488011239e-05,0.004375713434159835
tinystories,3,1024,4096,bootstrap_jackknife,0.012751361239182036,0.000175128766753724,0.013734123241336233
tinystories,3,2048,512,source_bootstrap,0.0350365496896806,0.00011644374524098804,0.0033234935024233996
tinystories,3,2048,512,bootstrap_jackknife,0.037491376722023954,0.0001672646363623977,0.0044614162238576765
tinystories,3,2048,1024,source_bootstrap,0.026757181066450527,0.000280364381001208,0.010478098582392997
tinystories,3,2048,1024,bootstrap_jackknife,0.02914971050601318,0.0006412603439093131,0.02199885805991212
tinystories,3,2048,2048,source_bootstrap,0.018947323169126423,0.00020584467895275668,0.010864050669076504
tinystories,3,2048,2048,bootstrap_jackknife,0.02207328328500545,0.00044231780621298864,0.020038605063953423
tinystories,3,2048,4096,source_bootstrap,0.012372850835483137,0.00012280702108331904,0.009925523447767618
tinystories,3,2048,4096,bootstrap_jackknife,0.015225018740972929,0.00027426837515095325,0.01801432102102139
tinystories,3,4096,512,source_bootstrap,0.035401294698808136,0.00010785720570970308,0.003046702292312895
tinystories,3,4096,512,bootstrap_jackknife,0.036453926996937454,0.00039521588615123727,0.010841517463521555
tinystories,3,4096,1024,source_bootstrap,0.027842862674518992,8.002328451335498e-05,0.0028741040549178174
tinystories,3,4096,1024,bootstrap_jackknife,0.029465786089514046,0.00023789113800764956,0.008073469931701825
tinystories,3,4096,2048,source_bootstrap,0.02026487369614994,0.00013298244431654677,0.006562214317763633
tinystories,3,4096,2048,bootstrap_jackknife,0.022111533260682926,0.00011973643958600093,0.005415112474308026
tinystories,3,4096,4096,source_bootstrap,0.013802388268173862,0.0001288713517136092,0.00933688787836568
tinystories,3,4096,4096,bootstrap_jackknife,0.015578208398025142,0.00025420396310376107,0.01631792030308098
tinystories,4,1024,512,source_bootstrap,0.03400402376567518,0.00032543125323661174,0.00957037483208423
tinystories,4,1024,512,bootstrap_jackknife,0.036996101123275976,0.0007195725003232064,0.01944995495405027
tinystories,4,1024,1024,source_bootstrap,0.024535059147715633,6.238386659271058e-05,0.002542641785256055
tinystories,4,1024,1024,bootstrap_jackknife,0.027908306147002664,0.0003076505171677633,0.011023618400459777
tinystories,4,1024,2048,source_bootstrap,0.016423871862832364,0.0003762211244890224,0.022906969052798095
tinystories,4,1024,2048,bootstrap_jackknife,0.019875195604881584,0.0007616677025867795,0.03832252611389167
tinystories,4,1024,4096,source_bootstrap,0.009589638606908068,9.558057780825627e-05,0.009967067762011707
tinystories,4,1024,4096,bootstrap_jackknife,0.012241893168711623,0.00017253671090094623,0.014093956590139444
tinystories,4,2048,512,source_bootstrap,0.03480777942981926,0.00012278446344358998,0.003527500617818858
tinystories,4,2048,512,bootstrap_jackknife,0.03646075080298453,0.00029292510606497655,0.008033984479579034
tinystories,4,2048,1024,source_bootstrap,0.02628159166433262,0.000323162311257735,0.012296146876686558
tinystories,4,2048,1024,bootstrap_jackknife,0.0284423380877479,0.000853218290028156,0.02999817692187889
tinystories,4,2048,2048,source_bootstrap,0.018831602472490574,0.0001397488393910756,0.007420974375134689
tinystories,4,2048,2048,bootstrap_jackknife,0.021400383294936733,0.0004049891170856106,0.018924386143187904
tinystories,4,2048,4096,source_bootstrap,0.012230745104215422,0.00015696168804662513,0.012833370878813186
tinystories,4,2048,4096,bootstrap_jackknife,0.014807774877607155,0.0002569376278161374,0.0173515352535976
tinystories,4,4096,512,source_bootstrap,0.035479526129498305,0.00026261578726195756,0.007401896696799853
tinystories,4,4096,512,bootstrap_jackknife,0.0359989840405153,0.0006998005783131031,0.01943945355584224
tinystories,4,4096,1024,source_bootstrap,0.027826374962641207,0.00018632308283389237,0.00669591648513483
tinystories,4,4096,1024,bootstrap_jackknife,0.029136630005236225,0.0004883230518753192,0.0167597643168603
tinystories,4,4096,2048,source_bootstrap,0.020467281749221244,8.52287039280729e-05,0.004164143776997439
tinystories,4,4096,2048,bootstrap_jackknife,0.022026569326791035,0.00015271613848432414,0.006933269372029474
tinystories,4,4096,4096,source_bootstrap,0.013984595580176938,0.00017237244832621647,0.012325880096994235
tinystories,4,4096,4096,bootstrap_jackknife,0.015934568558986447,0.00030096486049225127,0.01888754373098601
tinystories,5,1024,512,source_bootstrap,0.03239270479341599,0.00031153725049018564,0.009617512723219935
tinystories,5,1024,512,bootstrap_jackknife,0.03486107563568114,0.0007941480545565556,0.02278036578262451
tinystories,5,1024,1024,source_bootstrap,0.02400183060945686,0.0002627303473460035,0.010946262875569426
tinystories,5,1024,1024,bootstrap_jackknife,0.02746715306972666,0.0007578026821530256,0.02758941489965516
tinystories,5,1024,2048,source_bootstrap,0.015646263154250266,0.00027503666340326807,0.01757842500102365
tinystories,5,1024,2048,bootstrap_jackknife,0.018625760013801156,0.0006708406487199042,0.03601682015782607
tinystories,5,1024,4096,source_bootstrap,0.009419307259293566,0.0002086902264745626,0.022155581162155876
tinystories,5,1024,4096,bootstrap_jackknife,0.011984704684479425,0.000499995193491185,0.04171944212682143
tinystories,5,2048,512,source_bootstrap,0.03393728825188088,0.0002494025537115967,0.0073489240466281
tinystories,5,2048,512,bootstrap_jackknife,0.035113626082664044,0.0006035481301693318,0.01718843074618573
tinystories,5,2048,1024,source_bootstrap,0.02616037187454191,0.00012749862365204969,0.004873731316339795
tinystories,5,2048,1024,bootstrap_jackknife,0.02816631198518552,0.00038160819535190265,0.013548390557933712
tinystories,5,2048,2048,source_bootstrap,0.01848291974035822,0.00021790856677279642,0.011789726397879879
tinystories,5,2048,2048,bootstrap_jackknife,0.020736245953589413,0.0003834690310665698,0.01849269303252028
tinystories,5,2048,4096,source_bootstrap,0.011910344785062565,8.025149536842974e-05,0.006737965761417559
tinystories,5,2048,4096,bootstrap_jackknife,0.014293780682365934,0.00014763100909827612,0.010328338763474014
tinystories,5,4096,512,source_bootstrap,0.035593878084454224,0.00016109898585389337,0.004526030725611044
tinystories,5,4096,512,bootstrap_jackknife,0.036908146989753705,0.00040651464259443645,0.011014225198227683
tinystories,5,4096,1024,source_bootstrap,0.02734468257803362,9.014950961387513e-05,0.0032967839124339858
tinystories,5,4096,1024,bootstrap_jackknife,0.028409509646417974,0.00034672821806028476,0.012204653384575477
tinystories,5,4096,2048,source_bootstrap,0.02014698390105008,2.811098124958102e-05,0.0013952947690654505
tinystories,5,4096,2048,bootstrap_jackknife,0.02166726735252522,0.00014002209217663694,0.0064623789377075275
tinystories,5,4096,4096,source_bootstrap,0.013771385295421809,8.564055689830213e-05,0.006218732179889897
tinystories,5,4096,4096,bootstrap_jackknife,0.015412803942933413,0.0002507714816364196,0.016270334882926694
wikitext,0,1024,512,source_bootstrap,0.02830536159255997,0.0003376317328132528,0.011928190060712699
wikitext,0,1024,512,bootstrap_jackknife,0.031840696671729174,0.000914871052176813,0.02873275863304561
wikitext,0,1024,1024,source_bootstrap,0.025525089516457846,0.00044323194609151355,0.017364559909015413
wikitext,0,1024,1024,bootstrap_jackknife,0.03093354063964403,0.000786454154856287,0.025423994104586185
wikitext,0,1024,2048,source_bootstrap,0.02063127842836093,6.169935377866991e-05,0.0029905734631478034
wikitext,0,1024,2048,bootstrap_jackknife,0.027536467229184042,0.00016831942812813434,0.0061126006733987995
wikitext,0,1024,4096,source_bootstrap,0.013935898498026567,2.7952545582665664e-05,0.0020057942863622295
wikitext,0,1024,4096,bootstrap_jackknife,0.0199647327659327,6.717617820077035e-05,0.0033647421675184167
wikitext,0,2048,512,source_bootstrap,0.030581287312137228,6.435446858636483e-05,0.0021043740876409596
wikitext,0,2048,512,bootstrap_jackknife,0.03280229001266529,0.0001263959861891328,0.003853267138981152
wikitext,0,2048,1024,source_bootstrap,0.02902040893599539,0.00014144492957600564,0.00487398126911178
wikitext,0,2048,1024,bootstrap_jackknife,0.032340433180618765,0.0001651771339589047,0.005107449644734301
wikitext,0,2048,2048,source_bootstrap,0.025330373353435482,7.701710998007583e-05,0.0030405043346757553
wikitext,0,2048,2048,bootstrap_jackknife,0.03009313996772878,0.00010200460934176815,0.0033896299771694026
wikitext,0,2048,4096,source_bootstrap,0.01983594033008257,1.4505898756061677e-05,0.0007312937281860282
wikitext,0,2048,4096,bootstrap_jackknife,0.025766387970950225,0.00011658923762712054,0.0045248576462702745
wikitext,0,4096,512,source_bootstrap,0.03142618968809135,0.00010589740919227709,0.003369718385948835
wikitext,0,4096,512,bootstrap_jackknife,0.032349219794097106,0.00044270469592453277,0.01368517382311999
wikitext,0,4096,1024,source_bootstrap,0.030901913280399162,8.49304884609778e-05,0.0027483893210861004
wikitext,0,4096,1024,bootstrap_jackknife,0.03267100474190148,8.26268854693441e-05,0.0025290585986592817
wikitext,0,4096,2048,source_bootstrap,0.028459028099708687,0.00014241851872124334,0.005004335292908375
wikitext,0,4096,2048,bootstrap_jackknife,0.03183180578436293,0.0003858332483709219,0.012120997815350417
wikitext,0,4096,4096,source_bootstrap,0.024029906650678886,6.149282369987668e-05,0.002559012175693966
wikitext,0,4096,4096,bootstrap_jackknife,0.028393841053956582,0.00026582005321325276,0.009361891288611396
wikitext,1,1024,512,source_bootstrap,0.02883319701798223,5.6281383634540875e-05,0.001951964730079713
wikitext,1,1024,512,bootstrap_jackknife,0.03261456233319234,0.00038135350187861985,0.011692737065814019
wikitext,1,1024,1024,source_bootstrap,0.025639496892435498,0.0001160626520440139,0.0045267133177740405
wikitext,1,1024,1024,bootstrap_jackknife,0.031208452293505107,0.00019788988027893972,0.006340906572932591
wikitext,1,1024,2048,source_bootstrap,0.02048294916694457,9.192012422096008e-05,0.004487641084873705
wikitext,1,1024,2048,bootstrap_jackknife,0.026834198808873538,0.00023017774112659103,0.00857777579893594
wikitext,1,1024,4096,source_bootstrap,0.013915343844157449,0.00010377005217809961,0.007457239529274651
wikitext,1,1024,4096,bootstrap_jackknife,0.019844090414570012,0.00024017049881262082,0.012102872633370074
wikitext,1,2048,512,source_bootstrap,0.03045589942357574,0.00012001036659267614,0.003940463715209697
wikitext,1,2048,512,bootstrap_jackknife,0.032709133128624134,0.0002762226110808632,0.00844481600886994
wikitext,1,2048,1024,source_bootstrap,0.02918443927646475,1.8562238795889735e-05,0.0006360320518770052
wikitext,1,2048,1024,bootstrap_jackknife,0.032614280523818845,0.00011586803998599163,0.0035526780945350288
wikitext,1,2048,2048,source_bootstrap,0.025155897764177582,7.177245345623696e-05,0.0028531064217649244
wikitext,1,2048,2048,bootstrap_jackknife,0.029696004224567158,0.0001481340333075157,0.00498834901110925
wikitext,1,2048,4096,source_bootstrap,0.01913575985501802,0.00037007987260649465,0.019339700926976653
wikitext,1,2048,4096,bootstrap_jackknife,0.024383985979901393,0.000723213617168704,0.029659368151081448
wikitext,1,4096,512,source_bootstrap,0.0312678220029877,0.00020482255754181747,0.006550586015305008
wikitext,1,4096,512,bootstrap_jackknife,0.03238664669626907,0.0005039524760713454,0.015560501857371995
wikitext,1,4096,1024,source_bootstrap,0.030564308853581735,0.0001872538685277213,0.006126553341178452
wikitext,1,4096,1024,bootstrap_jackknife,0.03241787707471382,0.0005076751325447651,0.015660344796012422
wikitext,1,4096,2048,source_bootstrap,0.027879496622275166,6.883701604088408e-05,0.002469091066224082
wikitext,1,4096,2048,bootstrap_jackknife,0.031056797757545898,0.0001855398914974861,0.005974211924421774
wikitext,1,4096,4096,source_bootstrap,0.022937683672573275,0.00010528660543324636,0.004590114980055209
wikitext,1,4096,4096,bootstrap_jackknife,0.02668935263947218,0.0003104694926934982,0.011632709750866336
wikitext,2,1024,512,source_bootstrap,0.0283457933268607,0.0002482923728112682,0.008759408140324807
wikitext,2,1024,512,bootstrap_jackknife,0.03235217364285212,0.0003000483747668251,0.00927444251750045
wikitext,2,1024,1024,source_bootstrap,0.025287109663378177,0.0002573069952177776,0.010175421336920133
wikitext,2,1024,1024,bootstrap_jackknife,0.030284426887278417,0.000590936030842933,0.019512868215814497
wikitext,2,1024,2048,source_bootstrap,0.020458515291018112,0.00048369392966387967,0.023642670192994673
wikitext,2,1024,2048,bootstrap_jackknife,0.02718368771656145,0.0010400234835333622,0.038259102090101485
wikitext,2,1024,4096,source_bootstrap,0.01382986396285515,3.425676574842561e-05,0.002477013934514029
wikitext,2,1024,4096,bootstrap_jackknife,0.019659510687651344,0.00010720249879921426,0.005452958646959152
wikitext,2,2048,512,source_bootstrap,0.03081238909734757,0.0002665479328197121,0.008650673986284867
wikitext,2,2048,512,bootstrap_jackknife,0.033027695684356866,0.0006107453818738377,0.018491916230265776
wikitext,2,2048,1024,source_bootstrap,0.029124691807792435,0.00023230251922271063,0.007976136563290846
wikitext,2,2048,1024,bootstrap_jackknife,0.03251967006414997,0.0005898212290699535,0.018137368180748507
wikitext,2,2048,2048,source_bootstrap,0.025424180261273906,0.00014677942796553485,0.00577322165187403
wikitext,2,2048,2048,bootstrap_jackknife,0.03059784557742329,0.000308461061119007,0.010081136606121244
wikitext,2,2048,4096,source_bootstrap,0.019527644328477922,0.00018794971468525575,0.009624802230300834
wikitext,2,2048,4096,bootstrap_jackknife,0.025149542247502238,0.0003811910722443511,0.015156978544299732
wikitext,2,4096,512,source_bootstrap,0.031215747323373167,0.0001476417315776981,0.004729719588265298
wikitext,2,4096,512,bootstrap_jackknife,0.032007944074752125,0.00015337589942527065,0.0047918072796888445
wikitext,2,4096,1024,source_bootstrap,0.030909246499910382,0.0001050019485524545,0.0033971047645163055
wikitext,2,4096,1024,bootstrap_jackknife,0.03257099769674444,0.00023384195375564815,0.007179453203517352
wikitext,2,4096,2048,source_bootstrap,0.028444909733675094,0.0002251421432946174,0.007915024002627726
wikitext,2,4096,2048,bootstrap_jackknife,0.03171113814744499,0.0005286488040165961,0.01667076096602323
wikitext,2,4096,4096,source_bootstrap,0.023527877708588264,6.596449921600661e-05,0.00280367400889405
wikitext,2,4096,4096,bootstrap_jackknife,0.027312219247690978,0.00010574829724287767,0.003871831002960985
wikitext,3,1024,512,source_bootstrap,0.028366517812378606,0.00020117844290413488,0.007092109233666476
wikitext,3,1024,512,bootstrap_jackknife,0.03171821923846038,0.0006771584913216436,0.021349196379238888
wikitext,3,1024,1024,source_bootstrap,0.02515050127924431,0.000253713861134946,0.01008782522137345
wikitext,3,1024,1024,bootstrap_jackknife,0.030066214059465232,0.0004061817364934669,0.013509573759107713
wikitext,3,1024,2048,source_bootstrap,0.02012404462691972,0.00018526482786849978,0.009206142766184934
wikitext,3,1024,2048,bootstrap_jackknife,0.02629536485967959,0.0003892641972126096,0.014803529036004895
wikitext,3,1024,4096,source_bootstrap,0.013451129465930934,0.00026096771698216236,0.019401175019773786
wikitext,3,1024,4096,bootstrap_jackknife,0.018777116159066697,0.0005308270094488742,0.028269890059372065
wikitext,3,2048,512,source_bootstrap,0.030855395523561566,0.00016027690150893578,0.005194452989155375
wikitext,3,2048,512,bootstrap_jackknife,0.03346346001809081,0.0005200667107608217,0.015541331066173867
wikitext,3,2048,1024,source_bootstrap,0.029125781441432862,5.0917636227102056e-05,0.0017481981154561987
wikitext,3,2048,1024,bootstrap_jackknife,0.03262211400566104,0.0002764608954186072,0.008474646841422719
wikitext,3,2048,2048,source_bootstrap,0.025048022505565672,0.00018226297619872438,0.007276541537689274
wikitext,3,2048,2048,bootstrap_jackknife,0.029729582789131088,0.000346709120385673,0.011662091689777337
wikitext,3,2048,4096,source_bootstrap,0.019291982561126374,4.0321361174623564e-05,0.0020900579319344656
wikitext,3,2048,4096,bootstrap_jackknife,0.024583784274556163,0.00016476497942838098,0.00670218130733071
wikitext,3,4096,512,source_bootstrap,0.031453309568949366,0.00010708162865091479,0.0034044629998690353
wikitext,3,4096,512,bootstrap_jackknife,0.032552030821838114,0.00019478859362490638,0.005983915249128757
wikitext,3,4096,1024,source_bootstrap,0.03109707859891762,9.955652642875704e-05,0.0032014752161388643
wikitext,3,4096,1024,bootstrap_jackknife,0.03316344265561364,0.00011294046125168569,0.00340557108091937
wikitext,3,4096,2048,source_bootstrap,0.028187933693522696,0.0001912510349859512,0.006784854720653
wikitext,3,4096,2048,bootstrap_jackknife,0.030916849239844512,0.0003200413613113051,0.010351681014727963
wikitext,3,4096,4096,source_bootstrap,0.023337390354682745,0.00020359919308396283,0.008724162812964639
wikitext,3,4096,4096,bootstrap_jackknife,0.02708712379741601,0.000539605805729065,0.01992111860102847
wikitext,4,1024,512,source_bootstrap,0.028307719547753296,0.00039522917043465395,0.013961886607217788
wikitext,4,1024,512,bootstrap_jackknife,0.03179806643695888,0.0007384793763881617,0.023224034010125454
wikitext,4,1024,1024,source_bootstrap,0.025601741086634603,0.00023342995398093825,0.009117737469144254
wikitext,4,1024,1024,bootstrap_jackknife,0.03095595079835004,0.0004483414220310186,0.014483206313111058
wikitext,4,1024,2048,source_bootstrap,0.020620183073783337,0.00018725235735773675,0.009081023029121931
wikitext,4,1024,2048,bootstrap_jackknife,0.026963708569495617,0.0004597672437399549,0.01705133559632429
wikitext,4,1024,4096,source_bootstrap,0.01390358280658166,0.00017247624441113106,0.01240516540308477
wikitext,4,1024,4096,bootstrap_jackknife,0.019922485428232897,0.0004019673584010529,0.020176566816879682
wikitext,4,2048,512,source_bootstrap,0.030431309235031356,0.0002811698646211933,0.009239492867349963
wikitext,4,2048,512,bootstrap_jackknife,0.032705127037307234,0.0005212050545435231,0.0159364938087223
wikitext,4,2048,1024,source_bootstrap,0.02934086575053956,0.00010787238729270267,0.0036765236653154643
wikitext,4,2048,1024,bootstrap_jackknife,0.03276990314628608,0.00035819610598890566,0.0109306428032425
wikitext,4,2048,2048,source_bootstrap,0.02589584794575661,3.436625570446529e-05,0.001327095207558039
wikitext,4,2048,2048,bootstrap_jackknife,0.031372863112716476,0.00014928123437619336,0.004758291707067203
wikitext,4,2048,4096,source_bootstrap,0.019505973385790746,9.875990362229424e-05,0.0050630594879328885
wikitext,4,2048,4096,bootstrap_jackknife,0.02542559263625475,0.0002735495713941136,0.010758827741307197
wikitext,4,4096,512,source_bootstrap,0.031621798985014174,0.00023576176223067316,0.0074556720299943265
wikitext,4,4096,512,bootstrap_jackknife,0.03282438864755635,0.00038090645745391435,0.011604373246484558
wikitext,4,4096,1024,source_bootstrap,0.03084830306095433,0.0001414868882280927,0.004586537157279718
wikitext,4,4096,1024,bootstrap_jackknife,0.032707934182729194,0.00021439826432740372,0.006554931385443862
wikitext,4,4096,2048,source_bootstrap,0.0281160184693615,8.122392843509738e-05,0.002888884445840312
wikitext,4,4096,2048,bootstrap_jackknife,0.03097415234332847,0.00016741116377914228,0.005404866674751828
wikitext,4,4096,4096,source_bootstrap,0.02349915702734914,0.00023393023690612222,0.009954835257871848
wikitext,4,4096,4096,bootstrap_jackknife,0.027346775554156082,0.0003676348856032583,0.0134434454575902
wikitext,5,1024,512,source_bootstrap,0.02788726332815276,0.00040621408032564475,0.014566294137423063
wikitext,5,1024,512,bootstrap_jackknife,0.03158430510286651,0.0005596667046927064,0.017719772617125353
wikitext,5,1024,1024,source_bootstrap,0.025155092698646825,0.0003924916359741928,0.015602869791662753
wikitext,5,1024,1024,bootstrap_jackknife,0.030051180729152586,0.0007019451177374704,0.023358320728360433
wikitext,5,1024,2048,source_bootstrap,0.020447355196019274,0.0002029669886617381,0.009926319893990596
wikitext,5,1024,2048,bootstrap_jackknife,0.027072838007989656,0.0003958564471935129,0.014621904326273031
wikitext,5,1024,4096,source_bootstrap,0.013673620350274156,2.857923433184735e-05,0.002090100032013419
wikitext,5,1024,4096,bootstrap_jackknife,0.01914792164122039,0.00016907271056107643,0.008829820474986058
wikitext,5,2048,512,source_bootstrap,0.029628324065276077,0.0003752594734317935,0.012665565308555256
wikitext,5,2048,512,bootstrap_jackknife,0.031454786319796604,0.0007732226716261612,0.024582035425862053
wikitext,5,2048,1024,source_bootstrap,0.028378682465969512,0.00030542817519621333,0.010762591799759188
wikitext,5,2048,1024,bootstrap_jackknife,0.03142718224845448,0.0006288164431546453,0.02000868032594838
wikitext,5,2048,2048,source_bootstrap,0.024965044258152814,0.00013465791835380925,0.005393858587285865
wikitext,5,2048,2048,bootstrap_jackknife,0.029512822010992947,0.00041874259788534296,0.014188497383590412
wikitext,5,2048,4096,source_bootstrap,0.019214100936611463,0.00010145561654164075,0.005280268739939967
wikitext,5,2048,4096,bootstrap_jackknife,0.024388025299967444,0.0003584346162823075,0.014697156160600916
wikitext,5,4096,512,source_bootstrap,0.031144124876105166,0.00020651912866607818,0.006631078236670143
wikitext,5,4096,512,bootstrap_jackknife,0.03223825625042956,0.0004614250637937757,0.014312965943610163
wikitext,5,4096,1024,source_bootstrap,0.030396734654923655,0.00015867295287912703,0.005220065730100559
wikitext,5,4096,1024,bootstrap_jackknife,0.0322850587018166,0.00029960491107384026,0.009279986567191287
wikitext,5,4096,2048,source_bootstrap,0.027721749362928882,0.00010274594922872894,0.003706329924695399
wikitext,5,4096,2048,bootstrap_jackknife,0.030814701699771394,0.00020130381194740648,0.006532719800720963
wikitext,5,4096,4096,source_bootstrap,0.023009541510165793,0.00014391790054711761,0.0062547052701390675
wikitext,5,4096,4096,bootstrap_jackknife,0.026639941415403767,0.00033119093797739235,0.012432119606159902
cnn_dailymail,0,1024,512,source_bootstrap,0.0250701144593428,0.00016281696652055278,0.0064944644263431476
cnn_dailymail,0,1024,512,bootstrap_jackknife,0.027265302213379167,0.0003314705091194434,0.012157228499627259
cnn_dailymail,0,1024,1024,source_bootstrap,0.022903806985953457,0.00026819908234171276,0.011709803636844958
cnn_dailymail,0,1024,1024,bootstrap_jackknife,0.027363821042591437,0.0005411633774638824,0.019776601251030278
cnn_dailymail,0,1024,2048,source_bootstrap,0.018354219943970133,0.00021517959030992588,0.011723712092739648
cnn_dailymail,0,1024,2048,bootstrap_jackknife,0.023948337178650497,0.0005829816869658828,0.02434330545026735
cnn_dailymail,0,1024,4096,source_bootstrap,0.012164981616769995,4.397659474063029e-05,0.003615015305901203
cnn_dailymail,0,1024,4096,bootstrap_jackknife,0.01677860554603877,0.0002492900874675981,0.014857616551242696
cnn_dailymail,0,2048,512,source_bootstrap,0.02701517283821689,0.00011338205427258426,0.004196976823046228
cnn_dailymail,0,2048,512,bootstrap_jackknife,0.028419394876564027,0.0003024638673525581,0.010642867966269896
cnn_dailymail,0,2048,1024,source_bootstrap,0.02523038867521429,0.0002234982054683811,0.008858294192191349
cnn_dailymail,0,2048,1024,bootstrap_jackknife,0.02770249933765126,0.0003263983180028019,0.011782269679876308
cnn_dailymail,0,2048,2048,source_bootstrap,0.021801774023374965,0.00021516955893510284,0.009869360112824162
cnn_dailymail,0,2048,2048,bootstrap_jackknife,0.025375200083813925,0.0004414147897999638,0.01739551957588421
cnn_dailymail,0,2048,4096,source_bootstrap,0.016767894095595013,0.0001423626662417678,0.008490193546676026
cnn_dailymail,0,2048,4096,bootstrap_jackknife,0.02110742491994135,0.0004268436238499379,0.020222439519217487
cnn_dailymail,0,4096,512,source_bootstrap,0.027876313986530375,9.876069696102906e-05,0.003542817641125347
cnn_dailymail,0,4096,512,bootstrap_jackknife,0.028722922532117955,0.00027901884785135696,0.009714152434849143
cnn_dailymail,0,4096,1024,source_bootstrap,0.026957091350677004,6.172391605171337e-05,0.0022897097928246337
cnn_dailymail,0,4096,1024,bootstrap_jackknife,0.028294145655538613,0.00018289761952731054,0.006464150632217732
cnn_dailymail,0,4096,2048,source_bootstrap,0.023923833713214177,9.318943829883786e-05,0.003895255226062087
cnn_dailymail,0,4096,2048,bootstrap_jackknife,0.025990389479011212,0.00014836032859969248,0.0057082764657875665
cnn_dailymail,0,4096,4096,source_bootstrap,0.01954109952633733,9.290886946970344e-05,0.004754536424344067
cnn_dailymail,0,4096,4096,bootstrap_jackknife,0.022299541412576947,0.00023214945325976288,0.010410503470211748
cnn_dailymail,1,1024,512,source_bootstrap,0.02530874037463175,0.0003289308178013711,0.01299672812365942
cnn_dailymail,1,1024,512,bootstrap_jackknife,0.027901948254835034,0.0006746362282246453,0.0241788215669757
cnn_dailymail,1,1024,1024,source_bootstrap,0.02272101544164808,0.000179735647088692,0.007910546408028619
cnn_dailymail,1,1024,1024,bootstrap_jackknife,0.026884372743334373,0.00030336849315152205,0.011284194578307143
cnn_dailymail,1,1024,2048,source_bootstrap,0.01822503320377163,0.00012604778076070694,0.006916189361708358
cnn_dailymail,1,1024,2048,bootstrap_jackknife,0.023412967038798776,0.0002185181115475507,0.00933320886607125
cnn_dailymail,1,1024,4096,source_bootstrap,0.012626289991164975,4.3813557172751535e-05,0.003470026207493199
cnn_dailymail,1,1024,4096,bootstrap_jackknife,0.017803612658490422,0.00015689923085349632,0.008812774904910782
cnn_dailymail,1,2048,512,source_bootstrap,0.026456098565573908,4.322673318790949e-05,0.0016339042992589402
cnn_dailymail,1,2048,512,bootstrap_jackknife,0.02787692467559137,0.0001969187246939636,0.007063861131941243
cnn_dailymail,1,2048,1024,source_bootstrap,0.024932503625321772,8.999812682496154e-05,0.0036096706603326546
cnn_dailymail,1,2048,1024,bootstrap_jackknife,0.027411817613263483,0.00013934949794311416,0.005083555563848802
cnn_dailymail,1,2048,2048,source_bootstrap,0.021597433640642816,0.00014488684889591132,0.006708521545044042
cnn_dailymail,1,2048,2048,bootstrap_jackknife,0.025035703863314693,0.00037680926813418204,0.015050875748947009
cnn_dailymail,1,2048,4096,source_bootstrap,0.016501927957312743,0.00015074430039012485,0.00913495082393226
cnn_dailymail,1,2048,4096,bootstrap_jackknife,0.02061010792995076,0.0001827124671160877,0.00886518730212803
cnn_dailymail,1,4096,512,source_bootstrap,0.027912693881084426,5.1876542803441635e-05,0.0018585287046979286
cnn_dailymail,1,4096,512,bootstrap_jackknife,0.02879905231062783,0.00022834399545859082,0.007928871859937006
cnn_dailymail,1,4096,1024,source_bootstrap,0.026807255399954034,8.816469614279593e-05,0.003288837101277705
cnn_dailymail,1,4096,1024,bootstrap_jackknife,0.028269394575057144,0.00017639377310427808,0.006239743572715742
cnn_dailymail,1,4096,2048,source_bootstrap,0.024101748161692277,3.337168499723808e-05,0.0013846167827062268
cnn_dailymail,1,4096,2048,bootstrap_jackknife,0.026379093454955094,0.00013093017516507962,0.004963406926347026
cnn_dailymail,1,4096,4096,source_bootstrap,0.019475855823823936,7.944714059239638e-05,0.004079263130260611
cnn_dailymail,1,4096,4096,bootstrap_jackknife,0.022195369706737206,0.0001139992930510804,0.005136174551599243
cnn_dailymail,2,1024,512,source_bootstrap,0.025099023347731383,0.00020583418449834153,0.008200884219542598
cnn_dailymail,2,1024,512,bootstrap_jackknife,0.02791806781256878,0.0001896783072378036,0.006794105828212437
cnn_dailymail,2,1024,1024,source_bootstrap,0.022414148952965302,0.00014642296870230145,0.006532613351038264
cnn_dailymail,2,1024,1024,bootstrap_jackknife,0.026241958959867685,0.0003537591990751847,0.013480670388068026
cnn_dailymail,2,1024,2048,source_bootstrap,0.01792676598184544,5.0506330718277254e-05,0.0028173698908897102
cnn_dailymail,2,1024,2048,bootstrap_jackknife,0.022979931247562483,0.00021412522428216805,0.009317922755094432
cnn_dailymail,2,1024,4096,source_bootstrap,0.012248528639986692,0.00014598929132353166,0.01191892476349635
cnn_dailymail,2,1024,4096,bootstrap_jackknife,0.016917763071900915,0.00028737447284884863,0.016986552632726915
cnn_dailymail,2,2048,512,source_bootstrap,0.026580998555809903,0.00016076708939991835,0.006048196009731129
cnn_dailymail,2,2048,512,bootstrap_jackknife,0.027818559953465383,0.0001418922836685012,0.005100633674275636
cnn_dailymail,2,2048,1024,source_bootstrap,0.025257657853270863,0.00010083624113993224,0.003992303709461879
cnn_dailymail,2,2048,1024,bootstrap_jackknife,0.02806474933541944,0.00011234055539799729,0.004002906067513548
cnn_dailymail,2,2048,2048,source_bootstrap,0.02151866646579964,7.363423131484292e-05,0.0034218770680735423
cnn_dailymail,2,2048,2048,bootstrap_jackknife,0.025058047957457946,0.00017095003342677617,0.006822160836989573
cnn_dailymail,2,2048,4096,source_bootstrap,0.016725586791051336,6.883295618330462e-05,0.004115428477530738
cnn_dailymail,2,2048,4096,bootstrap_jackknife,0.021035531963899123,0.00026486311156942964,0.012591224791651758
cnn_dailymail,2,4096,512,source_bootstrap,0.027570985440106582,5.8767381470313625e-05,0.0021314936891891683
cnn_dailymail,2,4096,512,bootstrap_jackknife,0.028537386970031563,0.00020293168837222844,0.007111081634255317
cnn_dailymail,2,4096,1024,source_bootstrap,0.026371393694402983,8.785987049706755e-05,0.0033316354651257876
cnn_dailymail,2,4096,1024,bootstrap_jackknife,0.027747068488464543,0.0002784607022612703,0.010035680071105042
cnn_dailymail,2,4096,2048,source_bootstrap,0.023858380543442984,0.00010799163389199192,0.004526360609235539
cnn_dailymail,2,4096,2048,bootstrap_jackknife,0.026260577623935123,0.00025013084610829,0.009524955988793977
cnn_dailymail,2,4096,4096,source_bootstrap,0.019711484068937597,0.0001904145513143849,0.00966008194250834
cnn_dailymail,2,4096,4096,bootstrap_jackknife,0.022784857549008882,0.0003210440635874243,0.014090237908965526
cnn_dailymail,3,1024,512,source_bootstrap,0.025606213784115327,0.00019125557208401692,0.007469107838295924
cnn_dailymail,3,1024,512,bootstrap_jackknife,0.028633932236537738,0.0003334793644227339,0.011646299979616645
cnn_dailymail,3,1024,1024,source_bootstrap,0.022476456022579933,9.943174767664437e-05,0.004423817864202206
cnn_dailymail,3,1024,1024,bootstrap_jackknife,0.026763547807420324,6.263295291979611e-05,0.002340233565836545
cnn_dailymail,3,1024,2048,source_bootstrap,0.018322547854323686,4.656749124047749e-05,0.0025415401619206944
cnn_dailymail,3,1024,2048,bootstrap_jackknife,0.023752167831120195,0.0002134632802269457,0.008987107271415672
cnn_dailymail,3,1024,4096,source_bootstrap,0.012261987832828466,7.914437642913381e-05,0.006454449107936981
cnn_dailymail,3,1024,4096,bootstrap_jackknife,0.01696898429344213,0.00021134310193736817,0.012454670137153952
cnn_dailymail,3,2048,512,source_bootstrap,0.027158769699877894,0.00023595675632670504,0.008688050266421526
cnn_dailymail,3,2048,512,bootstrap_jackknife,0.028736510138274534,0.0006459909395045079,0.02247979787371968
cnn_dailymail,3,2048,1024,source_bootstrap,0.024962907795515094,0.0001309214152481165,0.0052446380173562235
cnn_dailymail,3,2048,1024,bootstrap_jackknife,0.027132474334734143,0.00025140598541877334,0.009265870201042862
cnn_dailymail,3,2048,2048,source_bootstrap,0.02178261636074701,0.00010140335525570982,0.004655242215918653
cnn_dailymail,3,2048,2048,bootstrap_jackknife,0.025405729054039372,0.0003484269684312604,0.01371450383061778
cnn_dailymail,3,2048,4096,source_bootstrap,0.01662256878084085,0.0002018132533993121,0.012140918534319542
cnn_dailymail,3,2048,4096,bootstrap_jackknife,0.020821047945714214,0.00041673928830828015,0.020015288826711598
cnn_dailymail,3,4096,512,source_bootstrap,0.02758912583390546,7.177804139796572e-05,0.0026016787132035406
cnn_dailymail,3,4096,512,bootstrap_jackknife,0.02819952323993835,9.555884883067886e-05,0.0033886689508048494
cnn_dailymail,3,4096,1024,source_bootstrap,0.026244096612464393,0.00010295532229219778,0.003922989760802058
cnn_dailymail,3,4096,1024,bootstrap_jackknife,0.027395745493570458,0.00013919397811679106,0.00508086111945589
cnn_dailymail,3,4096,2048,source_bootstrap,0.02374574560138985,0.00017426658605238827,0.007338855093359897
cnn_dailymail,3,4096,2048,bootstrap_jackknife,0.026057506195758973,0.000382159473662223,0.014666003369287193
cnn_dailymail,3,4096,4096,source_bootstrap,0.019397536006335033,3.1512866276616764e-05,0.0016245808883316411
cnn_dailymail,3,4096,4096,bootstrap_jackknife,0.022095503508140834,0.0001476208922229319,0.006681037712878672
cnn_dailymail,4,1024,512,source_bootstrap,0.0259444039978052,0.000147208191986243,0.005673986266891938
cnn_dailymail,4,1024,512,bootstrap_jackknife,0.028953541086156737,0.00019341260193125737,0.0066801018001812484
cnn_dailymail,4,1024,1024,source_bootstrap,0.023008141174496732,0.0003101189668571966,0.0134786623789038
cnn_dailymail,4,1024,1024,bootstrap_jackknife,0.027153242799044686,0.0005471034385576917,0.020148732974793717
cnn_dailymail,4,1024,2048,source_bootstrap,0.01842804516439649,0.00019380124494787468,0.010516646948657594
cnn_dailymail,4,1024,2048,bootstrap_jackknife,0.023692712108577374,0.00042164160656764355,0.01779625754263052
cnn_dailymail,4,1024,4096,source_bootstrap,0.012695300237107637,0.00011839755258307202,0.00932609315036148
cnn_dailymail,4,1024,4096,bootstrap_jackknife,0.017627464692091546,0.00021460157698234594,0.012174273540234383
cnn_dailymail,4,2048,512,source_bootstrap,0.026843749599552397,0.00010430192601154447,0.00388552000251424
cnn_dailymail,4,2048,512,bootstrap_jackknife,0.027735899491593496,0.00016943151376927845,0.006108744150180946
cnn_dailymail,4,2048,1024,source_bootstrap,0.025607674714310736,4.227629417627155e-05,0.0016509228052887454
cnn_dailymail,4,2048,1024,bootstrap_jackknife,0.028128722034159073,2.288679254898449e-05,0.0008136449470114971
cnn_dailymail,4,2048,2048,source_bootstrap,0.02188589372051653,8.105584385064515e-05,0.00370356563390696
cnn_dailymail,4,2048,2048,bootstrap_jackknife,0.025459142079845534,0.00025831540435146443,0.010146272939650907
cnn_dailymail,4,2048,4096,source_bootstrap,0.016660055869703802,6.138665832200529e-05,0.003684661012069984
cnn_dailymail,4,2048,4096,bootstrap_jackknife,0.020711850543515337,0.0002424560277748096,0.011706149929259703
cnn_dailymail,4,4096,512,source_bootstrap,0.027521840080794707,0.00013596289959710983,0.0049401820226398115
cnn_dailymail,4,4096,512,bootstrap_jackknife,0.02801712259711929,0.0003194961515953881,0.011403603296087179
cnn_dailymail,4,4096,1024,source_bootstrap,0.026730067003667247,0.00017909934251750007,0.006700295307637217
cnn_dailymail,4,4096,1024,bootstrap_jackknife,0.028018033710918766,0.0003392428738689489,0.012108018620048426
cnn_dailymail,4,4096,2048,source_bootstrap,0.023966394875323715,0.0001711986073750893,0.007143277420975771
cnn_dailymail,4,4096,2048,bootstrap_jackknife,0.026164946654229526,0.0003161748510595362,0.01208390963825745
cnn_dailymail,4,4096,4096,source_bootstrap,0.019345652971190067,6.76851908674609e-05,0.003498728679164205
cnn_dailymail,4,4096,4096,bootstrap_jackknife,0.021915992786787287,0.0001599732607761176,0.007299384624390015
cnn_dailymail,5,1024,512,source_bootstrap,0.025503349802952425,0.0003101462977914576,0.012161002385480874
cnn_dailymail,5,1024,512,bootstrap_jackknife,0.028402339086274448,0.0006152966612026917,0.021663591133592106
cnn_dailymail,5,1024,1024,source_bootstrap,0.022652548791018436,7.224957889821698e-05,0.0031894679739907852
cnn_dailymail,5,1024,1024,bootstrap_jackknife,0.02653256024306125,0.0003497158921246799,0.013180631228987298
cnn_dailymail,5,1024,2048,source_bootstrap,0.018048272264933645,0.00015922584217991511,0.008822220755682982
cnn_dailymail,5,1024,2048,bootstrap_jackknife,0.023341672407213857,0.000361166995196657,0.015473055610404188
cnn_dailymail,5,1024,4096,source_bootstrap,0.012232952616856092,0.00018059228387555263,0.014762771469147194
cnn_dailymail,5,1024,4096,bootstrap_jackknife,0.017006165035037202,0.00034890504687511663,0.020516386037432888
cnn_dailymail,5,2048,512,source_bootstrap,0.026853890950833056,2.5716645687230163e-05,0.0009576506337318089
cnn_dailymail,5,2048,512,bootstrap_jackknife,0.028396030699671736,0.0001424413310782321,0.005016240917075736
cnn_dailymail,5,2048,1024,source_bootstrap,0.025221860491107626,0.0001757122190850159,0.006966663666503353
cnn_dailymail,5,2048,1024,bootstrap_jackknife,0.02772256806326615,0.00047082771993008007,0.016983553574675913
cnn_dailymail,5,2048,2048,source_bootstrap,0.021595386997858092,0.00016685128190198128,0.007726246439507206
cnn_dailymail,5,2048,2048,bootstrap_jackknife,0.02519433413692676,0.0003375394316027035,0.013397434112298275
cnn_dailymail,5,2048,4096,source_bootstrap,0.01655844632252633,0.00013849777286132492,0.008364176817296603
cnn_dailymail,5,2048,4096,bootstrap_jackknife,0.020704327543419148,0.00028906275023135906,0.013961465284258285
cnn_dailymail,5,4096,512,source_bootstrap,0.027253571310796535,9.068644754167983e-05,0.0033275069350545733
cnn_dailymail,5,4096,512,bootstrap_jackknife,0.027866942882600415,0.00018851191744353188,0.006764714674218359
cnn_dailymail,5,4096,1024,source_bootstrap,0.026320459622690473,0.0001548555265283812,0.005883465894907191
cnn_dailymail,5,4096,1024,bootstrap_jackknife,0.027707983686534876,0.00035597222868912696,0.01284728014554582
cnn_dailymail,5,4096,2048,source_bootstrap,0.023405683286119233,0.000185761811221108,0.007936611332824205
cnn_dailymail,5,4096,2048,bootstrap_jackknife,0.02512219645791614,0.0004385165481072396,0.01745534268238957
cnn_dailymail,5,4096,4096,source_bootstrap,0.01934263967511721,5.823922631951813e-05,0.003010924429018772
cnn_dailymail,5,4096,4096,bootstrap_jackknife,0.02212090756520739,0.0002208675022151279,0.009984558796426452
