corpus,m,n,method,ratio,error
tinystories,1024,512,source_full,0.94587909206148,0.055679203944433285
tinystories,1024,512,source_jackknife,1.060734013372351,0.05891845886286931
tinystories,1024,512,multinomial,0.8936667373467719,0.11243842448372039
tinystories,1024,512,multinomial_jackknife,0.9153172186821483,0.08850236249229243
tinystories,1024,512,source_bootstrap,0.9233829696549013,0.07982172538304193
tinystories,1024,512,bootstrap_jackknife,1.0054417041431354,0.018048534588418912
tinystories,1024,512,direct_inverse_size,0.9972687001977767,0.01111429199303346
tinystories,1024,512,direct_constant,0.9976026647039019,0.010890396397965928
tinystories,1024,512,source_times_1.25,1.1823488650768499,0.16746434736977647
tinystories,1024,512,multinomial_times_1.25,1.1170834216834646,0.11070512683048934
tinystories,1024,512,source_gated,0.94587909206148,0.055679203944433285
tinystories,1024,512,multinomial_gated,0.8936667373467719,0.11243842448372039
tinystories,1024,1024,source_full,0.8365534847651209,0.17852246126868918
tinystories,1024,1024,source_jackknife,0.9777066049613292,0.022616500375273834
tinystories,1024,1024,multinomial,0.8787580594775577,0.12929004347848405
tinystories,1024,1024,multinomial_jackknife,0.9181132308647035,0.0854784731763642
tinystories,1024,1024,source_bootstrap,0.850167815470021,0.162347960675548
tinystories,1024,1024,bootstrap_jackknife,0.9670889930206793,0.03353155898431117
tinystories,1024,1024,direct_inverse_size,0.6279966881106387,0.465307189102099
tinystories,1024,1024,direct_constant,1.256413982229972,0.22817706785677286
tinystories,1024,1024,source_times_1.25,1.045691855956401,0.044621090045520645
tinystories,1024,1024,multinomial_times_1.25,1.098447574346947,0.09385350783572564
tinystories,1024,1024,source_gated,0.9777066049613292,0.022616500375273834
tinystories,1024,1024,multinomial_gated,0.9181132308647035,0.0854784731763642
tinystories,1024,2048,source_full,0.7097871183279334,0.34291960615220557
tinystories,1024,2048,source_jackknife,0.8679750047240392,0.14178129977486792
tinystories,1024,2048,multinomial,0.846969193476086,0.1662390236126117
tinystories,1024,2048,multinomial_jackknife,0.9109665904310769,0.09343157054406846
tinystories,1024,2048,source_bootstrap,0.7377005438342569,0.304511037065295
tinystories,1024,2048,bootstrap_jackknife,0.8898646475437794,0.11717125723803912
tinystories,1024,2048,direct_inverse_size,0.41123787968709286,0.888670252087429
tinystories,1024,2048,direct_constant,1.6455023787336993,0.4979611854313883
tinystories,1024,2048,source_times_1.25,0.8872338979099167,0.11977605483799586
tinystories,1024,2048,multinomial_times_1.25,1.0587114918451075,0.056904527701598005
tinystories,1024,2048,source_gated,0.8679750047240392,0.14178129977486792
tinystories,1024,2048,multinomial_gated,0.9109665904310769,0.09343157054406846
tinystories,1024,4096,source_full,0.5766617569212581,0.5507116756138344
tinystories,1024,4096,source_jackknife,0.7355889476802132,0.30742583505731874
tinystories,1024,4096,multinomial,0.7994600011749285,0.22420972096678585
tinystories,1024,4096,multinomial_jackknife,0.8948417460823025,0.1116522115661182
tinystories,1024,4096,source_bootstrap,0.6054233241382857,0.5019850609173885
tinystories,1024,4096,bootstrap_jackknife,0.781401877428735,0.24699137111377623
tinystories,1024,4096,direct_inverse_size,0.28096129467650793,1.2696251633654252
tinystories,1024,4096,direct_constant,2.248443062074294,0.8101534547133372
tinystories,1024,4096,source_times_1.25,0.7208271961515725,0.3275681242996246
tinystories,1024,4096,multinomial_times_1.25,0.9993250014686608,0.024319186883913418
tinystories,1024,4096,source_gated,0.7355889476802132,0.30742583505731874
tinystories,1024,4096,multinomial_gated,0.8948417460823025,0.1116522115661182
tinystories,2048,512,source_full,1.028626605974587,0.028196382644215853
tinystories,2048,512,source_jackknife,1.1125913143134933,0.10662059683206847
tinystories,2048,512,multinomial,0.9009895575673618,0.1042765824446233
tinystories,2048,512,multinomial_jackknife,0.9108208716154077,0.09343540760445633
tinystories,2048,512,source_bootstrap,0.9664089547347374,0.03425136672836889
tinystories,2048,512,bootstrap_jackknife,1.0178799146203816,0.025401699249598664
tinystories,2048,512,direct_inverse_size,1.60249681905301,0.4714553010641495
tinystories,2048,512,direct_constant,0.8018629285195658,0.22092797357702812
tinystories,2048,512,source_times_1.25,1.2857832574682335,0.25133993395842563
tinystories,2048,512,multinomial_times_1.25,1.1262369469592022,0.11886696886958648
tinystories,2048,512,source_gated,1.028626605974587,0.028196382644215853
tinystories,2048,512,multinomial_gated,0.9009895575673618,0.1042765824446233
tinystories,2048,1024,source_full,0.946541345248654,0.05496682318260937
tinystories,2048,1024,source_jackknife,1.0589348116145105,0.05719696142393945
tinystories,2048,1024,multinomial,0.8938702814854282,0.112230635538136
tinystories,2048,1024,multinomial_jackknife,0.9136304288911067,0.0903869738344007
tinystories,2048,1024,source_bootstrap,0.9245553922820673,0.07847922669003089
tinystories,2048,1024,bootstrap_jackknife,1.0001504357445812,0.010546174444648672
tinystories,2048,1024,direct_inverse_size,1.0091189013287427,0.01606151471771436
tinystories,2048,1024,direct_constant,1.009892846991224,0.01682510274489162
tinystories,2048,1024,source_times_1.25,1.1831766815608178,0.16817672813160037
tinystories,2048,1024,multinomial_times_1.25,1.1173378518567856,0.11091291577607378
tinystories,2048,1024,source_gated,0.946541345248654,0.05496682318260937
tinystories,2048,1024,multinomial_gated,0.8938702814854282,0.112230635538136
tinystories,2048,2048,source_full,0.8413485965533826,0.1727754227728567
tinystories,2048,2048,source_jackknife,0.9760463150991694,0.024302689959447527
tinystories,2048,2048,multinomial,0.873940084635311,0.13479153298296934
tinystories,2048,2048,multinomial_jackknife,0.9086499575381349,0.0958804371669137
tinystories,2048,2048,source_bootstrap,0.864506001088818,0.14566238691441277
tinystories,2048,2048,bootstrap_jackknife,0.9849339213546304,0.021109675048319742
tinystories,2048,2048,direct_inverse_size,0.6608122704963844,0.4143931115508965
tinystories,2048,2048,direct_constant,1.322638163450522,0.2795179749278165
tinystories,2048,2048,source_times_1.25,1.0516857456917281,0.050368128541353085
tinystories,2048,2048,multinomial_times_1.25,1.0924251057941385,0.0883520183312404
tinystories,2048,2048,source_gated,0.9760463150991694,0.024302689959447527
tinystories,2048,2048,multinomial_gated,0.9086499575381349,0.0958804371669137
tinystories,2048,4096,source_full,0.7219270101418983,0.32585046278314694
tinystories,2048,4096,source_jackknife,0.8702735674946303,0.13899210017639538
tinystories,2048,4096,multinomial,0.8435115720147006,0.17021384876204837
tinystories,2048,4096,multinomial_jackknife,0.8989413843216376,0.10664481004000216
tinystories,2048,4096,source_bootstrap,0.7665809586840149,0.265898649030258
tinystories,2048,4096,bootstrap_jackknife,0.931731883346688,0.07089807581114503
tinystories,2048,4096,direct_inverse_size,0.45147268826027387,0.7953480228288927
tinystories,2048,4096,direct_constant,1.8072757843921,0.5917102442097654
tinystories,2048,4096,source_times_1.25,0.9024087626773729,0.10270691146893719
tinystories,2048,4096,multinomial_times_1.25,1.0543894650183756,0.05292970255216145
tinystories,2048,4096,source_gated,0.8702735674946303,0.13899210017639538
tinystories,2048,4096,multinomial_gated,0.8989413843216376,0.10664481004000216
tinystories,4096,512,source_full,1.0810823108817216,0.07790867960820096
tinystories,4096,512,source_jackknife,1.1354752015770162,0.12693787392946554
tinystories,4096,512,multinomial,0.9019084323960731,0.1032537201327393
tinystories,4096,512,multinomial_jackknife,0.9053102481408661,0.0994863623210185
tinystories,4096,512,source_bootstrap,0.9845171004696547,0.01560916881469123
tinystories,4096,512,bootstrap_jackknife,1.0069806064123064,0.009061429467324349
tinystories,4096,512,direct_inverse_size,2.4687382308286745,0.9033949514341377
tinystories,4096,512,direct_constant,0.6174893350455342,0.4824095601082506
tinystories,4096,512,source_times_1.25,1.3513528886021517,0.3010522309224108
tinystories,4096,512,multinomial_times_1.25,1.1273855404950914,0.11988983118147051
tinystories,4096,512,source_gated,1.0810823108817216,0.07790867960820096
tinystories,4096,512,multinomial_gated,0.9019084323960731,0.1032537201327393
tinystories,4096,1024,source_full,1.0203590625012753,0.02011903623613957
tinystories,4096,1024,source_jackknife,1.0989113659171952,0.09424705441212099
tinystories,4096,1024,multinomial,0.8966700063280312,0.10908287138336074
tinystories,4096,1024,multinomial_jackknife,0.9043402091412249,0.10055709384716699
tinystories,4096,1024,source_bootstrap,0.9649539299208592,0.03574168105192695
tinystories,4096,1024,bootstrap_jackknife,1.0052173169249672,0.018305438874192292
tinystories,4096,1024,direct_inverse_size,1.5546055265396983,0.44090960180442146
tinystories,4096,1024,direct_constant,0.7776866099885253,0.25174772917802135
tinystories,4096,1024,source_times_1.25,1.2754488281265945,0.24326258755034932
tinystories,4096,1024,multinomial_times_1.25,1.1208375079100392,0.114060679930849
tinystories,4096,1024,source_gated,1.0203590625012753,0.02011903623613957
tinystories,4096,1024,multinomial_gated,0.8966700063280312,0.10908287138336074
tinystories,4096,2048,source_full,0.9399636979297675,0.06194523558949768
tinystories,4096,2048,source_jackknife,1.0440609403632606,0.04306022872014137
tinystories,4096,2048,multinomial,0.8828660952726232,0.12459836097906063
tinystories,4096,2048,multinomial_jackknife,0.8974442633324494,0.10821335057500615
tinystories,4096,2048,source_bootstrap,0.9310124938641714,0.07151060800878724
tinystories,4096,2048,bootstrap_jackknife,1.004562368550265,0.010421278926717242
tinystories,4096,2048,direct_inverse_size,1.0180191911639347,0.029023078751163143
tinystories,4096,2048,direct_constant,1.0185219081804469,0.02950903413579316
tinystories,4096,2048,source_times_1.25,1.1749546224122094,0.16119831572471213
tinystories,4096,2048,multinomial_times_1.25,1.103582619090779,0.0985451903351491
tinystories,4096,2048,source_gated,0.9399636979297675,0.06194523558949768
tinystories,4096,2048,multinomial_gated,0.8828660952726232,0.12459836097906063
tinystories,4096,4096,source_full,0.8441142798030511,0.1695108538493155
tinystories,4096,4096,source_jackknife,0.9708328408621378,0.029699405059121515
tinystories,4096,4096,multinomial,0.8640867986200576,0.14611837541037134
tinystories,4096,4096,multinomial_jackknife,0.8881434649559551,0.11867850028144478
tinystories,4096,4096,source_bootstrap,0.8671971983600795,0.1425652669592244
tinystories,4096,4096,bootstrap_jackknife,0.9760198083537842,0.024403136534551628
tinystories,4096,4096,direct_inverse_size,0.6955195619931304,0.3634083724589047
tinystories,4096,4096,direct_constant,1.3917260452587985,0.33022865767854304
tinystories,4096,4096,source_times_1.25,1.055142849753814,0.053632697464894276
tinystories,4096,4096,multinomial_times_1.25,1.0801084982750722,0.07702517590383841
tinystories,4096,4096,source_gated,0.9708328408621378,0.029699405059121515
tinystories,4096,4096,multinomial_gated,0.8881434649559551,0.11867850028144478
wikitext,1024,512,source_full,0.9424296619583643,0.05932710851198723
wikitext,1024,512,source_jackknife,1.0997063919972878,0.09496230309129224
wikitext,1024,512,multinomial,0.9161893453697989,0.08759216874945985
wikitext,1024,512,multinomial_jackknife,0.9673881628875771,0.03324419874811913
wikitext,1024,512,source_bootstrap,0.8721824313097063,0.13680342103474485
wikitext,1024,512,bootstrap_jackknife,0.9843157235244201,0.017106108384388738
wikitext,1024,512,direct_inverse_size,0.9897906359830891,0.010431768539674494
wikitext,1024,512,direct_constant,0.9902791641985971,0.009951829449776708
wikitext,1024,512,source_times_1.25,1.1780370774479554,0.16381644280222252
wikitext,1024,512,multinomial_times_1.25,1.1452366817122486,0.13555138256474988
wikitext,1024,512,source_gated,0.9424296619583643,0.05932710851198723
wikitext,1024,512,multinomial_gated,0.9161893453697989,0.08759216874945985
wikitext,1024,1024,source_full,0.8008804921786209,0.22208856122484302
wikitext,1024,1024,source_jackknife,0.9962722223382207,0.012145877331997493
wikitext,1024,1024,multinomial,0.8674849212036285,0.14223000795228383
wikitext,1024,1024,multinomial_jackknife,0.9464210527353321,0.055200858129041214
wikitext,1024,1024,source_bootstrap,0.7772452424523012,0.2520314636037941
wikitext,1024,1024,bootstrap_jackknife,0.9361067643305934,0.06614084384344582
wikitext,1024,1024,direct_inverse_size,0.49222302495311504,0.7088634509687576
wikitext,1024,1024,direct_constant,0.9849319402092303,0.015224887030662285
wikitext,1024,1024,source_times_1.25,1.001100615223276,0.008833772274761285
wikitext,1024,1024,multinomial_times_1.25,1.0843561515045357,0.08091354336192598
wikitext,1024,1024,source_gated,0.9962722223382207,0.012145877331997493
wikitext,1024,1024,multinomial_gated,0.9464210527353321,0.055200858129041214
wikitext,1024,2048,source_full,0.6309045013009027,0.4606548875884065
wikitext,1024,2048,source_jackknife,0.842887464180109,0.17102572764839588
wikitext,1024,2048,multinomial,0.7972119983652353,0.22671580432956184
wikitext,1024,2048,multinomial_jackknife,0.9124488245526858,0.09180211956399838
wikitext,1024,2048,source_bootstrap,0.6501505108256167,0.4305851305416284
wikitext,1024,2048,bootstrap_jackknife,0.8573373196061237,0.15402157066607677
wikitext,1024,2048,direct_inverse_size,0.25549581118998405,1.3645893525510282
wikitext,1024,2048,direct_constant,1.0224876621919579,0.02219639194701212
wikitext,1024,2048,source_times_1.25,0.7886306266261283,0.23751133627419674
wikitext,1024,2048,multinomial_times_1.25,0.9965149979565437,0.012323793098911006
wikitext,1024,2048,source_gated,0.842887464180109,0.17102572764839588
wikitext,1024,2048,multinomial_gated,0.9124488245526858,0.09180211956399838
wikitext,1024,4096,source_full,0.4568655494046874,0.7834302306437291
wikitext,1024,4096,source_jackknife,0.6488833951808454,0.4326022548879535
wikitext,1024,4096,multinomial,0.7093431676582616,0.34353560663050775
wikitext,1024,4096,multinomial_jackknife,0.8625123172424847,0.14819336911571054
wikitext,1024,4096,source_bootstrap,0.48213559765809316,0.7296093680446423
wikitext,1024,4096,bootstrap_jackknife,0.6838657305538463,0.3802513209602134
wikitext,1024,4096,direct_inverse_size,0.14061323080443874,1.9617822901016615
wikitext,1024,4096,direct_constant,1.1254610630902198,0.11815063495632434
wikitext,1024,4096,source_times_1.25,0.571081936755859,0.5602866793295194
wikitext,1024,4096,multinomial_times_1.25,0.8866789595728269,0.12039205531629793
wikitext,1024,4096,source_gated,0.6488833951808454,0.4326022548879535
wikitext,1024,4096,multinomial_gated,0.8625123172424847,0.14819336911571054
wikitext,2048,512,source_full,1.0498675545303977,0.048588716155010946
wikitext,2048,512,source_jackknife,1.1551225065181325,0.14406548337345704
wikitext,2048,512,multinomial,0.9465692954222169,0.054919173904399377
wikitext,2048,512,multinomial_jackknife,0.9751517715482518,0.025177879173419696
wikitext,2048,512,source_bootstrap,0.9374182009479841,0.06471543931274769
wikitext,2048,512,bootstrap_jackknife,1.006137325537192,0.0167787763688885
wikitext,2048,512,direct_inverse_size,2.0092591056952087,0.6976435700402895
wikitext,2048,512,direct_constant,1.004804240694807,0.014013676976053574
wikitext,2048,512,source_times_1.25,1.312334443162997,0.2717322674692207
wikitext,2048,512,multinomial_times_1.25,1.183211619277771,0.16822437740981042
wikitext,2048,512,source_gated,1.0498675545303977,0.048588716155010946
wikitext,2048,512,multinomial_gated,0.9465692954222169,0.054919173904399377
wikitext,2048,1024,source_full,0.9480867426960173,0.053392603763591485
wikitext,2048,1024,source_jackknife,1.0927066286653861,0.0884899700546446
wikitext,2048,1024,multinomial,0.9141756937386333,0.0897476429008191
wikitext,2048,1024,multinomial_jackknife,0.9589342011533762,0.04197015515401648
wikitext,2048,1024,source_bootstrap,0.8885366873367477,0.11823556395384745
wikitext,2048,1024,bootstrap_jackknife,0.9911704086744809,0.00997532240854934
wikitext,2048,1024,direct_inverse_size,0.9992048408677647,0.013473940738359454
wikitext,2048,1024,direct_constant,0.9993785854506022,0.013330223108191689
wikitext,2048,1024,source_times_1.25,1.1851084283700215,0.1697509475506183
wikitext,2048,1024,multinomial_times_1.25,1.1427196171732916,0.1333959084133906
wikitext,2048,1024,source_gated,0.9480867426960173,0.053392603763591485
wikitext,2048,1024,multinomial_gated,0.9141756937386333,0.0897476429008191
wikitext,2048,2048,source_full,0.815966509878004,0.20345267103283338
wikitext,2048,2048,source_jackknife,0.9980150671226625,0.016309755452060756
wikitext,2048,2048,multinomial,0.8686653774438119,0.14082370798222985
wikitext,2048,2048,multinomial_jackknife,0.9380806662197956,0.06398797443829089
wikitext,2048,2048,source_bootstrap,0.8040237893702616,0.21819981537287117
wikitext,2048,2048,bootstrap_jackknife,0.9585741585945146,0.04253337853824651
wikitext,2048,2048,direct_inverse_size,0.5186523962116268,0.6566438569689722
wikitext,2048,2048,direct_constant,1.037485161934152,0.036679148855681395
wikitext,2048,2048,source_times_1.25,1.0199581373475048,0.019690880281376444
wikitext,2048,2048,multinomial_times_1.25,1.0858317218047646,0.08231984333197986
wikitext,2048,2048,source_gated,0.9980150671226625,0.016309755452060756
wikitext,2048,2048,multinomial_gated,0.9380806662197956,0.06398797443829089
wikitext,2048,4096,source_full,0.6655680036786737,0.4071726486497816
wikitext,2048,4096,source_jackknife,0.8712491369512129,0.137947311936959
wikitext,2048,4096,multinomial,0.8166985116789867,0.20252318053356802
wikitext,2048,4096,multinomial_jackknife,0.9217971803928621,0.08152181067905803
wikitext,2048,4096,source_bootstrap,0.6791763415974222,0.38694744474231113
wikitext,2048,4096,bootstrap_jackknife,0.8726259906318773,0.1364753595981509
wikitext,2048,4096,direct_inverse_size,0.28544260180277925,1.2538367945196054
wikitext,2048,4096,direct_constant,1.1419689415005674,0.1326333918649936
wikitext,2048,4096,source_times_1.25,0.8319600045983422,0.18402909733557185
wikitext,2048,4096,multinomial_times_1.25,1.0208731395987334,0.020620370780641713
wikitext,2048,4096,source_gated,0.8712491369512129,0.137947311936959
wikitext,2048,4096,multinomial_gated,0.9217971803928621,0.08152181067905803
wikitext,4096,512,source_full,1.1132582482145608,0.10724029907559057
wikitext,4096,512,source_jackknife,1.177322304873166,0.16316828746843504
wikitext,4096,512,multinomial,0.9619010818539957,0.03884978987002042
wikitext,4096,512,multinomial_jackknife,0.978188602844147,0.022060640745972544
wikitext,4096,512,source_bootstrap,0.964932690192062,0.03571025731819218
wikitext,4096,512,bootstrap_jackknife,0.9968843961564968,0.007111356029250081
wikitext,4096,512,direct_inverse_size,3.8347132112101177,1.3439526075524315
wikitext,4096,512,direct_constant,0.9588581123391908,0.042153835806734714
wikitext,4096,512,source_times_1.25,1.3915728102682008,0.3303838503898003
wikitext,4096,512,multinomial_times_1.25,1.2023763523174946,0.18429376144418932
wikitext,4096,512,source_gated,1.1132582482145608,0.10724029907559057
wikitext,4096,512,multinomial_gated,0.9619010818539957,0.03884978987002042
wikitext,4096,1024,source_full,1.0405351443029698,0.039667247134634674
wikitext,4096,1024,source_jackknife,1.1347956702202147,0.12633750166122207
wikitext,4096,1024,multinomial,0.9366510424394974,0.06545989238483481
wikitext,4096,1024,multinomial_jackknife,0.9610420080353684,0.03976016895286208
wikitext,4096,1024,source_bootstrap,0.9423193559805387,0.05944012410614632
wikitext,4096,1024,bootstrap_jackknife,0.9989384819153689,0.006469496687966034
wikitext,4096,1024,direct_inverse_size,1.9070034288360014,0.6453910821254405
wikitext,4096,1024,direct_constant,0.9536805530346402,0.04756818067378046
wikitext,4096,1024,source_times_1.25,1.3006689303787125,0.26281079844884453
wikitext,4096,1024,multinomial_times_1.25,1.1708138030493715,0.15768365892937494
wikitext,4096,1024,source_gated,1.0405351443029698,0.039667247134634674
wikitext,4096,1024,multinomial_gated,0.9366510424394974,0.06545989238483481
wikitext,4096,2048,source_full,0.9419869497235211,0.05983116456495504
wikitext,4096,2048,source_jackknife,1.0705171830412479,0.06801360013636736
wikitext,4096,2048,multinomial,0.9014825463725593,0.10374410153390749
wikitext,4096,2048,multinomial_jackknife,0.9377927398298364,0.06427256014804286
wikitext,4096,2048,source_bootstrap,0.8940003155667715,0.11209556076896106
wikitext,4096,2048,bootstrap_jackknife,0.9919553579788958,0.014497787613535028
wikitext,4096,2048,direct_inverse_size,0.9898589933677823,0.01677278489651211
wikitext,4096,2048,direct_constant,0.9900446511493731,0.016598298319668577
wikitext,4096,2048,source_times_1.25,1.1774836871544014,0.16331238674925475
wikitext,4096,2048,multinomial_times_1.25,1.126853182965699,0.11939944978030222
wikitext,4096,2048,source_gated,0.9419869497235211,0.05983116456495504
wikitext,4096,2048,multinomial_gated,0.9014825463725593,0.10374410153390749
wikitext,4096,4096,source_full,0.8275940523037285,0.18928483789957676
wikitext,4096,4096,source_jackknife,0.9919908075938029,0.013764056938832972
wikitext,4096,4096,multinomial,0.8658818001346569,0.14405547601758173
wikitext,4096,4096,multinomial_jackknife,0.9208803303585826,0.08249737130981279
wikitext,4096,4096,source_bootstrap,0.8180887369201383,0.20090470239831407
wikitext,4096,4096,bootstrap_jackknife,0.9529063110203212,0.04846415733399454
wikitext,4096,4096,direct_inverse_size,0.5447732017601461,0.6075277570074635
wikitext,4096,4096,direct_constant,1.0897507586552893,0.08580734131320616
wikitext,4096,4096,source_times_1.25,1.0344925653796606,0.03385871341463303
wikitext,4096,4096,multinomial_times_1.25,1.0823522501683212,0.07908807529662794
wikitext,4096,4096,source_gated,0.9919908075938029,0.013764056938832972
wikitext,4096,4096,multinomial_gated,0.9208803303585826,0.08249737130981279
cnn_dailymail,1024,512,source_full,0.9549626787857787,0.04613035160995927
cnn_dailymail,1024,512,source_jackknife,1.0846279854293661,0.08116061889709672
cnn_dailymail,1024,512,multinomial,0.9730513274456738,0.027346703257730674
cnn_dailymail,1024,512,multinomial_jackknife,1.0156914548298306,0.016026438001838093
cnn_dailymail,1024,512,source_bootstrap,0.8932454398578713,0.11296514771527875
cnn_dailymail,1024,512,bootstrap_jackknife,0.9901249717590818,0.017873933352983807
cnn_dailymail,1024,512,direct_inverse_size,1.001587571082778,0.012799957263976078
cnn_dailymail,1024,512,direct_constant,1.001587571082778,0.012799957263976078
cnn_dailymail,1024,512,source_times_1.25,1.1937033484822233,0.17701319970425047
cnn_dailymail,1024,512,multinomial_times_1.25,1.216314159307092,0.1957968480564791
cnn_dailymail,1024,512,source_gated,0.9549626787857787,0.04613035160995927
cnn_dailymail,1024,512,multinomial_gated,0.9730513274456738,0.027346703257730674
cnn_dailymail,1024,1024,source_full,0.8351629430357843,0.18016244278147753
cnn_dailymail,1024,1024,source_jackknife,1.0131464307669964,0.0157424486241761
cnn_dailymail,1024,1024,multinomial,0.9249973381904956,0.07798092413022827
cnn_dailymail,1024,1024,multinomial_jackknife,0.9939538264529081,0.008721290218349852
cnn_dailymail,1024,1024,source_bootstrap,0.810581674037797,0.21004695047615232
cnn_dailymail,1024,1024,bootstrap_jackknife,0.9579845186064009,0.04301998426612735
cnn_dailymail,1024,1024,direct_inverse_size,0.5090312936102724,0.6753813954893501
cnn_dailymail,1024,1024,direct_constant,1.0180625872205449,0.018534338160393325
cnn_dailymail,1024,1024,source_times_1.25,1.0439536787947303,0.042981108532732216
cnn_dailymail,1024,1024,multinomial_times_1.25,1.1562466727381193,0.14516262718398149
cnn_dailymail,1024,1024,source_gated,1.0131464307669964,0.0157424486241761
cnn_dailymail,1024,1024,multinomial_gated,0.9939538264529081,0.008721290218349852
cnn_dailymail,1024,2048,source_full,0.6898017187630848,0.371374204281949
cnn_dailymail,1024,2048,source_jackknife,0.9018354791599359,0.10336653096186871
cnn_dailymail,1024,2048,multinomial,0.8673778038572697,0.14230245176410716
cnn_dailymail,1024,2048,multinomial_jackknife,0.9726954396380671,0.0277432877870581
cnn_dailymail,1024,2048,source_bootstrap,0.7014465605272524,0.3546577404472171
cnn_dailymail,1024,2048,bootstrap_jackknife,0.9056649379110588,0.09917688001172505
cnn_dailymail,1024,2048,direct_inverse_size,0.2743934081295388,1.2933280180086582
cnn_dailymail,1024,2048,direct_constant,1.097573632518155,0.09296634311123264
cnn_dailymail,1024,2048,source_times_1.25,0.8622521484538559,0.14823065296773924
cnn_dailymail,1024,2048,multinomial_times_1.25,1.0842222548215872,0.08084109955010267
cnn_dailymail,1024,2048,source_gated,0.9018354791599359,0.10336653096186871
cnn_dailymail,1024,2048,multinomial_gated,0.9726954396380671,0.0277432877870581
cnn_dailymail,1024,4096,source_full,0.5224891162517117,0.6491752387307538
cnn_dailymail,1024,4096,source_jackknife,0.7287403716862522,0.31648005192734496
cnn_dailymail,1024,4096,multinomial,0.7850750880850493,0.24207423396616035
cnn_dailymail,1024,4096,multinomial_jackknife,0.9311234468594033,0.07153809344998853
cnn_dailymail,1024,4096,source_bootstrap,0.5425256189859062,0.6116598177809774
cnn_dailymail,1024,4096,bootstrap_jackknife,0.7535466588487402,0.2832141905702948
cnn_dailymail,1024,4096,direct_inverse_size,0.1562533037423255,1.856412458376436
cnn_dailymail,1024,4096,direct_constant,1.250026429938604,0.22302908330339996
cnn_dailymail,1024,4096,source_times_1.25,0.6531113953146396,0.426031687416544
cnn_dailymail,1024,4096,multinomial_times_1.25,0.9813438601063117,0.01898923956645351
cnn_dailymail,1024,4096,source_gated,0.7287403716862522,0.31648005192734496
cnn_dailymail,1024,4096,multinomial_gated,0.9311234468594033,0.07153809344998853
cnn_dailymail,2048,512,source_full,1.0362159123399701,0.03555192796094791
cnn_dailymail,2048,512,source_jackknife,1.1147923728662625,0.10864086904955172
cnn_dailymail,2048,512,multinomial,0.9961282370049411,0.006058163688276551
cnn_dailymail,2048,512,multinomial_jackknife,1.0178446325076047,0.017658992981888787
cnn_dailymail,2048,512,source_bootstrap,0.9423012231226952,0.05947019700723794
cnn_dailymail,2048,512,bootstrap_jackknife,0.9895873159877177,0.013774704970040325
cnn_dailymail,2048,512,direct_inverse_size,1.9769788589338797,0.6814754452160598
cnn_dailymail,2048,512,direct_constant,0.988490539357807,0.013723731320470474
cnn_dailymail,2048,512,source_times_1.25,1.2952698904249624,0.25869547927515774
cnn_dailymail,2048,512,multinomial_times_1.25,1.2451602962561765,0.21923992752031282
cnn_dailymail,2048,512,source_gated,1.0362159123399701,0.03555192796094791
cnn_dailymail,2048,512,multinomial_gated,0.9961282370049411,0.006058163688276551
cnn_dailymail,2048,1024,source_full,0.955641869424579,0.04539490202451629
cnn_dailymail,2048,1024,source_jackknife,1.0744720234503156,0.07180281797160454
cnn_dailymail,2048,1024,multinomial,0.963204933878612,0.03751164785368531
cnn_dailymail,2048,1024,multinomial_jackknife,0.9992417476831996,0.005896645766686352
cnn_dailymail,2048,1024,source_bootstrap,0.9000879412342714,0.10530188052558094
cnn_dailymail,2048,1024,bootstrap_jackknife,0.9890761176720942,0.01336932928554524
cnn_dailymail,2048,1024,direct_inverse_size,1.0047489955524835,0.013534692131245848
cnn_dailymail,2048,1024,direct_constant,1.004750123699837,0.013535486861131306
cnn_dailymail,2048,1024,source_times_1.25,1.1945523367807238,0.17774864928969347
cnn_dailymail,2048,1024,multinomial_times_1.25,1.2040061673482645,0.18563190346052447
cnn_dailymail,2048,1024,source_gated,0.955641869424579,0.04539490202451629
cnn_dailymail,2048,1024,multinomial_gated,0.963204933878612,0.03751164785368531
cnn_dailymail,2048,2048,source_full,0.8548100902910056,0.1568941277040529
cnn_dailymail,2048,2048,source_jackknife,1.0190541148303065,0.018853893182888572
cnn_dailymail,2048,2048,multinomial,0.9285913546134191,0.07410466223368355
cnn_dailymail,2048,2048,multinomial_jackknife,0.9866693500449468,0.013451357197242747
cnn_dailymail,2048,2048,source_bootstrap,0.8354206323719798,0.17983869504295377
cnn_dailymail,2048,2048,bootstrap_jackknife,0.9724076398258403,0.028002330009490095
cnn_dailymail,2048,2048,direct_inverse_size,0.5416101223345557,0.6133032732784178
cnn_dailymail,2048,2048,direct_constant,1.0832214609251691,0.07984501990300343
cnn_dailymail,2048,2048,source_times_1.25,1.068512612863757,0.06624942361015683
cnn_dailymail,2048,2048,multinomial_times_1.25,1.1607391932667739,0.14903888908052618
cnn_dailymail,2048,2048,source_gated,1.0190541148303065,0.018853893182888572
cnn_dailymail,2048,2048,multinomial_gated,0.9866693500449468,0.013451357197242747
cnn_dailymail,2048,4096,source_full,0.7222106936455469,0.3254572425203854
cnn_dailymail,2048,4096,source_jackknife,0.921727961931079,0.08153476935083691
cnn_dailymail,2048,4096,multinomial,0.8797118911845334,0.12819749494441793
cnn_dailymail,2048,4096,multinomial_jackknife,0.9706158724145219,0.029909430978115267
cnn_dailymail,2048,4096,source_bootstrap,0.7296755778128411,0.3151703419195842
cnn_dailymail,2048,4096,bootstrap_jackknife,0.9135174122877462,0.09049065595788164
cnn_dailymail,2048,4096,direct_inverse_size,0.3084198397182598,1.1763877136461958
cnn_dailymail,2048,4096,direct_constant,1.2336807440668636,0.20990776009517062
cnn_dailymail,2048,4096,source_times_1.25,0.9027633670569338,0.10231369120617552
cnn_dailymail,2048,4096,multinomial_times_1.25,1.0996398639806668,0.09494605636979186
cnn_dailymail,2048,4096,source_gated,0.921727961931079,0.08153476935083691
cnn_dailymail,2048,4096,multinomial_gated,0.9706158724145219,0.029909430978115267
cnn_dailymail,4096,512,source_full,1.0785391268219058,0.075580060171506
cnn_dailymail,4096,512,source_jackknife,1.1222049725549483,0.11526604935135666
cnn_dailymail,4096,512,multinomial,1.0072306817489207,0.00735824028668175
cnn_dailymail,4096,512,multinomial_jackknife,1.0189113725757397,0.018720622526947183
cnn_dailymail,4096,512,source_bootstrap,0.9705034409530429,0.029972975994516305
cnn_dailymail,4096,512,bootstrap_jackknife,0.9963782574272197,0.01161516180844373
cnn_dailymail,4096,512,direct_inverse_size,3.652283101457935,1.2952487383176616
cnn_dailymail,4096,512,direct_constant,0.9130709575501877,0.0910454241199992
cnn_dailymail,4096,512,source_times_1.25,1.348173908527382,0.29872361148571563
cnn_dailymail,4096,512,multinomial_times_1.25,1.2590383521861508,0.23033402450452337
cnn_dailymail,4096,512,source_gated,1.0785391268219058,0.075580060171506
cnn_dailymail,4096,512,multinomial_gated,1.0072306817489207,0.00735824028668175
cnn_dailymail,4096,1024,source_full,1.0252842732186385,0.02494061436920726
cnn_dailymail,4096,1024,source_jackknife,1.0948154521131939,0.09055156439473762
cnn_dailymail,4096,1024,multinomial,0.9823704431485393,0.01779908320213292
cnn_dailymail,4096,1024,multinomial_jackknife,1.0007725546631998,0.004270625224542391
cnn_dailymail,4096,1024,source_bootstrap,0.9490014371422723,0.05239681622511458
cnn_dailymail,4096,1024,bootstrap_jackknife,0.9966329976966526,0.010340753707911248
cnn_dailymail,4096,1024,direct_inverse_size,1.856179574748756,0.6184166423424918
cnn_dailymail,4096,1024,direct_constant,0.9280899725568369,0.07473033953522362
cnn_dailymail,4096,1024,source_times_1.25,1.2816053415232982,0.24808416568341704
cnn_dailymail,4096,1024,multinomial_times_1.25,1.2279630539356743,0.20534446811207693
cnn_dailymail,4096,1024,source_gated,1.0252842732186385,0.02494061436920726
cnn_dailymail,4096,1024,multinomial_gated,0.9823704431485393,0.01779908320213292
cnn_dailymail,4096,2048,source_full,0.9603073538040671,0.04052246310452842
cnn_dailymail,4096,2048,source_jackknife,1.0645020251333557,0.06247939414014061
cnn_dailymail,4096,2048,multinomial,0.9594529421588233,0.041397000179543
cnn_dailymail,4096,2048,multinomial_jackknife,0.9879969454413698,0.012081505522913876
cnn_dailymail,4096,2048,source_bootstrap,0.9176910218102995,0.08593717577578659
cnn_dailymail,4096,2048,bootstrap_jackknife,1.0009426783799997,0.011895580151264696
cnn_dailymail,4096,2048,direct_inverse_size,1.0005739254327661,0.012675388854956242
cnn_dailymail,4096,2048,direct_constant,1.00057412507804,0.012675587537186022
cnn_dailymail,4096,2048,source_times_1.25,1.200384192255084,0.18262108820968134
cnn_dailymail,4096,2048,multinomial_times_1.25,1.1993161776985293,0.18174655113466676
cnn_dailymail,4096,2048,source_gated,0.9603073538040671,0.04052246310452842
cnn_dailymail,4096,2048,multinomial_gated,0.9594529421588233,0.041397000179543
cnn_dailymail,4096,4096,source_full,0.8688814252646493,0.1405656114557766
cnn_dailymail,4096,4096,source_jackknife,1.013954711691043,0.0138227190803391
cnn_dailymail,4096,4096,multinomial,0.9284858511909695,0.07421503364125315
cnn_dailymail,4096,4096,multinomial_jackknife,0.9732492888801575,0.027147211786213224
cnn_dailymail,4096,4096,source_bootstrap,0.8537612574906935,0.15812566363226824
cnn_dailymail,4096,4096,bootstrap_jackknife,0.9750704777990772,0.025319442760438193
cnn_dailymail,4096,4096,direct_inverse_size,0.5697767397294352,0.562614420544594
cnn_dailymail,4096,4096,direct_constant,1.1395537068348403,0.13053295869758114
cnn_dailymail,4096,4096,source_times_1.25,1.0861017815808114,0.08257793985843316
cnn_dailymail,4096,4096,multinomial_times_1.25,1.1606073139887116,0.14892851767295662
cnn_dailymail,4096,4096,source_gated,1.013954711691043,0.0138227190803391
cnn_dailymail,4096,4096,multinomial_gated,0.9732492888801575,0.027147211786213224
