corpus,m,n,ratio,factor,low,high
tinystories,1024,512,2.0,1.1222511372980488,1.107950690075698,1.1318331205795826
tinystories,1024,1024,1.0,1.1350007956338009,1.1226604777533766,1.1531512286060106
tinystories,1024,2048,0.5,1.1730231003090252,1.1578552562657134,1.2125575037018217
tinystories,1024,4096,0.25,1.237469953405074,1.2182505026097945,1.2976503053866766
tinystories,2048,512,4.0,1.112635858024781,1.0985875043506408,1.1223751962564759
tinystories,2048,1024,2.0,1.1209533597559778,1.1072804460529182,1.1317554351850496
tinystories,2048,2048,1.0,1.1449911398102692,1.12979637711119,1.1615482608702155
tinystories,2048,4096,0.5,1.1892224389150656,1.1707125229800406,1.2006016891579816
tinystories,4096,512,8.0,1.1095503171407128,1.0970081645191867,1.120499167987444
tinystories,4096,1024,4.0,1.115115309470466,1.104375384617512,1.126493908550121
tinystories,4096,2048,2.0,1.1320470624657857,1.120143727368613,1.1447871527726472
tinystories,4096,4096,1.0,1.1547730280283466,1.1422454369463568,1.1726630524291224
wikitext,1024,512,2.0,1.0872088759539427,1.0780905579783446,1.1068354862623986
wikitext,1024,1024,1.0,1.1497539219065367,1.1366907348911583,1.1708168919179114
wikitext,1024,2048,0.5,1.2572505983413125,1.2341814674520384,1.2754476359822766
wikitext,1024,4096,0.25,1.4137137490910294,1.385419030488705,1.4324807681789493
wikitext,2048,512,4.0,1.0548346798339385,1.0472529843292817,1.0643453429040721
wikitext,2048,1024,2.0,1.0940524896706343,1.0848294903130389,1.102731036432032
wikitext,2048,2048,1.0,1.1554557848401212,1.1393370222280705,1.1632502448395683
wikitext,2048,4096,0.5,1.2269789282974615,1.2114635963983231,1.2374550377902356
wikitext,4096,512,8.0,1.0383140072483366,1.0307556010574614,1.0482165386919526
wikitext,4096,1024,4.0,1.065186722260653,1.0585408974970432,1.077341382356381
wikitext,4096,2048,2.0,1.107901615921621,1.0970599701030064,1.1210498009722456
wikitext,4096,4096,1.0,1.1536772425880961,1.1427107124127003,1.1683356504023172
cnn_dailymail,1024,512,2.0,1.028721390465602,1.0190392840046962,1.0366168916486924
cnn_dailymail,1024,1024,1.0,1.081839677489352,1.0726237722818233,1.0896977377033594
cnn_dailymail,1024,2048,0.5,1.155169792607863,1.1430304278085222,1.1617697146269081
cnn_dailymail,1024,4096,0.25,1.2749471411991977,1.253081213239937,1.2951400376280517
cnn_dailymail,2048,512,4.0,1.0022672450962764,0.9953782494258429,1.0138981187569265
cnn_dailymail,2048,1024,2.0,1.0391992181225045,1.0295420290283195,1.0470079422459502
cnn_dailymail,2048,2048,1.0,1.0764003414532168,1.0681450989927452,1.086066384408519
cnn_dailymail,2048,4096,0.5,1.1344183924597069,1.1259556522102858,1.149619140664048
cnn_dailymail,4096,512,8.0,0.9940500425940235,0.9851095142618618,1.000582385630961
cnn_dailymail,4096,1024,4.0,1.019819463768471,1.0107263750002304,1.0251096080774154
cnn_dailymail,4096,2048,2.0,1.0413033931593216,1.0360701445463556,1.0478563787310127
cnn_dailymail,4096,4096,1.0,1.078610852656482,1.067843850405443,1.0851167436649425
