corpus,method,updates,n,pairs,mean_disagreement,mean_mse,mean_relative_improvement,min_pair_disagreement,max_pair_disagreement
tinystories,lag_radius_2,0,512,3,0.03643606539268278,0.8611035000996609,0.1270985010867511,0.0359212814619307,0.037429171013981216
tinystories,lag_radius_2,0,1024,3,0.028652568208394073,0.8513264546357086,0.1370095020749473,0.02737535216398615,0.029410864668477425
tinystories,lag_radius_2,0,2048,3,0.022264333328243024,0.8450023767685142,0.14342022627811127,0.021676333641213984,0.02277285887972623
tinystories,mdlm_full_context,8000,512,3,0.1609567265102518,0.911098626881578,0.07641838992561589,0.1568366474368007,0.1635180183377197
tinystories,mdlm_full_context,8000,1024,3,0.08013658925422086,0.8203469505995952,0.1684134570067095,0.0750892935047174,0.08465422880074101
tinystories,mdlm_full_context,8000,2048,3,0.04563931564756274,0.7855296962628531,0.20370774334402966,0.04258004151539911,0.04800051636308403
tinystories,mdlm_full_context,12000,512,3,0.18570130201735438,0.9214562247482393,0.06591888237291986,0.1812421366633163,0.18979815689399257
tinystories,mdlm_full_context,12000,1024,3,0.09236256160430811,0.8199717780345495,0.1687937698196774,0.08967817553769765,0.09550679168122084
tinystories,mdlm_full_context,12000,2048,3,0.05039067688172374,0.7810915877752548,0.20820665845785236,0.04910661374293084,0.052755634900907185
tinystories,mdlm_same_corpus_seed_control,8000,512,1,0.056445014640702375,0.9119072757727231,0.07559866171745805,0.056445014640702375,0.056445014640702375
tinystories,mdlm_same_corpus_seed_control,8000,1024,1,0.021811186129483892,0.8204272773839036,0.16833202966328603,0.021811186129483892,0.021811186129483892
tinystories,mdlm_same_corpus_seed_control,8000,2048,1,0.024535026058302104,0.7873053503094636,0.20190776102058267,0.024535026058302104,0.024535026058302104
tinystories,mdlm_same_corpus_seed_control,12000,512,1,0.06903168358290007,0.9218301256710312,0.06553985862500544,0.06903168358290007,0.06903168358290007
tinystories,mdlm_same_corpus_seed_control,12000,1024,1,0.025567444236833502,0.8165939358673872,0.17221789187987946,0.025567444236833502,0.025567444236833502
tinystories,mdlm_same_corpus_seed_control,12000,2048,1,0.028082733941255055,0.7819549519353319,0.20733146532560753,0.028082733941255055,0.028082733941255055
wikitext,lag_radius_2,0,512,3,0.032416636792385475,0.9485906919581769,0.043049899606299714,0.031745675379773027,0.03332779248623624
wikitext,lag_radius_2,0,1024,3,0.03282050783538046,0.9430426923852441,0.04864679065036265,0.032460975801909375,0.03305351416637216
wikitext,lag_radius_2,0,2048,3,0.03081378037829158,0.9372318144546327,0.054508876654596326,0.0302960271017186,0.031263935367715136
wikitext,mdlm_full_context,8000,512,3,0.1386054255204363,1.0401184923415359,-0.04928448497938779,0.11984708168438263,0.1530440905792369
wikitext,mdlm_full_context,8000,1024,3,0.05002870708547822,0.9841179703336783,0.007209538851789969,0.04396931866377568,0.05862485701656507
wikitext,mdlm_full_context,8000,2048,3,0.028737361031328207,0.9602947173187716,0.031242733102577264,0.02701084513336252,0.030586236065232583
wikitext,mdlm_full_context,12000,512,3,0.18555571250720293,1.0648848824631418,-0.0742691276858604,0.15591734881613445,0.20713175622961705
wikitext,mdlm_full_context,12000,1024,3,0.0626089925135147,0.9893847259407981,0.0018963702220430312,0.05470320661384132,0.07208103973627332
wikitext,mdlm_full_context,12000,2048,3,0.0344062857567235,0.9599492063596392,0.03159128885990422,0.03287816230324608,0.03688160162032371
wikitext,mdlm_same_corpus_seed_control,8000,512,1,0.09296290155056161,1.0418788625375957,-0.051060368350509755,0.09296290155056161,0.09296290155056161
wikitext,mdlm_same_corpus_seed_control,8000,1024,1,0.02186694924332714,0.9855395786905575,0.005775402641758576,0.02186694924332714,0.02186694924332714
wikitext,mdlm_same_corpus_seed_control,8000,2048,1,0.012024762965466,0.9592387809024638,0.03230797490619347,0.012024762965466,0.012024762965466
wikitext,mdlm_same_corpus_seed_control,12000,512,1,0.1324787038871707,1.0675741727240313,-0.07698211718382109,0.1324787038871707,0.1324787038871707
wikitext,mdlm_same_corpus_seed_control,12000,1024,1,0.029733659534583963,0.9934868458192311,-0.0022418993844087187,0.029733659534583963,0.029733659534583963
wikitext,mdlm_same_corpus_seed_control,12000,2048,1,0.013752683331280782,0.9602072257227766,0.03133099571392356,0.013752683331280782,0.013752683331280782
cnn_dailymail,lag_radius_2,0,512,3,0.027979386207846513,0.9602391643071103,0.032136352259613477,0.027182627817531172,0.028403670392130917
cnn_dailymail,lag_radius_2,0,1024,3,0.027228233449920442,0.9540795605406353,0.038344864463297525,0.02680853450524146,0.02745672260496082
cnn_dailymail,lag_radius_2,0,2048,3,0.024803634901309716,0.9482147796308983,0.044256212860123344,0.02467990190246056,0.025029906937808558
cnn_dailymail,mdlm_full_context,8000,512,3,0.04093353137264196,1.0125535813976982,-0.020593451352639902,0.0385640302216579,0.042891376269462114
cnn_dailymail,mdlm_full_context,8000,1024,3,0.008993081907714978,0.9943606189994427,-0.002256033337946698,0.008199620915088718,0.009695879624530793
cnn_dailymail,mdlm_full_context,8000,2048,3,0.008871151221251148,0.9821291900169244,0.01007251554043607,0.006803675052418616,0.010982385841844243
cnn_dailymail,mdlm_full_context,12000,512,3,0.055613892689215245,1.0200521081686764,-0.028151517866699376,0.05205724783324288,0.05780119922282524
cnn_dailymail,mdlm_full_context,12000,1024,3,0.011159390354582249,0.9949932970327797,-0.002893734956410321,0.010062921015372315,0.012011556149092745
cnn_dailymail,mdlm_full_context,12000,2048,3,0.011165289695386806,0.9800761584231914,0.012141848599424965,0.010044760877556621,0.013124402236442395
cnn_dailymail,mdlm_same_corpus_seed_control,8000,512,1,0.02504286512585536,1.0125653574977105,-0.02060532095714851,0.02504286512585536,0.02504286512585536
cnn_dailymail,mdlm_same_corpus_seed_control,8000,1024,1,0.003882469129070063,0.9945984727956876,-0.0024957757390270396,0.003882469129070063,0.003882469129070063
cnn_dailymail,mdlm_same_corpus_seed_control,8000,2048,1,0.003853707069466328,0.9835952657091936,0.008594798925526781,0.003853707069466328,0.003853707069466328
cnn_dailymail,mdlm_same_corpus_seed_control,12000,512,1,0.03634381209117723,1.0187988066979112,-0.026888264941488327,0.03634381209117723,0.03634381209117723
cnn_dailymail,mdlm_same_corpus_seed_control,12000,1024,1,0.005119018291165742,0.9951406785847103,-0.003042286746176348,0.005119018291165742,0.005119018291165742
cnn_dailymail,mdlm_same_corpus_seed_control,12000,2048,1,0.005201784001657052,0.9813721568592984,0.010835559686765084,0.005201784001657052,0.005201784001657052
