corpus,n,m,method,ratio,ratio_low,ratio_high,mean_bank_absolute_log_error,status
tinystories,512,1024,multinomial_jackknife,0.9153172186821483,0.9062154009880276,0.9242728921957427,0.08850236249229243,exploratory
tinystories,512,2048,multinomial_jackknife,0.9108208716154077,0.901242627285163,0.9203413431564808,0.09343540760445633,exploratory
tinystories,512,4096,multinomial_jackknife,0.9053102481408661,0.8966980932696084,0.9135119850085145,0.0994863623210185,exploratory
tinystories,1024,1024,multinomial_jackknife,0.9181132308647035,0.90831878058869,0.9267744771596145,0.0854784731763642,exploratory
tinystories,1024,2048,multinomial_jackknife,0.9136304288911067,0.9038033972962525,0.9237537981077603,0.0903869738344007,exploratory
tinystories,1024,4096,multinomial_jackknife,0.9043402091412249,0.8974319229768056,0.9110997537069756,0.10055709384716699,exploratory
tinystories,2048,1024,multinomial_jackknife,0.9109665904310769,0.8940156310142116,0.9266563617989397,0.09343157054406846,exploratory
tinystories,2048,2048,multinomial_jackknife,0.9086499575381349,0.8953892474838834,0.9208901268006952,0.0958804371669137,exploratory
tinystories,2048,4096,multinomial_jackknife,0.8974442633324494,0.8885080141820013,0.90631484300654,0.10821335057500615,exploratory
tinystories,4096,1024,multinomial_jackknife,0.8948417460823025,0.8698371106421536,0.9183032446837488,0.1116522115661182,exploratory
tinystories,4096,2048,multinomial_jackknife,0.8989413843216376,0.886073573463859,0.9113566189947174,0.10664481004000216,exploratory
tinystories,4096,4096,multinomial_jackknife,0.8881434649559551,0.8782615263447244,0.8986676778676895,0.11867850028144478,exploratory
wikitext,512,1024,multinomial_jackknife,0.9673881628875771,0.9552476543988397,0.9797723740742315,0.03324419874811913,exploratory
wikitext,512,2048,multinomial_jackknife,0.9751517715482518,0.9670706725522216,0.9832043130953995,0.025177879173419696,exploratory
wikitext,512,4096,multinomial_jackknife,0.978188602844147,0.9704870092107618,0.9860020529042056,0.022060640745972544,exploratory
wikitext,1024,1024,multinomial_jackknife,0.9464210527353321,0.9330637321286358,0.9599499179983122,0.055200858129041214,exploratory
wikitext,1024,2048,multinomial_jackknife,0.9589342011533762,0.9505695141219184,0.9679635923051607,0.04197015515401648,exploratory
wikitext,1024,4096,multinomial_jackknife,0.9610420080353684,0.9535192541128743,0.9688760031238265,0.03976016895286208,exploratory
wikitext,2048,1024,multinomial_jackknife,0.9124488245526858,0.8979990843146425,0.9279334414969216,0.09180211956399838,exploratory
wikitext,2048,2048,multinomial_jackknife,0.9380806662197956,0.927891075873855,0.94892617886075,0.06398797443829089,exploratory
wikitext,2048,4096,multinomial_jackknife,0.9377927398298364,0.928358780933784,0.9471855824686012,0.06427256014804286,exploratory
wikitext,4096,1024,multinomial_jackknife,0.8625123172424847,0.8468389209710623,0.8810256246665641,0.14819336911571054,exploratory
wikitext,4096,2048,multinomial_jackknife,0.9217971803928621,0.9102920532401917,0.9332637347886155,0.08152181067905803,exploratory
wikitext,4096,4096,multinomial_jackknife,0.9208803303585826,0.9100162303573859,0.9309362334279991,0.08249737130981279,exploratory
cnn_dailymail,512,1024,multinomial_jackknife,1.0156914548298306,1.0058497127394554,1.0256638451403541,0.016026438001838093,exploratory
cnn_dailymail,512,2048,multinomial_jackknife,1.0178446325076047,1.0093395148717739,1.025689964863406,0.017658992981888787,exploratory
cnn_dailymail,512,4096,multinomial_jackknife,1.0189113725757397,1.012007452626006,1.0259289756438215,0.018720622526947183,exploratory
cnn_dailymail,1024,1024,multinomial_jackknife,0.9939538264529081,0.9844880077631991,1.0027333599700958,0.008721290218349852,exploratory
cnn_dailymail,1024,2048,multinomial_jackknife,0.9992417476831996,0.9911254463328706,1.0064999430736277,0.005896645766686352,exploratory
cnn_dailymail,1024,4096,multinomial_jackknife,1.0007725546631998,0.9945416535088425,1.0070999183064306,0.004270625224542391,exploratory
cnn_dailymail,2048,1024,multinomial_jackknife,0.9726954396380671,0.9640044915652388,0.9825900400649068,0.0277432877870581,exploratory
cnn_dailymail,2048,2048,multinomial_jackknife,0.9866693500449468,0.9792691297339937,0.9942783157533647,0.013451357197242747,exploratory
cnn_dailymail,2048,4096,multinomial_jackknife,0.9879969454413698,0.9830990378963417,0.9931689666551861,0.012081505522913876,exploratory
cnn_dailymail,4096,1024,multinomial_jackknife,0.9311234468594033,0.9170040032973077,0.9457882412070907,0.07153809344998853,exploratory
cnn_dailymail,4096,2048,multinomial_jackknife,0.9706158724145219,0.9599078057163712,0.9821123184660114,0.029909430978115267,exploratory
cnn_dailymail,4096,4096,multinomial_jackknife,0.9732492888801575,0.9654448508824193,0.9805678861584076,0.027147211786213224,exploratory
