corpus,bank,m,method,target,selected_n,observed,outcome,status
tinystories,0,1024,multinomial_jackknife,0.03197738246926657,1024,0.02855730275556223,upper_interval_below_target,exploratory
tinystories,1,1024,multinomial_jackknife,0.03197738246926657,1024,0.02855730275556223,upper_interval_below_target,exploratory
tinystories,2,1024,multinomial_jackknife,0.03197738246926657,1024,0.02855730275556223,upper_interval_below_target,exploratory
tinystories,3,1024,multinomial_jackknife,0.03197738246926657,1024,0.02855730275556223,upper_interval_below_target,exploratory
tinystories,4,1024,multinomial_jackknife,0.03197738246926657,1024,0.02855730275556223,upper_interval_below_target,exploratory
tinystories,5,1024,multinomial_jackknife,0.03197738246926657,1024,0.02855730275556223,upper_interval_below_target,exploratory
tinystories,0,2048,multinomial_jackknife,0.03197738246926657,1024,0.02855730275556223,upper_interval_below_target,exploratory
tinystories,1,2048,multinomial_jackknife,0.03197738246926657,1024,0.02855730275556223,upper_interval_below_target,exploratory
tinystories,2,2048,multinomial_jackknife,0.03197738246926657,1024,0.02855730275556223,upper_interval_below_target,exploratory
tinystories,3,2048,multinomial_jackknife,0.03197738246926657,1024,0.02855730275556223,upper_interval_below_target,exploratory
tinystories,4,2048,multinomial_jackknife,0.03197738246926657,1024,0.02855730275556223,upper_interval_below_target,exploratory
tinystories,5,2048,multinomial_jackknife,0.03197738246926657,1024,0.02855730275556223,upper_interval_below_target,exploratory
tinystories,0,4096,multinomial_jackknife,0.03197738246926657,1024,0.02855730275556223,upper_interval_below_target,exploratory
tinystories,1,4096,multinomial_jackknife,0.03197738246926657,1024,0.02855730275556223,upper_interval_below_target,exploratory
tinystories,2,4096,multinomial_jackknife,0.03197738246926657,1024,0.02855730275556223,upper_interval_below_target,exploratory
tinystories,3,4096,multinomial_jackknife,0.03197738246926657,1024,0.02855730275556223,upper_interval_below_target,exploratory
tinystories,4,4096,multinomial_jackknife,0.03197738246926657,1024,0.02855730275556223,upper_interval_below_target,exploratory
tinystories,5,4096,multinomial_jackknife,0.03197738246926657,1024,0.02855730275556223,upper_interval_below_target,exploratory
wikitext,0,1024,multinomial_jackknife,0.029938503663419314,2048,0.03147074504003422,mean_above_target,exploratory
wikitext,1,1024,multinomial_jackknife,0.029938503663419314,2048,0.03147074504003422,mean_above_target,exploratory
wikitext,2,1024,multinomial_jackknife,0.029938503663419314,2048,0.03147074504003422,mean_above_target,exploratory
wikitext,3,1024,multinomial_jackknife,0.029938503663419314,2048,0.03147074504003422,mean_above_target,exploratory
wikitext,4,1024,multinomial_jackknife,0.029938503663419314,2048,0.03147074504003422,mean_above_target,exploratory
wikitext,5,1024,multinomial_jackknife,0.029938503663419314,2048,0.03147074504003422,mean_above_target,exploratory
wikitext,0,2048,multinomial_jackknife,0.029938503663419314,4096,0.028591347651841632,upper_interval_below_target,exploratory
wikitext,1,2048,multinomial_jackknife,0.029938503663419314,2048,0.03147074504003422,mean_above_target,exploratory
wikitext,2,2048,multinomial_jackknife,0.029938503663419314,2048,0.03147074504003422,mean_above_target,exploratory
wikitext,3,2048,multinomial_jackknife,0.029938503663419314,2048,0.03147074504003422,mean_above_target,exploratory
wikitext,4,2048,multinomial_jackknife,0.029938503663419314,4096,0.028591347651841632,upper_interval_below_target,exploratory
wikitext,5,2048,multinomial_jackknife,0.029938503663419314,2048,0.03147074504003422,mean_above_target,exploratory
wikitext,0,4096,multinomial_jackknife,0.029938503663419314,2048,0.03147074504003422,mean_above_target,exploratory
wikitext,1,4096,multinomial_jackknife,0.029938503663419314,2048,0.03147074504003422,mean_above_target,exploratory
wikitext,2,4096,multinomial_jackknife,0.029938503663419314,2048,0.03147074504003422,mean_above_target,exploratory
wikitext,3,4096,multinomial_jackknife,0.029938503663419314,2048,0.03147074504003422,mean_above_target,exploratory
wikitext,4,4096,multinomial_jackknife,0.029938503663419314,2048,0.03147074504003422,mean_above_target,exploratory
wikitext,5,4096,multinomial_jackknife,0.029938503663419314,2048,0.03147074504003422,mean_above_target,exploratory
cnn_dailymail,0,1024,multinomial_jackknife,0.025036420947643745,4096,0.022803851202905807,upper_interval_below_target,exploratory
cnn_dailymail,1,1024,multinomial_jackknife,0.025036420947643745,4096,0.022803851202905807,upper_interval_below_target,exploratory
cnn_dailymail,2,1024,multinomial_jackknife,0.025036420947643745,2048,0.025971302392368622,mean_above_target,exploratory
cnn_dailymail,3,1024,multinomial_jackknife,0.025036420947643745,2048,0.025971302392368622,mean_above_target,exploratory
cnn_dailymail,4,1024,multinomial_jackknife,0.025036420947643745,4096,0.022803851202905807,upper_interval_below_target,exploratory
cnn_dailymail,5,1024,multinomial_jackknife,0.025036420947643745,4096,0.022803851202905807,upper_interval_below_target,exploratory
cnn_dailymail,0,2048,multinomial_jackknife,0.025036420947643745,4096,0.022803851202905807,upper_interval_below_target,exploratory
cnn_dailymail,1,2048,multinomial_jackknife,0.025036420947643745,4096,0.022803851202905807,upper_interval_below_target,exploratory
cnn_dailymail,2,2048,multinomial_jackknife,0.025036420947643745,4096,0.022803851202905807,upper_interval_below_target,exploratory
cnn_dailymail,3,2048,multinomial_jackknife,0.025036420947643745,4096,0.022803851202905807,upper_interval_below_target,exploratory
cnn_dailymail,4,2048,multinomial_jackknife,0.025036420947643745,4096,0.022803851202905807,upper_interval_below_target,exploratory
cnn_dailymail,5,2048,multinomial_jackknife,0.025036420947643745,4096,0.022803851202905807,upper_interval_below_target,exploratory
cnn_dailymail,0,4096,multinomial_jackknife,0.025036420947643745,4096,0.022803851202905807,upper_interval_below_target,exploratory
cnn_dailymail,1,4096,multinomial_jackknife,0.025036420947643745,4096,0.022803851202905807,upper_interval_below_target,exploratory
cnn_dailymail,2,4096,multinomial_jackknife,0.025036420947643745,4096,0.022803851202905807,upper_interval_below_target,exploratory
cnn_dailymail,3,4096,multinomial_jackknife,0.025036420947643745,4096,0.022803851202905807,upper_interval_below_target,exploratory
cnn_dailymail,4,4096,multinomial_jackknife,0.025036420947643745,4096,0.022803851202905807,upper_interval_below_target,exploratory
cnn_dailymail,5,4096,multinomial_jackknife,0.025036420947643745,4096,0.022803851202905807,upper_interval_below_target,exploratory
