corpus,bank,m,method,target,selected_n,forecast,observed,observed_low,observed_high,outcome
tinystories,0,1024,source_full,0.03197738246926657,1024,0.024083183644280328,0.02855730275556223,0.02836570834294277,0.028758892369870614,upper_interval_below_target
tinystories,0,1024,source_jackknife,0.03197738246926657,1024,0.028208699448789346,0.02855730275556223,0.02836570834294277,0.028758892369870614,upper_interval_below_target
tinystories,0,1024,multinomial,0.03197738246926657,1024,0.025292784574059868,0.02855730275556223,0.02836570834294277,0.028758892369870614,upper_interval_below_target
tinystories,0,2048,source_full,0.03197738246926657,1024,0.027251514645711884,0.02855730275556223,0.02836570834294277,0.028758892369870614,upper_interval_below_target
tinystories,0,2048,source_jackknife,0.03197738246926657,1024,0.03049844450404699,0.02855730275556223,0.02836570834294277,0.028758892369870614,upper_interval_below_target
tinystories,0,2048,multinomial,0.03197738246926657,1024,0.0253213891522595,0.02855730275556223,0.02836570834294277,0.028758892369870614,upper_interval_below_target
tinystories,0,4096,source_full,0.03197738246926657,1024,0.02935473093947658,0.02855730275556223,0.02836570834294277,0.028758892369870614,upper_interval_below_target
tinystories,0,4096,source_jackknife,0.03197738246926657,1024,0.03163463907807976,0.02855730275556223,0.02836570834294277,0.028758892369870614,upper_interval_below_target
tinystories,0,4096,multinomial,0.03197738246926657,1024,0.02547175640918607,0.02855730275556223,0.02836570834294277,0.028758892369870614,upper_interval_below_target
tinystories,1,1024,source_full,0.03197738246926657,1024,0.024180372754697508,0.02855730275556223,0.02836570834294277,0.028758892369870614,upper_interval_below_target
tinystories,1,1024,source_jackknife,0.03197738246926657,1024,0.02837748657330699,0.02855730275556223,0.02836570834294277,0.028758892369870614,upper_interval_below_target
tinystories,1,1024,multinomial,0.03197738246926657,1024,0.025318042954972333,0.02855730275556223,0.02836570834294277,0.028758892369870614,upper_interval_below_target
tinystories,1,2048,source_full,0.03197738246926657,1024,0.02728366475629591,0.02855730275556223,0.02836570834294277,0.028758892369870614,upper_interval_below_target
tinystories,1,2048,source_jackknife,0.03197738246926657,1024,0.030682476701403814,0.02855730275556223,0.02836570834294277,0.028758892369870614,upper_interval_below_target
tinystories,1,2048,multinomial,0.03197738246926657,1024,0.02596365368104324,0.02855730275556223,0.02836570834294277,0.028758892369870614,upper_interval_below_target
tinystories,1,4096,source_full,0.03197738246926657,1024,0.029207435677233093,0.02855730275556223,0.02836570834294277,0.028758892369870614,upper_interval_below_target
tinystories,1,4096,source_jackknife,0.03197738246926657,1024,0.03132923368535997,0.02855730275556223,0.02836570834294277,0.028758892369870614,upper_interval_below_target
tinystories,1,4096,multinomial,0.03197738246926657,1024,0.02579466914382123,0.02855730275556223,0.02836570834294277,0.028758892369870614,upper_interval_below_target
tinystories,2,1024,source_full,0.03197738246926657,1024,0.0236834861908384,0.02855730275556223,0.02836570834294277,0.028758892369870614,upper_interval_below_target
tinystories,2,1024,source_jackknife,0.03197738246926657,1024,0.02768463251391941,0.02855730275556223,0.02836570834294277,0.028758892369870614,upper_interval_below_target
tinystories,2,1024,multinomial,0.03197738246926657,1024,0.02502910929063397,0.02855730275556223,0.02836570834294277,0.028758892369870614,upper_interval_below_target
tinystories,2,2048,source_full,0.03197738246926657,1024,0.026868855227416003,0.02855730275556223,0.02836570834294277,0.028758892369870614,upper_interval_below_target
tinystories,2,2048,source_jackknife,0.03197738246926657,1024,0.029941907860875156,0.02855730275556223,0.02836570834294277,0.028758892369870614,upper_interval_below_target
tinystories,2,2048,multinomial,0.03197738246926657,1024,0.025469170686254195,0.02855730275556223,0.02836570834294277,0.028758892369870614,upper_interval_below_target
tinystories,2,4096,source_full,0.03197738246926657,1024,0.02881896823994622,0.02855730275556223,0.02836570834294277,0.028758892369870614,upper_interval_below_target
tinystories,2,4096,source_jackknife,0.03197738246926657,1024,0.031035371888168517,0.02855730275556223,0.02836570834294277,0.028758892369870614,upper_interval_below_target
tinystories,2,4096,multinomial,0.03197738246926657,1024,0.02552017591741467,0.02855730275556223,0.02836570834294277,0.028758892369870614,upper_interval_below_target
tinystories,3,1024,source_full,0.03197738246926657,1024,0.02382143356940437,0.02855730275556223,0.02836570834294277,0.028758892369870614,upper_interval_below_target
tinystories,3,1024,source_jackknife,0.03197738246926657,1024,0.027853582717434447,0.02855730275556223,0.02836570834294277,0.028758892369870614,upper_interval_below_target
tinystories,3,1024,multinomial,0.03197738246926657,1024,0.024710803560084347,0.02855730275556223,0.02836570834294277,0.028758892369870614,upper_interval_below_target
tinystories,3,2048,source_full,0.03197738246926657,1024,0.027073209206601067,0.02855730275556223,0.02836570834294277,0.028758892369870614,upper_interval_below_target
tinystories,3,2048,source_jackknife,0.03197738246926657,1024,0.03052412892092977,0.02855730275556223,0.02836570834294277,0.028758892369870614,upper_interval_below_target
tinystories,3,2048,multinomial,0.03197738246926657,1024,0.025326131437095004,0.02855730275556223,0.02836570834294277,0.028758892369870614,upper_interval_below_target
tinystories,3,4096,source_full,0.03197738246926657,1024,0.02926817867087186,0.02855730275556223,0.02836570834294277,0.028758892369870614,upper_interval_below_target
tinystories,3,4096,source_jackknife,0.03197738246926657,1024,0.03178434072908431,0.02855730275556223,0.02836570834294277,0.028758892369870614,upper_interval_below_target
tinystories,3,4096,multinomial,0.03197738246926657,1024,0.025417602586433143,0.02855730275556223,0.02836570834294277,0.028758892369870614,upper_interval_below_target
tinystories,4,1024,source_full,0.03197738246926657,1024,0.02410303470676888,0.02855730275556223,0.02836570834294277,0.028758892369870614,upper_interval_below_target
tinystories,4,1024,source_jackknife,0.03197738246926657,1024,0.02802531413504641,0.02855730275556223,0.02836570834294277,0.028758892369870614,upper_interval_below_target
tinystories,4,1024,multinomial,0.03197738246926657,1024,0.025325392921855962,0.02855730275556223,0.02836570834294277,0.028758892369870614,upper_interval_below_target
tinystories,4,2048,source_full,0.03197738246926657,1024,0.026967369994132604,0.02855730275556223,0.02836570834294277,0.028758892369870614,upper_interval_below_target
tinystories,4,2048,source_jackknife,0.03197738246926657,1024,0.03007413387523924,0.02855730275556223,0.02836570834294277,0.028758892369870614,upper_interval_below_target
tinystories,4,2048,multinomial,0.03197738246926657,1024,0.02559615687135323,0.02855730275556223,0.02836570834294277,0.028758892369870614,upper_interval_below_target
tinystories,4,4096,source_full,0.03197738246926657,1024,0.029396641507431525,0.02855730275556223,0.02836570834294277,0.028758892369870614,upper_interval_below_target
tinystories,4,4096,source_jackknife,0.03197738246926657,1024,0.03174276076799389,0.02855730275556223,0.02836570834294277,0.028758892369870614,upper_interval_below_target
tinystories,4,4096,multinomial,0.03197738246926657,1024,0.025735957194580477,0.02855730275556223,0.02836570834294277,0.028758892369870614,upper_interval_below_target
tinystories,5,1024,source_full,0.03197738246926657,1024,0.023466755947959543,0.02855730275556223,0.02836570834294277,0.028758892369870614,upper_interval_below_target
tinystories,5,1024,source_jackknife,0.03197738246926657,1024,0.02737426575546476,0.02855730275556223,0.02836570834294277,0.028758892369870614,upper_interval_below_target
tinystories,5,1024,multinomial,0.03197738246926657,1024,0.02489362641873937,0.02855730275556223,0.02836570834294277,0.028758892369870614,upper_interval_below_target
tinystories,5,2048,source_full,0.03197738246926657,1024,0.02673939277138036,0.02855730275556223,0.02836570834294277,0.028758892369870614,upper_interval_below_target
tinystories,5,2048,source_jackknife,0.03197738246926657,1024,0.029720840219584054,0.02855730275556223,0.02836570834294277,0.028758892369870614,upper_interval_below_target
tinystories,5,2048,multinomial,0.03197738246926657,1024,0.025482643687468894,0.02855730275556223,0.02836570834294277,0.028758892369870614,upper_interval_below_target
tinystories,5,4096,source_full,0.03197738246926657,1024,0.028786260968424106,0.02855730275556223,0.02836570834294277,0.028758892369870614,upper_interval_below_target
tinystories,5,4096,source_jackknife,0.03197738246926657,1024,0.030765321319468186,0.02855730275556223,0.02836570834294277,0.028758892369870614,upper_interval_below_target
tinystories,5,4096,multinomial,0.03197738246926657,1024,0.025698699803813358,0.02855730275556223,0.02836570834294277,0.028758892369870614,upper_interval_below_target
wikitext,0,1024,source_full,0.029938503663419314,1024,0.026445522785253583,0.03267073308292554,0.03247641826886111,0.03287330073081528,mean_above_target
wikitext,0,1024,source_jackknife,0.029938503663419314,2048,0.027042142018536018,0.03147074504003422,0.03126819685753215,0.03167451954258717,mean_above_target
wikitext,0,1024,multinomial,0.029938503663419314,512,0.029885901223442535,0.03249432047726136,0.03226673306851024,0.0327268411285617,mean_above_target
wikitext,0,2048,source_full,0.029938503663419314,2048,0.026049503358122283,0.03147074504003422,0.03126819685753215,0.03167451954258717,mean_above_target
wikitext,0,2048,source_jackknife,0.029938503663419314,4096,0.02548925601796662,0.028591347651841632,0.028424041563459703,0.02877570129749258,upper_interval_below_target
wikitext,0,2048,multinomial,0.029938503663419314,2048,0.027699276794636785,0.03147074504003422,0.03126819685753215,0.03167451954258717,mean_above_target
wikitext,0,4096,source_full,0.029938503663419314,4096,0.023938999479677845,0.028591347651841632,0.028424041563459703,0.02877570129749258,upper_interval_below_target
wikitext,0,4096,source_jackknife,0.029938503663419314,4096,0.02888711203710156,0.028591347651841632,0.028424041563459703,0.02877570129749258,upper_interval_below_target
wikitext,0,4096,multinomial,0.029938503663419314,2048,0.028590398893765967,0.03147074504003422,0.03126819685753215,0.03167451954258717,mean_above_target
wikitext,1,1024,source_full,0.029938503663419314,1024,0.026434768122630792,0.03267073308292554,0.03247641826886111,0.03287330073081528,mean_above_target
wikitext,1,1024,source_jackknife,0.029938503663419314,2048,0.02684509590476702,0.03147074504003422,0.03126819685753215,0.03167451954258717,mean_above_target
wikitext,1,1024,multinomial,0.029938503663419314,1024,0.028783981731905127,0.03267073308292554,0.03247641826886111,0.03287330073081528,mean_above_target
wikitext,1,2048,source_full,0.029938503663419314,2048,0.025540921655121448,0.03147074504003422,0.03126819685753215,0.03167451954258717,mean_above_target
wikitext,1,2048,source_jackknife,0.029938503663419314,4096,0.024589351729322844,0.028591347651841632,0.028424041563459703,0.02877570129749258,upper_interval_below_target
wikitext,1,2048,multinomial,0.029938503663419314,1024,0.02982045648533178,0.03267073308292554,0.03247641826886111,0.03287330073081528,mean_above_target
wikitext,1,4096,source_full,0.029938503663419314,2048,0.02921221444485192,0.03147074504003422,0.03126819685753215,0.03167451954258717,mean_above_target
wikitext,1,4096,source_jackknife,0.029938503663419314,4096,0.027809257444985306,0.028591347651841632,0.028424041563459703,0.02877570129749258,upper_interval_below_target
wikitext,1,4096,multinomial,0.029938503663419314,2048,0.02799466971430179,0.03147074504003422,0.03126819685753215,0.03167451954258717,mean_above_target
wikitext,2,1024,source_full,0.029938503663419314,1024,0.02604410047573387,0.03267073308292554,0.03247641826886111,0.03287330073081528,mean_above_target
wikitext,2,1024,source_jackknife,0.029938503663419314,2048,0.026553135408036364,0.03147074504003422,0.03126819685753215,0.03167451954258717,mean_above_target
wikitext,2,1024,multinomial,0.029938503663419314,512,0.02916911991948396,0.03249432047726136,0.03226673306851024,0.0327268411285617,mean_above_target
wikitext,2,2048,source_full,0.029938503663419314,2048,0.025864536186415987,0.03147074504003422,0.03126819685753215,0.03167451954258717,mean_above_target
wikitext,2,2048,source_jackknife,0.029938503663419314,4096,0.024994498461558563,0.028591347651841632,0.028424041563459703,0.02877570129749258,upper_interval_below_target
wikitext,2,2048,multinomial,0.029938503663419314,1024,0.029802332593157187,0.03267073308292554,0.03247641826886111,0.03287330073081528,mean_above_target
wikitext,2,4096,source_full,0.029938503663419314,4096,0.023892414835748936,0.028591347651841632,0.028424041563459703,0.02877570129749258,upper_interval_below_target
wikitext,2,4096,source_jackknife,0.029938503663419314,4096,0.028779846744436684,0.028591347651841632,0.028424041563459703,0.02877570129749258,upper_interval_below_target
wikitext,2,4096,multinomial,0.029938503663419314,2048,0.028615600421821853,0.03147074504003422,0.03126819685753215,0.03167451954258717,mean_above_target
wikitext,3,1024,source_full,0.029938503663419314,1024,0.025977870622519963,0.03267073308292554,0.03247641826886111,0.03287330073081528,mean_above_target
wikitext,3,1024,source_jackknife,0.029938503663419314,2048,0.02605262927327584,0.03147074504003422,0.03126819685753215,0.03167451954258717,mean_above_target
wikitext,3,1024,multinomial,0.029938503663419314,512,0.029889770708655127,0.03249432047726136,0.03226673306851024,0.0327268411285617,mean_above_target
wikitext,3,2048,source_full,0.029938503663419314,2048,0.025481672737877947,0.03147074504003422,0.03126819685753215,0.03167451954258717,mean_above_target
wikitext,3,2048,source_jackknife,0.029938503663419314,4096,0.02449504518494187,0.028591347651841632,0.028424041563459703,0.02877570129749258,upper_interval_below_target
wikitext,3,2048,multinomial,0.029938503663419314,1024,0.029903853349245908,0.03267073308292554,0.03247641826886111,0.03287330073081528,mean_above_target
wikitext,3,4096,source_full,0.029938503663419314,2048,0.02969557691631404,0.03147074504003422,0.03126819685753215,0.03167451954258717,mean_above_target
wikitext,3,4096,source_jackknife,0.029938503663419314,4096,0.02838805043267992,0.028591347651841632,0.028424041563459703,0.02877570129749258,upper_interval_below_target
wikitext,3,4096,multinomial,0.029938503663419314,2048,0.028350039203726005,0.03147074504003422,0.03126819685753215,0.03167451954258717,mean_above_target
wikitext,4,1024,source_full,0.029938503663419314,1024,0.0263089092129723,0.03267073308292554,0.03247641826886111,0.03287330073081528,mean_above_target
wikitext,4,1024,source_jackknife,0.029938503663419314,2048,0.026654390673878675,0.03147074504003422,0.03126819685753215,0.03167451954258717,mean_above_target
wikitext,4,1024,multinomial,0.029938503663419314,512,0.029932772487373166,0.03249432047726136,0.03226673306851024,0.0327268411285617,mean_above_target
wikitext,4,2048,source_full,0.029938503663419314,2048,0.025958783227458305,0.03147074504003422,0.03126819685753215,0.03167451954258717,mean_above_target
wikitext,4,2048,source_jackknife,0.029938503663419314,4096,0.025318172780630126,0.028591347651841632,0.028424041563459703,0.02877570129749258,upper_interval_below_target
wikitext,4,2048,multinomial,0.029938503663419314,2048,0.02750947192823305,0.03147074504003422,0.03126819685753215,0.03167451954258717,mean_above_target
wikitext,4,4096,source_full,0.029938503663419314,2048,0.029759459073538067,0.03147074504003422,0.03126819685753215,0.03167451954258717,mean_above_target
wikitext,4,4096,source_jackknife,0.029938503663419314,4096,0.028417926505792734,0.028591347651841632,0.028424041563459703,0.02877570129749258,upper_interval_below_target
wikitext,4,4096,multinomial,0.029938503663419314,2048,0.028461513684147254,0.03147074504003422,0.03126819685753215,0.03167451954258717,mean_above_target
wikitext,5,1024,source_full,0.029938503663419314,1024,0.025780945528628016,0.03267073308292554,0.03247641826886111,0.03287330073081528,mean_above_target
wikitext,5,1024,source_jackknife,0.029938503663419314,2048,0.02601038561742522,0.03147074504003422,0.03126819685753215,0.03167451954258717,mean_above_target
wikitext,5,1024,multinomial,0.029938503663419314,512,0.029560104156148757,0.03249432047726136,0.03226673306851024,0.0327268411285617,mean_above_target
wikitext,5,2048,source_full,0.029938503663419314,2048,0.025179026796467375,0.03147074504003422,0.03126819685753215,0.03167451954258717,mean_above_target
wikitext,5,2048,source_jackknife,0.029938503663419314,4096,0.02457479762121462,0.028591347651841632,0.028424041563459703,0.02877570129749258,upper_interval_below_target
wikitext,5,2048,multinomial,0.029938503663419314,1024,0.02957600767361418,0.03267073308292554,0.03247641826886111,0.03287330073081528,mean_above_target
wikitext,5,4096,source_full,0.029938503663419314,2048,0.029171280157438605,0.03147074504003422,0.03126819685753215,0.03167451954258717,mean_above_target
wikitext,5,4096,source_jackknife,0.029938503663419314,4096,0.02789193111907718,0.028591347651841632,0.028424041563459703,0.02877570129749258,upper_interval_below_target
wikitext,5,4096,multinomial,0.029938503663419314,2048,0.02820974233182696,0.03147074504003422,0.03126819685753215,0.03167451954258717,mean_above_target
cnn_dailymail,0,1024,source_full,0.025036420947643745,1024,0.023457385360757282,0.027999670222479456,0.027862753154304237,0.02813615138982651,mean_above_target
cnn_dailymail,0,1024,source_jackknife,0.025036420947643745,2048,0.023669554971441235,0.025971302392368622,0.025860233827459472,0.02607820467722035,mean_above_target
cnn_dailymail,0,1024,multinomial,0.025036420947643745,2048,0.022794887705404287,0.025971302392368622,0.025860233827459472,0.02607820467722035,mean_above_target
cnn_dailymail,0,2048,source_full,0.025036420947643745,2048,0.022286875206951533,0.025971302392368622,0.025860233827459472,0.02607820467722035,mean_above_target
cnn_dailymail,0,2048,source_jackknife,0.025036420947643745,4096,0.021087891011629358,0.022803851202905807,0.02270264278357781,0.022915232694840987,upper_interval_below_target
cnn_dailymail,0,2048,multinomial,0.025036420947643745,2048,0.024256090739391955,0.025971302392368622,0.025860233827459472,0.02607820467722035,mean_above_target
cnn_dailymail,0,4096,source_full,0.025036420947643745,4096,0.01979586750099774,0.022803851202905807,0.02270264278357781,0.022915232694840987,upper_interval_below_target
cnn_dailymail,0,4096,source_jackknife,0.025036420947643745,4096,0.023021120853326697,0.022803851202905807,0.02270264278357781,0.022915232694840987,upper_interval_below_target
cnn_dailymail,0,4096,multinomial,0.025036420947643745,2048,0.025002346154203336,0.025971302392368622,0.025860233827459472,0.02607820467722035,mean_above_target
cnn_dailymail,1,1024,source_full,0.025036420947643745,1024,0.023365669177866533,0.027999670222479456,0.027862753154304237,0.02813615138982651,mean_above_target
cnn_dailymail,1,1024,source_jackknife,0.025036420947643745,2048,0.023576964128591928,0.025971302392368622,0.025860233827459472,0.02607820467722035,mean_above_target
cnn_dailymail,1,1024,multinomial,0.025036420947643745,2048,0.02263459475389592,0.025971302392368622,0.025860233827459472,0.02607820467722035,mean_above_target
cnn_dailymail,1,2048,source_full,0.025036420947643745,2048,0.022017194602461675,0.025971302392368622,0.025860233827459472,0.02607820467722035,mean_above_target
cnn_dailymail,1,2048,source_jackknife,0.025036420947643745,4096,0.02096898129202938,0.022803851202905807,0.02270264278357781,0.022915232694840987,upper_interval_below_target
cnn_dailymail,1,2048,multinomial,0.025036420947643745,2048,0.02396967676905488,0.025971302392368622,0.025860233827459472,0.02607820467722035,mean_above_target
cnn_dailymail,1,4096,source_full,0.025036420947643745,2048,0.025011681072730458,0.025971302392368622,0.025860233827459472,0.02607820467722035,mean_above_target
cnn_dailymail,1,4096,source_jackknife,0.025036420947643745,4096,0.023311631782804196,0.022803851202905807,0.02270264278357781,0.022915232694840987,upper_interval_below_target
cnn_dailymail,1,4096,multinomial,0.025036420947643745,2048,0.024914192436584586,0.025971302392368622,0.025860233827459472,0.02607820467722035,mean_above_target
cnn_dailymail,2,1024,source_full,0.025036420947643745,1024,0.023093274942289334,0.027999670222479456,0.027862753154304237,0.02813615138982651,mean_above_target
cnn_dailymail,2,1024,source_jackknife,0.025036420947643745,2048,0.023048406366875416,0.025971302392368622,0.025860233827459472,0.02607820467722035,mean_above_target
cnn_dailymail,2,1024,multinomial,0.025036420947643745,2048,0.022498837592558756,0.025971302392368622,0.025860233827459472,0.02607820467722035,mean_above_target
cnn_dailymail,2,2048,source_full,0.025036420947643745,2048,0.022234942453555125,0.025971302392368622,0.025860233827459472,0.02607820467722035,mean_above_target
cnn_dailymail,2,2048,source_jackknife,0.025036420947643745,4096,0.02129859769288315,0.022803851202905807,0.02270264278357781,0.022915232694840987,upper_interval_below_target
cnn_dailymail,2,2048,multinomial,0.025036420947643745,2048,0.024194262106000113,0.025971302392368622,0.025860233827459472,0.02607820467722035,mean_above_target
cnn_dailymail,2,4096,source_full,0.025036420947643745,2048,0.025010767692679545,0.025971302392368622,0.025860233827459472,0.02607820467722035,mean_above_target
cnn_dailymail,2,4096,source_jackknife,0.025036420947643745,4096,0.023464950397340676,0.022803851202905807,0.02270264278357781,0.022915232694840987,upper_interval_below_target
cnn_dailymail,2,4096,multinomial,0.025036420947643745,2048,0.024968133401880546,0.025971302392368622,0.025860233827459472,0.02607820467722035,mean_above_target
cnn_dailymail,3,1024,source_full,0.025036420947643745,1024,0.023293124777633498,0.027999670222479456,0.027862753154304237,0.02813615138982651,mean_above_target
cnn_dailymail,3,1024,source_jackknife,0.025036420947643745,2048,0.023244216540361684,0.025971302392368622,0.025860233827459472,0.02607820467722035,mean_above_target
cnn_dailymail,3,1024,multinomial,0.025036420947643745,2048,0.022337781200742014,0.025971302392368622,0.025860233827459472,0.02607820467722035,mean_above_target
cnn_dailymail,3,2048,source_full,0.025036420947643745,2048,0.02205674522851274,0.025971302392368622,0.025860233827459472,0.02607820467722035,mean_above_target
cnn_dailymail,3,2048,source_jackknife,0.025036420947643745,4096,0.02076620782188505,0.022803851202905807,0.02270264278357781,0.022915232694840987,upper_interval_below_target
cnn_dailymail,3,2048,multinomial,0.025036420947643745,2048,0.023913808792612224,0.025971302392368622,0.025860233827459472,0.02607820467722035,mean_above_target
cnn_dailymail,3,4096,source_full,0.025036420947643745,2048,0.024765005790854003,0.025971302392368622,0.025860233827459472,0.02607820467722035,mean_above_target
cnn_dailymail,3,4096,source_jackknife,0.025036420947643745,4096,0.02293745875420487,0.022803851202905807,0.02270264278357781,0.022915232694840987,upper_interval_below_target
cnn_dailymail,3,4096,multinomial,0.025036420947643745,2048,0.024859152591870572,0.025971302392368622,0.025860233827459472,0.02607820467722035,mean_above_target
cnn_dailymail,4,1024,source_full,0.025036420947643745,1024,0.023736962593412344,0.027999670222479456,0.027862753154304237,0.02813615138982651,mean_above_target
cnn_dailymail,4,1024,source_jackknife,0.025036420947643745,2048,0.023588222723525815,0.025971302392368622,0.025860233827459472,0.02607820467722035,mean_above_target
cnn_dailymail,4,1024,multinomial,0.025036420947643745,2048,0.022466516017111963,0.025971302392368622,0.025860233827459472,0.02607820467722035,mean_above_target
cnn_dailymail,4,2048,source_full,0.025036420947643745,2048,0.022411666231205284,0.025971302392368622,0.025860233827459472,0.02607820467722035,mean_above_target
cnn_dailymail,4,2048,source_jackknife,0.025036420947643745,4096,0.021054309429804567,0.022803851202905807,0.02270264278357781,0.022915232694840987,upper_interval_below_target
cnn_dailymail,4,2048,multinomial,0.025036420947643745,2048,0.02430476102766789,0.025971302392368622,0.025860233827459472,0.02607820467722035,mean_above_target
cnn_dailymail,4,4096,source_full,0.025036420947643745,2048,0.025007075118191658,0.025971302392368622,0.025860233827459472,0.02607820467722035,mean_above_target
cnn_dailymail,4,4096,source_jackknife,0.025036420947643745,4096,0.02301688321037777,0.022803851202905807,0.02270264278357781,0.022915232694840987,upper_interval_below_target
cnn_dailymail,4,4096,multinomial,0.025036420947643745,2048,0.024986640350274182,0.025971302392368622,0.025860233827459472,0.02607820467722035,mean_above_target
cnn_dailymail,5,1024,source_full,0.025036420947643745,1024,0.023359305070265124,0.027999670222479456,0.027862753154304237,0.02813615138982651,mean_above_target
cnn_dailymail,5,1024,source_jackknife,0.025036420947643745,2048,0.023403686893779994,0.025971302392368622,0.025860233827459472,0.02607820467722035,mean_above_target
cnn_dailymail,5,1024,multinomial,0.025036420947643745,2048,0.022428970124721573,0.025971302392368622,0.025860233827459472,0.02607820467722035,mean_above_target
cnn_dailymail,5,2048,source_full,0.025036420947643745,2048,0.02219576433528744,0.025971302392368622,0.025860233827459472,0.02607820467722035,mean_above_target
cnn_dailymail,5,2048,source_jackknife,0.025036420947643745,4096,0.020937696512372206,0.022803851202905807,0.02270264278357781,0.022915232694840987,upper_interval_below_target
cnn_dailymail,5,2048,multinomial,0.025036420947643745,2048,0.024061761782898795,0.025971302392368622,0.025860233827459472,0.02607820467722035,mean_above_target
cnn_dailymail,5,4096,source_full,0.025036420947643745,2048,0.024692133075743552,0.025971302392368622,0.025860233827459472,0.02607820467722035,mean_above_target
cnn_dailymail,5,4096,source_jackknife,0.025036420947643745,4096,0.022980389233272613,0.022803851202905807,0.02270264278357781,0.022915232694840987,upper_interval_below_target
cnn_dailymail,5,4096,multinomial,0.025036420947643745,2048,0.024778990017514158,0.025971302392368622,0.025860233827459472,0.02607820467722035,mean_above_target
