corpus,n,m,method,banks,pairs,forecast,observed,ratio,ratio_low,ratio_high,mean_bank_absolute_log_error
tinystories,512,1024,source_full,6,20,0.03401950357981521,0.03596601707906661,0.94587909206148,0.9352101571555478,0.9561392053039509,0.055679203944433285
tinystories,512,1024,source_jackknife,6,20,0.03815037764129685,0.03596601707906661,1.060734013372351,1.0482472288699718,1.0723245116086908,0.05891845886286931
tinystories,512,1024,multinomial,6,20,0.03214163313840773,0.03596601707906661,0.8936667373467719,0.8849327949084878,0.902345023823714,0.11243842448372039
tinystories,512,2048,source_full,6,20,0.036995602078464314,0.03596601707906661,1.028626605974587,1.0174086778047788,1.0390296865043764,0.028196382644215853
tinystories,512,2048,source_jackknife,6,20,0.04001547821262027,0.03596601707906661,1.1125913143134933,1.0982455064313585,1.1260242812648082,0.10662059683206847
tinystories,512,2048,multinomial,6,20,0.0324050058155284,0.03596601707906661,0.9009895575673618,0.8921402455823899,0.9098712236457756,0.1042765824446233
tinystories,512,4096,source_full,6,20,0.03888222485704879,0.03596601707906661,1.0810823108817216,1.0679656204569397,1.0936323375472987,0.07790867960820096
tinystories,512,4096,source_jackknife,6,20,0.04083852049277557,0.03596601707906661,1.1354752015770162,1.1183573915406735,1.1518775200284954,0.12693787392946554
tinystories,512,4096,multinomial,6,20,0.03243805408331136,0.03596601707906661,0.9019084323960731,0.8932828017754975,0.9100197154163246,0.1032537201327393
tinystories,512,8192,source_large_reference,6,20,0.03995639002281321,0.03596601707906661,1.1109484248693506,1.0972821886766544,1.1242452242460539,0.10515610858055646
tinystories,1024,1024,source_full,6,20,0.023889711135658173,0.02855730275556223,0.8365534847651209,0.8272178651578261,0.8452622352745791,0.17852246126868918
tinystories,1024,1024,source_jackknife,6,20,0.02792066352399356,0.02855730275556223,0.9777066049613292,0.9659819049831777,0.9886520456480986,0.022616500375273834
tinystories,1024,1024,multinomial,6,20,0.025094959953390977,0.02855730275556223,0.8787580594775577,0.8695363845863237,0.8872985786959668,0.12929004347848405
tinystories,1024,2048,source_full,6,20,0.027030667766922967,0.02855730275556223,0.946541345248654,0.938028158676775,0.9546518025288422,0.05496682318260937
tinystories,1024,2048,source_jackknife,6,20,0.030240322013679835,0.02855730275556223,1.0589348116145105,1.0465129114517857,1.0706128705755693,0.05719696142393945
tinystories,1024,2048,multinomial,6,20,0.025526524252579008,0.02855730275556223,0.8938702814854282,0.88563087733288,0.9030158706964615,0.112230635538136
tinystories,1024,4096,source_full,6,20,0.02913870266723056,0.02855730275556223,1.0203590625012753,1.0105273673251074,1.0297743523560388,0.02011903623613957
tinystories,1024,4096,source_jackknife,6,20,0.031381944578025775,0.02855730275556223,1.0989113659171952,1.085923102644529,1.1113660580282865,0.09424705441212099
tinystories,1024,4096,multinomial,6,20,0.025606476842541488,0.02855730275556223,0.8966700063280312,0.8890542854977731,0.9039533624170287,0.10908287138336074
tinystories,1024,8192,source_large_reference,6,20,0.030520969180014873,0.02855730275556223,1.068762321191912,1.0564675647360764,1.0809122737666546,0.0664384795870229
tinystories,2048,1024,source_full,6,20,0.015476742092302063,0.02180476609488361,0.7097871183279334,0.6981876080760121,0.7210391696574028,0.34291960615220557
tinystories,2048,1024,source_jackknife,6,20,0.018925991954213173,0.02180476609488361,0.8679750047240392,0.8515612008493874,0.8834607823805547,0.14178129977486792
tinystories,2048,1024,multinomial,6,20,0.018467965153318278,0.02180476609488361,0.846969193476086,0.8320481459218632,0.860764300359554,0.1662390236126117
tinystories,2048,2048,source_full,6,20,0.018345409352105106,0.02180476609488361,0.8413485965533826,0.8320744554045294,0.8504899063551133,0.1727754227728567
tinystories,2048,2048,source_jackknife,6,20,0.021282461598510456,0.02180476609488361,0.9760463150991694,0.9635525668248592,0.9883424738904615,0.024302689959447527
tinystories,2048,2048,multinomial,6,20,0.019056059126415743,0.02180476609488361,0.873940084635311,0.8634448506835389,0.8847761702607787,0.13479153298296934
tinystories,2048,4096,source_full,6,20,0.020495688571040414,0.02180476609488361,0.9399636979297675,0.9291502917084173,0.9502340977690004,0.06194523558949768
tinystories,2048,4096,source_jackknife,6,20,0.022765504593425124,0.02180476609488361,1.0440609403632606,1.0306234290189051,1.0570935521619107,0.04306022872014137
tinystories,2048,4096,multinomial,6,20,0.019250688700522777,0.02180476609488361,0.8828660952726232,0.8731878592867235,0.8919057613731389,0.12459836097906063
tinystories,2048,8192,source_large_reference,6,20,0.022040225665138125,0.02180476609488361,1.010798536853361,0.9977470086291939,1.0238590804722667,0.012512879506247744
tinystories,4096,1024,source_full,6,20,0.009202147775053484,0.015957617554149716,0.5766617569212581,0.5660891349254729,0.5868233469256446,0.5507116756138344
tinystories,4096,1024,source_jackknife,6,20,0.011738247104140287,0.015957617554149716,0.7355889476802132,0.7184279547764982,0.7510528689537618,0.30742583505731874
tinystories,4096,1024,multinomial,6,20,0.012757476948589593,0.015957617554149716,0.7994600011749285,0.7800375386636349,0.8176284124636846,0.22420972096678585
tinystories,4096,2048,source_full,6,20,0.011520235129855177,0.015957617554149716,0.7219270101418983,0.7154341181213371,0.7287296628434768,0.32585046278314694
tinystories,4096,2048,source_jackknife,6,20,0.013887492757564809,0.015957617554149716,0.8702735674946303,0.860854828903992,0.87972458841545,0.13899210017639538
tinystories,4096,2048,multinomial,6,20,0.01346043506871021,0.015957617554149716,0.8435115720147006,0.8352870181343748,0.8522531567362085,0.17021384876204837
tinystories,4096,4096,source_full,6,20,0.013470052849093613,0.015957617554149716,0.8441142798030511,0.8354351889707234,0.8537072686710109,0.1695108538493155
tinystories,4096,4096,source_jackknife,6,20,0.015492179183486688,0.015957617554149716,0.9708328408621378,0.9580660705754173,0.9846538226487577,0.029699405059121515
tinystories,4096,4096,multinomial,6,20,0.013788766665968462,0.015957617554149716,0.8640867986200576,0.8548456151540833,0.8731794517566889,0.14611837541037134
tinystories,4096,8192,source_large_reference,6,20,0.014968484395783794,0.015957617554149716,0.9380149853191148,0.9277755534352834,0.9489793392801571,0.06404483075563132
wikitext,512,1024,source_full,6,20,0.030623611462952182,0.03249432047726136,0.9424296619583643,0.9331817608457453,0.9515580287294507,0.05932710851198723
wikitext,512,1024,source_jackknife,6,20,0.03573421193245268,0.03249432047726136,1.0997063919972878,1.0854688995302926,1.113311438520217,0.09496230309129224
wikitext,512,1024,multinomial,6,20,0.029770950206298538,0.03249432047726136,0.9161893453697989,0.9060499295747619,0.9263799938406844,0.08759216874945985
wikitext,512,2048,source_full,6,20,0.034114732775589414,0.03249432047726136,1.0498675545303977,1.036362433248383,1.0617084641670653,0.048588716155010946
wikitext,512,2048,source_jackknife,6,20,0.037534920917297626,0.03249432047726136,1.1551225065181325,1.136331327693338,1.171400378965492,0.14406548337345704
wikitext,512,2048,multinomial,6,20,0.030758126039385002,0.03249432047726136,0.9465692954222169,0.9393240175410191,0.953870030166975,0.054919173904399377
wikitext,512,4096,source_full,6,20,0.036174570291438515,0.03249432047726136,1.1132582482145608,1.1011586802805515,1.1247795816649402,0.10724029907559057
wikitext,512,4096,source_jackknife,6,20,0.03825628827957667,0.03249432047726136,1.177322304873166,1.1629650813239232,1.1909260599305642,0.16316828746843504
wikitext,512,4096,multinomial,6,20,0.03125632202118815,0.03249432047726136,0.9619010818539957,0.9546679292440272,0.9692727063780497,0.03884978987002042
wikitext,512,8192,source_large_reference,6,20,0.03730026378068655,0.03249432047726136,1.1479010249433668,1.1356000952640628,1.1588843204407713,0.13789428548698543
wikitext,1024,1024,source_full,6,20,0.02616535279128976,0.03267073308292554,0.8008804921786209,0.7931756449809282,0.8085531699866273,0.22208856122484302
wikitext,1024,1024,source_jackknife,6,20,0.03254894385394506,0.03267073308292554,0.9962722223382207,0.9829832139189942,1.008711794014481,0.012145877331997493
wikitext,1024,1024,multinomial,6,20,0.028341368314106444,0.03267073308292554,0.8674849212036285,0.8575425330461274,0.8770855710461561,0.14223000795228383
wikitext,1024,2048,source_full,6,20,0.03097468891008189,0.03267073308292554,0.9480867426960173,0.9361048188601911,0.9585572924602187,0.053392603763591485
wikitext,1024,2048,source_jackknife,6,20,0.03569952660307027,0.03267073308292554,1.0927066286653861,1.0742952616396053,1.108704461823016,0.0884899700546446
wikitext,1024,2048,multinomial,6,20,0.029866790081033174,0.03267073308292554,0.9141756937386333,0.9074920438801117,0.92090569484249,0.0897476429008191
wikitext,1024,4096,source_full,6,20,0.03399504596292574,0.03267073308292554,1.0405351443029698,1.028938189056185,1.0517269888906537,0.039667247134634674
wikitext,1024,4096,source_jackknife,6,20,0.03707460644542423,0.03267073308292554,1.1347956702202147,1.1192814323811078,1.149774820632095,0.12633750166122207
wikitext,1024,4096,multinomial,6,20,0.03060107619938478,0.03267073308292554,0.9366510424394974,0.9296738834147013,0.9434499471617618,0.06545989238483481
wikitext,1024,8192,source_large_reference,6,20,0.035867244154284536,0.03267073308292554,1.0978402003789,1.0866833457084983,1.1078281676183392,0.09330072210412792
wikitext,2048,1024,source_full,6,20,0.019855034705050647,0.03147074504003422,0.6309045013009027,0.6240011711104414,0.6376182032967436,0.4606548875884065
wikitext,2048,1024,source_jackknife,6,20,0.026526296482653186,0.03147074504003422,0.842887464180109,0.8313685820122884,0.8543172793446793,0.17102572764839588
wikitext,2048,1024,multinomial,6,20,0.025088855543408495,0.03147074504003422,0.7972119983652353,0.7875356830076087,0.807104077804455,0.22671580432956184
wikitext,2048,2048,source_full,6,20,0.025679073993577228,0.03147074504003422,0.815966509878004,0.8067283327370893,0.8251911388524968,0.20345267103283338
wikitext,2048,2048,source_jackknife,6,20,0.03140827772352995,0.03147074504003422,0.9980150671226625,0.9831703568254543,1.0126570795873702,0.016309755452060756
wikitext,2048,2048,multinomial,6,20,0.027337546618639297,0.03147074504003422,0.8686653774438119,0.8615683169924961,0.876455068072231,0.14082370798222985
wikitext,2048,4096,source_full,6,20,0.02964503112578847,0.03147074504003422,0.9419869497235211,0.9313917260024486,0.9524860196521729,0.05983116456495504
wikitext,2048,4096,source_jackknife,6,20,0.03368997332846676,0.03147074504003422,1.0705171830412479,1.055354424950845,1.0857793167146996,0.06801360013636736
wikitext,2048,4096,multinomial,6,20,0.02837032737493164,0.03147074504003422,0.9014825463725593,0.8934773377474039,0.9093670371452123,0.10374410153390749
wikitext,2048,8192,source_large_reference,6,20,0.03232257837187912,0.03147074504003422,1.0270674663329793,1.0172800554232355,1.0362532601685068,0.02667294338423383
wikitext,4096,1024,source_full,6,20,0.013062401753179046,0.028591347651841632,0.4568655494046874,0.4517025180911389,0.4617273804104312,0.7834302306437291
wikitext,4096,1024,source_jackknife,6,20,0.01855245073712289,0.028591347651841632,0.6488833951808454,0.6403860495326917,0.6569523281339685,0.4326022548879535
wikitext,4096,1024,multinomial,6,20,0.020281077110975942,0.028591347651841632,0.7093431676582616,0.7000047102250797,0.7193969651300957,0.34353560663050775
wikitext,4096,2048,source_full,6,20,0.019029486179119173,0.028591347651841632,0.6655680036786737,0.6585701465423445,0.6729518113455637,0.4071726486497816
wikitext,4096,2048,source_jackknife,6,20,0.024910186965939107,0.028591347651841632,0.8712491369512129,0.8594781673415521,0.8838712182956961,0.137947311936959
wikitext,4096,2048,multinomial,6,20,0.02335051107415555,0.028591347651841632,0.8166985116789867,0.8094270719523537,0.8247008438456539,0.20252318053356802
wikitext,4096,4096,source_full,6,20,0.02366202926401231,0.028591347651841632,0.8275940523037285,0.8188600178396082,0.8356451290230005,0.18928483789957676
wikitext,4096,4096,source_jackknife,6,20,0.02836235404734556,0.028591347651841632,0.9919908075938029,0.9789828618654949,1.0045412713798914,0.013764056938832972
wikitext,4096,4096,multinomial,6,20,0.024756727573052428,0.028591347651841632,0.8658818001346569,0.8569844975706159,0.8740067607784369,0.14405547601758173
wikitext,4096,8192,source_large_reference,6,20,0.027007775460932817,0.028591347651841632,0.9446135869427332,0.9371462922327447,0.9519393727916259,0.05699661769909018
cnn_dailymail,512,1024,source_full,6,20,0.027178461360065537,0.028460234063411315,0.9549626787857787,0.9463717834098371,0.9644415436878295,0.04613035160995927
cnn_dailymail,512,1024,source_jackknife,6,20,0.03086876633704604,0.028460234063411315,1.0846279854293661,1.072427009495316,1.0968182236502872,0.08116061889709672
cnn_dailymail,512,1024,multinomial,6,20,0.02769326853481696,0.028460234063411315,0.9730513274456738,0.9655264678203552,0.9812985820683092,0.027346703257730674
cnn_dailymail,512,2048,source_full,6,20,0.02949094740542685,0.028460234063411315,1.0362159123399701,1.0282876682593833,1.043716443553036,0.03555192796094791
cnn_dailymail,512,2048,source_jackknife,6,20,0.031727251863879535,0.028460234063411315,1.1147923728662625,1.1058589485099404,1.1229997822027369,0.10864086904955172
cnn_dailymail,512,2048,multinomial,6,20,0.028350042782333884,0.028460234063411315,0.9961282370049411,0.9884661184844846,1.0034222957832324,0.006058163688276551
cnn_dailymail,512,4096,source_full,6,20,0.030695475995898697,0.028460234063411315,1.0785391268219058,1.0699297900398264,1.0870684760754057,0.075580060171506
cnn_dailymail,512,4096,source_jackknife,6,20,0.0319382161860379,0.028460234063411315,1.1222049725549483,1.1129210917616608,1.1310279248999409,0.11526604935135666
cnn_dailymail,512,4096,multinomial,6,20,0.028666020958423633,0.028460234063411315,1.0072306817489207,1.0002709339271807,1.01398642977851,0.00735824028668175
cnn_dailymail,512,8192,source_large_reference,6,20,0.03130855496697529,0.028460234063411315,1.1000807265751125,1.0933390792540627,1.106572599298259,0.09537790163896391
cnn_dailymail,1024,1024,source_full,6,20,0.023384286987037355,0.027999670222479456,0.8351629430357843,0.8283069872970303,0.8423024981807484,0.18016244278147753
cnn_dailymail,1024,1024,source_jackknife,6,20,0.02836776594855801,0.027999670222479456,1.0131464307669964,1.0021145827050912,1.0232673716197707,0.0157424486241761
cnn_dailymail,1024,1024,multinomial,6,20,0.025899620426005177,0.027999670222479456,0.9249973381904956,0.9186995944180726,0.9311919894407467,0.07798092413022827
cnn_dailymail,1024,2048,source_full,6,20,0.026757657194681983,0.027999670222479456,0.955641869424579,0.948635549138491,0.962608592261018,0.04539490202451629
cnn_dailymail,1024,2048,source_jackknife,6,20,0.03008486231988905,0.027999670222479456,1.0744720234503156,1.0661043133570502,1.0823726282342587,0.07180281797160454
cnn_dailymail,1024,2048,multinomial,6,20,0.026969420505266264,0.027999670222479456,0.963204933878612,0.95611515295912,0.9702215160235389,0.03751164785368531
cnn_dailymail,1024,4096,source_full,6,20,0.028707621534416403,0.027999670222479456,1.0252842732186385,1.0173735395267112,1.0332600511733685,0.02494061436920726
cnn_dailymail,1024,4096,source_jackknife,6,20,0.030654471613644176,0.027999670222479456,1.0948154521131939,1.0858436665713493,1.1035788523740238,0.09055156439473762
cnn_dailymail,1024,4096,multinomial,6,20,0.0275060484444701,0.027999670222479456,0.9823704431485393,0.9763568455073264,0.9887132899511445,0.01779908320213292
cnn_dailymail,1024,8192,source_large_reference,6,20,0.02972512396168397,0.027999670222479456,1.0616240736228115,1.0553800197798042,1.06800998704896,0.059790652221238694
cnn_dailymail,2048,1024,source_full,6,20,0.017915049028771692,0.025971302392368622,0.6898017187630848,0.6849610557124445,0.6947605818053456,0.371374204281949
cnn_dailymail,2048,1024,source_jackknife,6,20,0.023421841937429345,0.025971302392368622,0.9018354791599359,0.8937342980095001,0.9093774480445911,0.10336653096186871
cnn_dailymail,2048,1024,multinomial,6,20,0.02252693123240575,0.025971302392368622,0.8673778038572697,0.8617181398400525,0.8736956278819401,0.14230245176410716
cnn_dailymail,2048,2048,source_full,6,20,0.02220053134299563,0.025971302392368622,0.8548100902910056,0.8493874407421135,0.8603671755433742,0.1568941277040529
cnn_dailymail,2048,2048,source_jackknife,6,20,0.02646616257044543,0.025971302392368622,1.0190541148303065,1.0120595137839499,1.0257497441337564,0.018853893182888572
cnn_dailymail,2048,2048,multinomial,6,20,0.02411672686960431,0.025971302392368622,0.9285913546134191,0.9226724204786768,0.9344960996236474,0.07410466223368355
cnn_dailymail,2048,4096,source_full,6,20,0.02494043267526075,0.025971302392368622,0.9603073538040671,0.9537400682720377,0.9667582933632567,0.04052246310452842
cnn_dailymail,2048,4096,source_jackknife,6,20,0.02764650399202716,0.025971302392368622,1.0645020251333557,1.056486882794985,1.072175597802472,0.06247939414014061
cnn_dailymail,2048,4096,multinomial,6,20,0.02491824249205456,0.025971302392368622,0.9594529421588233,0.9546903491249198,0.964257348314882,0.041397000179543
cnn_dailymail,2048,8192,source_large_reference,6,20,0.02647656098711072,0.025971302392368622,1.0194544958550311,1.013853688422864,1.0252367889567615,0.019258062112129434
cnn_dailymail,4096,1024,source_full,6,20,0.011914764062141788,0.022803851202905807,0.5224891162517117,0.518698795570015,0.5261932274054733,0.6491752387307538
cnn_dailymail,4096,1024,source_jackknife,6,20,0.016618087001483567,0.022803851202905807,0.7287403716862522,0.7223998383328318,0.734956231749993,0.31648005192734496
cnn_dailymail,4096,1024,multinomial,6,20,0.017902735491799635,0.022803851202905807,0.7850750880850493,0.7756957119029068,0.7948782518386976,0.24207423396616035
cnn_dailymail,4096,2048,source_full,6,20,0.016469185195040443,0.022803851202905807,0.7222106936455469,0.717398141569724,0.727088699728715,0.3254572425203854
cnn_dailymail,4096,2048,source_jackknife,6,20,0.021018947293433954,0.022803851202905807,0.921727961931079,0.9148015474513126,0.928733465680891,0.08153476935083691
cnn_dailymail,4096,2048,multinomial,6,20,0.020060819067998965,0.022803851202905807,0.8797118911845334,0.8725043084629007,0.8865650958658674,0.12819749494441793
cnn_dailymail,4096,4096,source_full,6,20,0.019813842734703786,0.022803851202905807,0.8688814252646493,0.8630274552453098,0.874522602370357,0.1405656114557766
cnn_dailymail,4096,4096,source_jackknife,6,20,0.023122072371887802,0.022803851202905807,1.013954711691043,1.0059499065222508,1.022593347570433,0.0138227190803391
cnn_dailymail,4096,4096,multinomial,6,20,0.02117305319456221,0.022803851202905807,0.9284858511909695,0.9225187145460204,0.9344483106040478,0.07421503364125315
cnn_dailymail,4096,8192,source_large_reference,6,20,0.02189780962028015,0.022803851202905807,0.9602680453155122,0.9544092947525918,0.9660844868275981,0.04055507535757919
