corpus,n,k,pairs,models,reconstructor_accuracy,unigram_accuracy,accuracy_gain_pp,relative_topk_error_reduction,accuracy_tie_min,accuracy_tie_max,unigram_accuracy_tie_min,unigram_accuracy_tie_max,pair_mean_accuracy_min,pair_mean_accuracy_max
tinystories,512,1,3,6,0.26350371197647676,0.06949038876743058,19.401332320904622,0.2085022237997658,0.2634572090002863,0.2635471147542546,0.06949038876743058,0.06949038876743058,0.26078867165435665,0.2666301696572912
tinystories,512,2,3,6,0.35387608484075556,0.10849953057327198,24.537655426748362,0.27523996081041996,0.3538326820629778,0.35387608484075556,0.10849953057327198,0.10849953057327198,0.35154898787570654,0.35576522369701763
tinystories,512,4,3,6,0.4431153172268298,0.1862926160283678,25.68227011984619,0.31562046290514595,0.4431153172268298,0.44316021665211697,0.1862926160283678,0.1862926160283678,0.44106036870052945,0.44520720213921405
tinystories,512,8,3,6,0.5251527152834902,0.2795507490806633,24.560196620282685,0.34090113341005485,0.5251120251793235,0.5251527152834902,0.2795507490806633,0.2795507490806633,0.5232886193733701,0.5281787430339113
tinystories,512,16,3,6,0.5946248231668692,0.3489674818766804,24.56573412901886,0.37733497859419646,0.5945865265982416,0.5949557249480314,0.3489674818766804,0.3489674818766804,0.5934444301026881,0.5963798089056398
tinystories,512,32,3,6,0.655752768166545,0.43692920245663286,21.882356570991217,0.38862531437364867,0.6557133110958379,0.6567382180427165,0.43692920245663286,0.43692920245663286,0.6521608968529846,0.6590325249212162
tinystories,512,64,3,6,0.7137655425984518,0.5475328557316761,16.623268686677573,0.3673917299245837,0.7136416565003704,0.7154833078694439,0.5475328557316761,0.5475328557316761,0.7112820275567941,0.7166723119907301
tinystories,1024,1,3,6,0.2756042319319883,0.06949038876743058,20.611384316455773,0.2215064096882736,0.27551282953051043,0.2756042319319883,0.06949038876743058,0.06949038876743058,0.27340949113152946,0.2785727572538514
tinystories,1024,2,3,6,0.3680923010700861,0.10849953057327198,25.959277049681415,0.2911863531196379,0.3680923010700861,0.3680923010700861,0.10849953057327198,0.10849953057327198,0.36729132365398554,0.3685216971781619
tinystories,1024,4,3,6,0.46241617881469504,0.1862926160283678,27.612356278632728,0.3393401217997963,0.46241617881469504,0.46245563588540217,0.1862926160283678,0.1862926160283678,0.4606082300536988,0.46383920749559127
tinystories,1024,8,3,6,0.5471661211564818,0.2795507490806633,26.761537207581835,0.3714562430793356,0.5471661211564818,0.5471661211564818,0.2795507490806633,0.2795507490806633,0.5454742901280278,0.5487994167383512
tinystories,1024,16,3,6,0.6175533294396878,0.3489674818766804,26.858584756300733,0.41255365912787084,0.6175533294396878,0.6175953321278599,0.3489674818766804,0.3489674818766804,0.6158122301497029,0.618895378350597
tinystories,1024,32,3,6,0.6789111588903092,0.43692920245663286,24.198195643367644,0.42975405133674904,0.6789111588903092,0.6796311621932606,0.43692920245663286,0.43692920245663286,0.6765004731954236,0.6813699895395525
tinystories,1024,64,3,6,0.7381096833210492,0.5475328557316761,19.057682758937304,0.4211948425505044,0.7380275815148094,0.7395880002104601,0.5475328557316761,0.5475328557316761,0.7369366180011585,0.7391430383184265
tinystories,2048,1,3,6,0.28118753510651834,0.06949038876743058,21.16971463390878,0.22750667352986287,0.28118753510651834,0.28118753510651834,0.06949038876743058,0.06949038876743058,0.28002726216609164,0.2823677941686948
tinystories,2048,2,3,6,0.37914423755120047,0.10849953057327198,27.064470697792846,0.30358335890946225,0.37905283514972266,0.37919074052739093,0.10849953057327198,0.10849953057327198,0.3768470870081819,0.3823643940400139
tinystories,2048,4,3,6,0.4762956735205674,0.1862926160283678,29.00030574921996,0.35639722977161753,0.4762956735205674,0.4762956735205674,0.1862926160283678,0.1862926160283678,0.4755396725145331,0.4772379338693963
tinystories,2048,8,3,6,0.5577168810256357,0.2795507490806633,27.816613194497233,0.386100938532472,0.5577168810256357,0.5577588837138077,0.2795507490806633,0.2795507490806633,0.5572381657439935,0.5581727274448587
tinystories,2048,16,3,6,0.6328119163423143,0.3489674818766804,28.384443446563377,0.43599117795813,0.6327654133661237,0.6328119163423143,0.3489674818766804,0.3489674818766804,0.6296473019095392,0.6346631284148568
tinystories,2048,32,3,6,0.6983155719543968,0.43692920245663286,26.1386369497764,0.4642158155567147,0.6982794029729154,0.698561877373116,0.43692920245663286,0.43692920245663286,0.6961235389343228,0.7010310989827744
tinystories,2048,64,3,6,0.7580101262629922,0.5475328557316761,21.047727053131627,0.46517691549001877,0.7580101262629922,0.7588843242214199,0.5475328557316761,0.5475328557316761,0.7569433531311884,0.7595890125974762
wikitext,512,1,3,6,0.14003439550332,0.05840670952012062,8.162768598319941,0.0866910234052307,0.13991704594749388,0.1400715978842724,0.05840670952012062,0.05840670952012062,0.13815542713746945,0.1415045355542314
wikitext,512,2,3,6,0.1829818518669618,0.10191244086483765,8.106941100212412,0.09026893889966821,0.18294239479625474,0.1829818518669618,0.10191244086483765,0.10191244086483765,0.18199347008175892,0.18429659935350348
wikitext,512,4,3,6,0.23466055278113998,0.1535889067849574,8.107164599618258,0.09578282544506443,0.23454986239011874,0.23466055278113998,0.1535889067849574,0.1535889067849574,0.23278808416637492,0.2358909836140111
wikitext,512,8,3,6,0.2974853256985562,0.2215040244085947,7.59813012899615,0.09760012083844143,0.2974853256985562,0.29760912824834557,0.2215040244085947,0.2215040244085947,0.2960745548991385,0.29970776035324215
wikitext,512,16,3,6,0.35146943603618935,0.28649213539735596,6.497730063883336,0.09106739233353724,0.35139027126002476,0.35156325073598227,0.28649213539735596,0.28649213539735596,0.349980463169546,0.35223315652924186
wikitext,512,32,3,6,0.40325302360026877,0.3541993586317435,4.905366496852522,0.07595790686208569,0.4030869855493502,0.40368027426371217,0.3541993586317435,0.3541993586317435,0.40271075826867586,0.40429483440001246
wikitext,512,64,3,6,0.4482139796589351,0.4051026118684265,4.31113677905085,0.0724685780280709,0.4480411076203235,0.4504589986730407,0.4051026118684265,0.4051026118684265,0.44685588120126435,0.45007989050206376
wikitext,1024,1,3,6,0.1479756881923956,0.05840670952012062,8.956897867227498,0.09512491176166567,0.14789779570727654,0.14802391350103758,0.05840670952012062,0.05840670952012062,0.14491679089935114,0.15048428779332162
wikitext,1024,2,3,6,0.1955990512279848,0.10191244086483765,9.36866103631471,0.1043179024251991,0.1955508259193428,0.19571582536819643,0.10191244086483765,0.10191244086483765,0.19303895261754406,0.19764291700114328
wikitext,1024,4,3,6,0.2469296443018828,0.1535889067849574,9.334073751692538,0.11027825398929507,0.24675571094792592,0.2469296443018828,0.1535889067849574,0.1535889067849574,0.24386518393715184,0.24960637632606147
wikitext,1024,8,3,6,0.30913876986580674,0.2215040244085947,8.763474545721206,0.11256929798595039,0.30909676717763473,0.3093188258124643,0.2215040244085947,0.2215040244085947,0.3070645034386209,0.3117627575992583
wikitext,1024,16,3,6,0.3675174876712452,0.28649213539735596,8.102535227388925,0.11355915792044236,0.367463234199023,0.3675989474301243,0.28649213539735596,0.28649213539735596,0.3671591687415579,0.36781579569737943
wikitext,1024,32,3,6,0.42072250680237616,0.3541993586317435,6.652314817063266,0.10300879855072646,0.4205945340606127,0.42159440993619257,0.3541993586317435,0.3541993586317435,0.41818095790827964,0.42302973974905234
wikitext,1024,64,3,6,0.46470704698156945,0.4051026118684265,5.960443511314293,0.1001928001404508,0.4644836136680868,0.4667090197950867,0.4051026118684265,0.4051026118684265,0.4615241638269064,0.466713531786353
wikitext,2048,1,3,6,0.15754031556198014,0.05840670952012062,9.913360604185954,0.10528282969320701,0.15742522069590872,0.1576731632534216,0.05840670952012062,0.05840670952012062,0.15646421727836696,0.1587473201184657
wikitext,2048,2,3,6,0.20859314051905453,0.10191244086483765,10.668069965421685,0.11878652428605947,0.20851751446686595,0.20859314051905453,0.10191244086483765,0.10191244086483765,0.20597917648043468,0.21044658664696864
wikitext,2048,4,3,6,0.2628534652867358,0.1535889067849574,10.926455850177843,0.12909159553514762,0.2627707933290639,0.2628534652867358,0.1535889067849574,0.1535889067849574,0.26159863397486305,0.2642769551535775
wikitext,2048,8,3,6,0.32289223497043856,0.2215040244085947,10.138821056184382,0.13023601115576935,0.322761726617904,0.3230491849228155,0.2215040244085947,0.2215040244085947,0.3182024304329875,0.32555096740104283
wikitext,2048,16,3,6,0.3844341209567157,0.28649213539735596,9.794198555935973,0.13726826348845378,0.3843582394111076,0.3846295726264617,0.28649213539735596,0.28649213539735596,0.3813646715621376,0.38615662030689957
wikitext,2048,32,3,6,0.43920860665854816,0.3541993586317435,8.500924802680464,0.13163388603438939,0.4391290348992889,0.43998121399862117,0.3541993586317435,0.3541993586317435,0.43591740454118694,0.4420390198932362
wikitext,2048,64,3,6,0.48489047886346376,0.4051026118684265,7.978786699503712,0.13412038544265795,0.484549414379678,0.48712725642558247,0.4051026118684265,0.4051026118684265,0.4821749297934762,0.4867295337665284
cnn_dailymail,512,1,3,6,0.12203048614389685,0.043481950558743154,7.85485355851537,0.08211924033324543,0.12195699813382795,0.12203048614389685,0.043481950558743154,0.043481950558743154,0.12065086510132443,0.12406215054784668
cnn_dailymail,512,2,3,6,0.1708633335074885,0.08288719139174683,8.797614211574167,0.09592728537860917,0.1708633335074885,0.17094232018028263,0.08288719139174683,0.08288719139174683,0.170529718136999,0.17115122963338525
cnn_dailymail,512,4,3,6,0.2317108289656943,0.14558179087425316,8.612903809144118,0.10080431008085568,0.2316688262775223,0.23178339088519898,0.14558179087425316,0.14558179087425316,0.2310593800979863,0.2324636422370878
cnn_dailymail,512,8,3,6,0.2980915375640871,0.2136866428935786,8.440489467050845,0.10734256757523819,0.29800983821768184,0.2981277065455685,0.2136866428935786,0.2136866428935786,0.2972270744620719,0.2987415958684353
cnn_dailymail,512,16,3,6,0.3662566267862215,0.28208213347075084,8.417449331547067,0.11724808260088242,0.3662566267862215,0.36629181822766294,0.28208213347075084,0.28208213347075084,0.3649220689710117,0.36755883938365985
cnn_dailymail,512,32,3,6,0.4279156522971977,0.3472576155168403,8.065803678035744,0.12356794762794872,0.42779304445029553,0.4285698632704191,0.3472576155168403,0.3472576155168403,0.42682652473745963,0.42977422461072995
cnn_dailymail,512,64,3,6,0.4814114529955289,0.416399010269461,6.501244272606789,0.11139878764785084,0.48120683990029084,0.48284441743083323,0.416399010269461,0.416399010269461,0.4791627388424521,0.48310103468340493
cnn_dailymail,1024,1,3,6,0.13059040661926138,0.043481950558743154,8.710845606051825,0.09106828262300125,0.13055211005063394,0.13062870318788886,0.043481950558743154,0.043481950558743154,0.12851295030467513,0.13324952649257862
cnn_dailymail,1024,2,3,6,0.18488932472559938,0.08288719139174683,10.200213333385257,0.11122092328929951,0.1847994189716311,0.1850120155843503,0.08288719139174683,0.08288719139174683,0.18302478829133884,0.18837645246034945
cnn_dailymail,1024,4,3,6,0.2477060680487347,0.14558179087425316,10.212427717448156,0.11952493062966973,0.24762597718200588,0.24782095775461707,0.14558179087425316,0.14558179087425316,0.2438321923787357,0.2526589249114179
cnn_dailymail,1024,8,3,6,0.3126229044891345,0.2136866428935786,9.89362615955559,0.12582294412450842,0.31250503616124775,0.3128109675618537,0.2136866428935786,0.2136866428935786,0.3109501781121964,0.31400165970024524
cnn_dailymail,1024,16,3,6,0.38514736125437343,0.28208213347075084,10.30652277836226,0.14356130776057732,0.3848962559944476,0.38514736125437343,0.28208213347075084,0.28208213347075084,0.38433803614465817,0.38631372150283133
cnn_dailymail,1024,32,3,6,0.44864312638348053,0.3472576155168403,10.138551086664028,0.1553223955985594,0.4485134413159595,0.44905775338157844,0.3472576155168403,0.3472576155168403,0.44830945327103366,0.44894475724056127
cnn_dailymail,1024,64,3,6,0.5015687358278152,0.416399010269461,8.516972555835418,0.14593828156062388,0.5013674604461907,0.5031180896659656,0.416399010269461,0.416399010269461,0.5004284923245699,0.5030767940608627
cnn_dailymail,2048,1,3,6,0.13935454124503022,0.043481950558743154,9.587259068628706,0.10023082234808882,0.13931253855685818,0.13946632582372656,0.043481950558743154,0.043481950558743154,0.13803763741750508,0.14155623927671462
cnn_dailymail,2048,2,3,6,0.19734978976688955,0.08288719139174683,11.44625983751427,0.12480754526680661,0.19722807644817866,0.197388086335517,0.08288719139174683,0.08288719139174683,0.19559837081778694,0.2006823225775519
cnn_dailymail,2048,4,3,6,0.26455572922079135,0.14558179087425316,11.897393834653819,0.1392455557194574,0.2643612575899162,0.26471718821726875,0.14558179087425316,0.14558179087425316,0.26189912931111825,0.267462256711598
cnn_dailymail,2048,8,3,6,0.3308149129827966,0.2136866428935786,11.7128270089218,0.1489587694659568,0.3308149129827966,0.330852115363749,0.2136866428935786,0.2136866428935786,0.3289945963125829,0.33394779996386675
cnn_dailymail,2048,16,3,6,0.4002479041541931,0.28208213347075084,11.816577068344218,0.1645951106561964,0.40012270547210615,0.4005128419435449,0.28208213347075084,0.28208213347075084,0.3989636907029142,0.4021865083600014
cnn_dailymail,2048,32,3,6,0.46565802292939557,0.3472576155168403,11.840040741255523,0.18138918235913926,0.4653439622471338,0.4659495915897898,0.3472576155168403,0.3472576155168403,0.4640376546069308,0.4668025786728792
cnn_dailymail,2048,64,3,6,0.5211331991417332,0.416399010269461,10.473418887227218,0.17946197952925025,0.5208934296298179,0.5232622567868752,0.416399010269461,0.416399010269461,0.5195686385932705,0.5228785253601183
