corpus,n,pair,arm,k,reconstructor_accuracy,unigram_accuracy,accuracy_gain_pp,relative_topk_error_reduction,accuracy_tie_min,accuracy_tie_max,unigram_accuracy_tie_min,unigram_accuracy_tie_max
tinystories,512,1,a,1,0.2598716658736564,0.06949038876743058,19.038127710622582,0.20459893676331126,0.2598716658736564,0.2598716658736564,0.06949038876743058,0.06949038876743058
tinystories,512,1,a,2,0.3552076165834348,0.10849953057327197,24.670808601016283,0.2767335458261805,0.3552076165834348,0.3552076165834348,0.10849953057327197,0.10849953057327197
tinystories,512,1,a,4,0.4413694715538404,0.1862926160283678,25.507685552547255,0.3134749180724715,0.4413694715538404,0.4413694715538404,0.1862926160283678,0.1862926160283678
tinystories,512,1,a,8,0.5198693637947658,0.27955074908066335,24.03186147141024,0.3335677209844294,0.5198693637947658,0.5198693637947658,0.27955074908066335,0.27955074908066335
tinystories,512,1,a,16,0.5937950022348659,0.3489674818766805,24.482752035818546,0.37606035573143193,0.5937950022348659,0.5940470183638982,0.3489674818766805,0.3489674818766805
tinystories,512,1,a,32,0.6575836021532855,0.4369292024566328,22.065439969665267,0.39187683086984826,0.6575836021532855,0.6587587397699554,0.4369292024566328,0.4369292024566328
tinystories,512,1,a,64,0.7170960335109313,0.5475328557316761,16.956317777925523,0.3747524652943644,0.7165824963342071,0.7187106242526011,0.5475328557316761,0.5475328557316761
tinystories,512,1,b,1,0.2617056774350569,0.06949038876743058,19.221528866762633,0.206569912172121,0.2617056774350569,0.2617056774350569,0.06949038876743058,0.06949038876743058
tinystories,512,1,b,2,0.34789035916797834,0.10849953057327197,23.939082859470638,0.26852574598041956,0.34789035916797834,0.34789035916797834,0.10849953057327197,0.10849953057327197
tinystories,512,1,b,4,0.4407512658472185,0.1862926160283678,25.44586498188507,0.3127151784918812,0.4407512658472185,0.4407512658472185,0.1862926160283678,0.1862926160283678
tinystories,512,1,b,8,0.5267078749519744,0.27955074908066335,24.7157125871311,0.3430597305166514,0.5267078749519744,0.5267078749519744,0.27955074908066335,0.27955074908066335
tinystories,512,1,b,16,0.594305458749693,0.3489674818766805,24.533797687301252,0.37684442795611667,0.5940756793379283,0.5947806891644396,0.3489674818766805,0.3489674818766805
tinystories,512,1,b,32,0.660481447689147,0.4369292024566328,22.355224523251415,0.39702333384692423,0.660481447689147,0.6614319085186401,0.4369292024566328,0.4369292024566328
tinystories,512,1,b,64,0.7162485904705289,0.5475328557316761,16.87157347388528,0.37287952700229726,0.7160188110587642,0.7184380894542634,0.5475328557316761,0.5475328557316761
tinystories,512,2,a,1,0.25973360326516376,0.06949038876743058,19.024321449773318,0.20445056364945405,0.25973360326516376,0.25973360326516376,0.06949038876743058,0.06949038876743058
tinystories,512,2,a,2,0.3547582120311663,0.10849953057327197,24.625868145789433,0.27622944676209643,0.3547582120311663,0.3547582120311663,0.10849953057327197,0.10849953057327197
tinystories,512,2,a,4,0.4430054590176986,0.1862926160283678,25.671284298933085,0.31548545342717504,0.4430054590176986,0.4432748555694227,0.1862926160283678,0.1862926160283678
tinystories,512,2,a,8,0.5213999180641588,0.27955074908066335,24.18491689834954,0.3356921652356239,0.5213999180641588,0.5213999180641588,0.27955074908066335,0.27955074908066335
tinystories,512,2,a,16,0.5928011523693231,0.3489674818766805,24.38336704926426,0.3745337808862802,0.5928011523693231,0.5930705489210472,0.3489674818766805,0.3489674818766805
tinystories,512,2,a,32,0.6512539446640476,0.4369292024566328,21.432474220741483,0.38063551358460873,0.6512539446640476,0.6519832979257285,0.4369292024566328,0.4369292024566328
tinystories,512,2,a,64,0.7105298782189459,0.5475328557316761,16.299702248726977,0.3602405711708619,0.7105298782189459,0.7125366270451317,0.5475328557316761,0.5475328557316761
tinystories,512,2,b,1,0.26645098597040145,0.06949038876743058,19.696059720297086,0.21166959999700957,0.26645098597040145,0.26645098597040145,0.06949038876743058,0.06949038876743058
tinystories,512,2,b,2,0.3538698738679187,0.10849953057327197,24.53703432946467,0.2752329939348547,0.3538698738679187,0.3538698738679187,0.10849953057327197,0.10849953057327197
tinystories,512,2,b,4,0.44315130266379266,0.1862926160283678,25.68586866354249,0.31566468695628747,0.44315130266379266,0.44315130266379266,0.1862926160283678,0.1862926160283678
tinystories,512,2,b,8,0.5265816488222196,0.27955074908066335,24.703089974155624,0.3428845257682341,0.5265816488222196,0.5265816488222196,0.27955074908066335,0.27955074908066335
tinystories,512,2,b,16,0.5940877078360531,0.3489674818766805,24.512022595937268,0.3765099578527376,0.5940877078360531,0.5946012450127773,0.3489674818766805,0.3489674818766805
tinystories,512,2,b,32,0.6530678490419215,0.4369292024566328,21.61386465852887,0.38385696350846876,0.6530678490419215,0.6542798309191066,0.4369292024566328,0.4369292024566328
tinystories,512,2,b,64,0.7120341768946425,0.5475328557316761,16.450132116296643,0.36356522953501613,0.7120341768946425,0.7136884933013332,0.5475328557316761,0.5475328557316761
tinystories,512,3,a,1,0.26969966221512276,0.06949038876743058,20.02092734476922,0.2151608871427899,0.26969966221512276,0.26969966221512276,0.06949038876743058,0.06949038876743058
tinystories,512,3,a,2,0.35668836516622004,0.10849953057327197,24.818883459294806,0.27839450802818294,0.35668836516622004,0.35668836516622004,0.10849953057327197,0.10849953057327197
tinystories,512,3,a,4,0.4457283703470607,0.1862926160283678,25.94357543186929,0.31883175626649773,0.4457283703470607,0.4457283703470607,0.1862926160283678,0.1862926160283678
tinystories,512,3,a,8,0.5302087492275032,0.27955074908066335,25.06580001468398,0.3479190238965272,0.5302087492275032,0.5302087492275032,0.27955074908066335,0.27955074908066335
tinystories,512,3,a,16,0.5985640291804388,0.3489674818766805,24.959654730375835,0.3833856840565365,0.5985640291804388,0.5985640291804388,0.3489674818766805,0.3489674818766805
tinystories,512,3,a,32,0.6565586545285462,0.4369292024566328,21.962945207191343,0.3900565488925001,0.6563219121043038,0.6570139438021948,0.4369292024566328,0.4369292024566328
tinystories,512,3,a,64,0.7107988253985364,0.5475328557316761,16.326596966686036,0.3608349727379094,0.7107988253985364,0.7120265713821418,0.5475328557316761,0.5475328557316761
tinystories,512,3,b,1,0.26356067709945963,0.06949038876743058,19.407028833202904,0.20856344307390884,0.2632816592423167,0.2638210937661263,0.06949038876743058,0.06949038876743058
tinystories,512,3,b,2,0.3548420822278152,0.10849953057327197,24.634255165454324,0.2763235243307856,0.35458166556114856,0.3548420822278152,0.10849953057327197,0.10849953057327197
tinystories,512,3,b,4,0.44468603393136746,0.1862926160283678,25.83934179029996,0.31755078421656285,0.44468603393136746,0.44468603393136746,0.1862926160283678,0.1862926160283678
tinystories,512,3,b,8,0.5261487368403195,0.27955074908066335,24.659798775965612,0.3422836340588629,0.5259045962153195,0.5261487368403195,0.27955074908066335,0.27955074908066335
tinystories,512,3,b,16,0.5941955886308407,0.3489674818766805,24.522810675416018,0.37667566508207617,0.5941955886308407,0.5946708190455872,0.3489674818766805,0.3489674818766805
tinystories,512,3,b,32,0.6555711109223219,0.4369292024566328,21.86419084656891,0.3883026955395418,0.6555711109223219,0.6569615873206738,0.4369292024566328,0.4369292024566328
tinystories,512,3,b,64,0.7158857510971257,0.5475328557316761,16.835289536544963,0.3720776138070531,0.7158857510971257,0.717499441781192,0.5475328557316761,0.5475328557316761
tinystories,1024,1,a,1,0.2750878414518834,0.06949038876743058,20.559745268445283,0.22095145520540602,0.2748184449001593,0.2750878414518834,0.06949038876743058,0.06949038876743058
tinystories,1024,1,a,2,0.3716429003207146,0.10849953057327197,26.31433697474427,0.2951690759250579,0.3716429003207146,0.3716429003207146,0.10849953057327197,0.10849953057327197
tinystories,1024,1,a,4,0.46368634154097355,0.1862926160283678,27.739372551260576,0.3409010794011381,0.46368634154097355,0.4639230839652159,0.1862926160283678,0.1862926160283678
tinystories,1024,1,a,8,0.5471989827288997,0.27955074908066335,26.76482336482363,0.37150185569171046,0.5471989827288997,0.5471989827288997,0.27955074908066335,0.27955074908066335
tinystories,1024,1,a,16,0.6220123490648016,0.3489674818766805,27.304486718812115,0.4194028095174204,0.6220123490648016,0.6220123490648016,0.3489674818766805,0.3489674818766805
tinystories,1024,1,a,32,0.683005412845058,0.4369292024566328,24.60762103884252,0.43702534647869506,0.683005412845058,0.6837500398115286,0.4369292024566328,0.4369292024566328
tinystories,1024,1,a,64,0.7406734637433976,0.5475328557316761,19.31406080117215,0.42686106705945587,0.7406734637433976,0.7421300635488572,0.5475328557316761,0.5475328557316761
tinystories,1024,1,b,1,0.27173114081117544,0.06949038876743058,20.224075204374486,0.217344076409757,0.27173114081117544,0.27173114081117544,0.06949038876743058,0.06949038876743058
tinystories,1024,1,b,2,0.36528486443550723,0.10849953057327197,25.678533386223524,0.28803723909125806,0.36528486443550723,0.36528486443550723,0.10849953057327197,0.10849953057327197
tinystories,1024,1,b,4,0.46191585624861675,0.1862926160283678,27.562324022024896,0.338725253880525,0.46191585624861675,0.46191585624861675,0.1862926160283678,0.1862926160283678
tinystories,1024,1,b,8,0.5472503304772327,0.27955074908066335,26.769958139656936,0.3715731275380862,0.5472503304772327,0.5472503304772327,0.27955074908066335,0.27955074908066335
tinystories,1024,1,b,16,0.6157784076363926,0.3489674818766805,26.68109257597121,0.40982734092734274,0.6157784076363926,0.6157784076363926,0.3489674818766805,0.3489674818766805
tinystories,1024,1,b,32,0.679734566234047,0.4369292024566328,24.280536377741424,0.43121640269173006,0.679734566234047,0.6802097966487936,0.4369292024566328,0.4369292024566328
tinystories,1024,1,b,64,0.7376126128934555,0.5475328557316761,19.00797571617794,0.4200962646009442,0.7376126128934555,0.7393743750634837,0.5475328557316761,0.5475328557316761
tinystories,1024,2,a,1,0.27582799707511335,0.06949038876743058,20.633760830768278,0.22174688559569453,0.27582799707511335,0.27582799707511335,0.06949038876743058,0.06949038876743058
tinystories,1024,2,a,2,0.36739892068588975,0.10849953057327197,25.889939011261774,0.2904085852911562,0.36739892068588975,0.36739892068588975,0.10849953057327197,0.10849953057327197
tinystories,1024,2,a,4,0.4610674360607233,0.1862926160283678,27.477482003235554,0.3376825938228611,0.4610674360607233,0.4610674360607233,0.1862926160283678,0.1862926160283678
tinystories,1024,2,a,8,0.5460689553349678,0.27955074908066335,26.651820625430446,0.3699333518831634,0.5460689553349678,0.5460689553349678,0.27955074908066335,0.27955074908066335
tinystories,1024,2,a,16,0.6125290105161605,0.3489674818766805,26.356152863948,0.40483619681429767,0.6125290105161605,0.6127810266451927,0.3489674818766805,0.3489674818766805
tinystories,1024,2,a,32,0.6748069866273742,0.4369292024566328,23.787778417074136,0.4224651415214269,0.6748069866273742,0.6760417800996363,0.4369292024566328,0.4369292024566328
tinystories,1024,2,a,64,0.7384376087288811,0.5475328557316761,19.0904752997205,0.42191959220798997,0.7384376087288811,0.7403342241031995,0.5475328557316761,0.5475328557316761
tinystories,1024,2,b,1,0.2738328977460548,0.06949038876743058,20.434250897862423,0.21960279239668307,0.2738328977460548,0.2738328977460548,0.06949038876743058,0.06949038876743058
tinystories,1024,2,b,2,0.36964447367043407,0.10849953057327197,26.114494309716207,0.2929274319564735,0.36964447367043407,0.36964447367043407,0.10849953057327197,0.10849953057327197
tinystories,1024,2,b,4,0.46014902404667424,0.1862926160283678,27.385640801830647,0.33655391779983374,0.46014902404667424,0.46014902404667424,0.1862926160283678,0.1862926160283678
tinystories,1024,2,b,8,0.544879624921088,0.27955074908066335,26.532887584042463,0.36828253412971007,0.544879624921088,0.544879624921088,0.27955074908066335,0.27955074908066335
tinystories,1024,2,b,16,0.6190954497832454,0.3489674818766805,27.01279679065649,0.41492238926135616,0.6190954497832454,0.6190954497832454,0.3489674818766805,0.3489674818766805
tinystories,1024,2,b,32,0.678193959763473,0.4369292024566328,24.126475730684017,0.42848032318397433,0.678193959763473,0.6786865706009115,0.4369292024566328,0.4369292024566328
tinystories,1024,2,b,64,0.7380611785582436,0.5475328557316761,19.05283228265675,0.4210876419207571,0.7380611785582436,0.7390425479489566,0.5475328557316761,0.5475328557316761
tinystories,1024,3,a,1,0.2793516155427117,0.06949038876743058,20.986122677528112,0.22553364762916875,0.2793516155427117,0.2793516155427117,0.06949038876743058,0.06949038876743058
tinystories,1024,3,a,2,0.3667093363204303,0.10849953057327197,25.820980574715836,0.2896350754735979,0.3667093363204303,0.3667093363204303,0.10849953057327197,0.10849953057327197
tinystories,1024,3,a,4,0.46305740117632144,0.1862926160283678,27.676478514795367,0.34012814753761944,0.46305740117632144,0.46305740117632144,0.1862926160283678,0.1862926160283678
tinystories,1024,3,a,8,0.5524588151928572,0.27955074908066335,27.290806611219388,0.3788026231742857,0.5524588151928572,0.5524588151928572,0.27955074908066335,0.27955074908066335
tinystories,1024,3,a,16,0.6179241918492471,0.3489674818766805,26.89567099725666,0.41312331179380574,0.6179241918492471,0.6179241918492471,0.3489674818766805,0.3489674818766805
tinystories,1024,3,a,32,0.6816950881543915,0.4369292024566328,24.47658856977587,0.4346982417941983,0.6816950881543915,0.6823814672177867,0.4369292024566328,0.4369292024566328
tinystories,1024,3,a,64,0.7402671734209192,0.5475328557316761,19.27343176892431,0.42596312269459946,0.7397745625834807,0.7414135091942711,0.5475328557316761,0.5475328557316761
tinystories,1024,3,b,1,0.27779389896499107,0.06949038876743058,20.830351019756048,0.2238596008929322,0.27751488110784817,0.27779389896499107,0.06949038876743058,0.06949038876743058
tinystories,1024,3,b,2,0.3678733109875408,0.10849953057327197,25.937378041426882,0.2909407109802836,0.3678733109875408,0.3678733109875408,0.10849953057327197,0.10849953057327197
tinystories,1024,3,b,4,0.46462101381486104,0.1862926160283678,27.832839778649323,0.34204973835680025,0.46462101381486104,0.46462101381486104,0.1862926160283678,0.1862926160283678
tinystories,1024,3,b,8,0.5451400182838451,0.27955074908066335,26.55892692031817,0.368643966059058,0.5451400182838451,0.5451400182838451,0.27955074908066335,0.27955074908066335
tinystories,1024,3,b,16,0.6179805677882798,0.3489674818766805,26.901308591159932,0.4132099064530022,0.6179805677882798,0.6179805677882798,0.3489674818766805,0.3489674818766805
tinystories,1024,3,b,32,0.6760309397175118,0.4369292024566328,23.9101737260879,0.4246388523504695,0.6760309397175118,0.676717318780907,0.4369292024566328,0.4369292024566328
tinystories,1024,3,b,64,0.7336060625813979,0.5475328557316761,18.607320684972183,0.4112413668192799,0.7336060625813979,0.7352332814039922,0.5475328557316761,0.5475328557316761
tinystories,2048,1,a,1,0.2821961989143932,0.06949038876743058,21.270581014696262,0.22859066427611502,0.2821961989143932,0.2821961989143932,0.06949038876743058,0.06949038876743058
tinystories,2048,1,a,2,0.38322165424010946,0.10849953057327197,27.472212366683745,0.3081570151538958,0.38295225768838526,0.38350067209725225,0.10849953057327197,0.10849953057327197
tinystories,2048,1,a,4,0.47495452016419837,0.1862926160283678,28.86619041358306,0.35474902873180025,0.47495452016419837,0.47495452016419837,0.1862926160283678,0.1862926160283678
tinystories,2048,1,a,8,0.5572507612229162,0.27955074908066335,27.77000121422528,0.3854539536100438,0.5572507612229162,0.5572507612229162,0.27955074908066335,0.27955074908066335
tinystories,2048,1,a,16,0.6342251902002078,0.3489674818766805,28.525770832352737,0.4381619971085583,0.6342251902002078,0.6342251902002078,0.3489674818766805,0.3489674818766805
tinystories,2048,1,a,32,0.7022426045607317,0.4369292024566328,26.531340210409894,0.47119012966333906,0.7022426045607317,0.7025120011124558,0.4369292024566328,0.4369292024566328
tinystories,2048,1,a,64,0.7606343804063169,0.5475328557316761,21.310152467464082,0.47097679328571646,0.7606343804063169,0.76163102350182,0.5475328557316761,0.5475328557316761
tinystories,2048,1,b,1,0.2801388990551441,0.06949038876743058,21.064851028771354,0.22637972541593074,0.2801388990551441,0.2801388990551441,0.06949038876743058,0.06949038876743058
tinystories,2048,1,b,2,0.38150713383991836,0.10849953057327197,27.30076032666464,0.3062338300754925,0.38150713383991836,0.38150713383991836,0.10849953057327197,0.10849953057327197
tinystories,2048,1,b,4,0.47726430819134735,0.1862926160283678,29.097169216297956,0.3575876265774719,0.47726430819134735,0.47726430819134735,0.1862926160283678,0.1862926160283678
tinystories,2048,1,b,8,0.5590946936668012,0.27955074908066335,27.954394458613784,0.38801337391831964,0.5590946936668012,0.5593467097958335,0.27955074908066335,0.27955074908066335
tinystories,2048,1,b,16,0.6340254472048854,0.3489674818766805,28.505796532820494,0.43785518755640535,0.6337464293477424,0.6340254472048854,0.3489674818766805,0.3489674818766805
tinystories,2048,1,b,32,0.699819593404817,0.4369292024566328,26.289039094818424,0.4668869209611899,0.699819593404817,0.7000428076905314,0.4369292024566328,0.4369292024566328
tinystories,2048,1,b,64,0.7585436447886355,0.5475328557316761,21.101078905695935,0.46635604757154453,0.7585436447886355,0.759018875203382,0.5475328557316761,0.5475328557316761
tinystories,2048,2,a,1,0.2786843496919209,0.06949038876743058,20.919396092449034,0.2248165504141202,0.2786843496919209,0.2786843496919209,0.06949038876743058,0.06949038876743058
tinystories,2048,2,a,2,0.37662645136901785,0.10849953057327197,26.812692079574585,0.3007591470682709,0.37662645136901785,0.37662645136901785,0.10849953057327197,0.10849953057327197
tinystories,2048,2,a,4,0.47411101806986344,0.1862926160283678,28.781840204149567,0.3537124127308272,0.47411101806986344,0.47411101806986344,0.1862926160283678,0.1862926160283678
tinystories,2048,2,a,8,0.5577882548056834,0.27955074908066335,27.823750572502004,0.386200006967836,0.5577882548056834,0.5577882548056834,0.27955074908066335,0.27955074908066335
tinystories,2048,2,a,16,0.6300258051589058,0.3489674818766805,28.105832328222537,0.4317116510438068,0.6300258051589058,0.6300258051589058,0.3489674818766805,0.3489674818766805
tinystories,2048,2,a,32,0.6962483009914447,0.4369292024566328,25.931909853481194,0.4605443927587799,0.6962483009914447,0.6967409118288832,0.4369292024566328,0.4369292024566328
tinystories,2048,2,a,64,0.7573439676605794,0.5475328557316761,20.981111192890335,0.46370463488168834,0.7573439676605794,0.7587593020992282,0.5475328557316761,0.5475328557316761
tinystories,2048,2,b,1,0.2813701746402624,0.06949038876743058,21.187978587283183,0.2277029525704438,0.2813701746402624,0.2813701746402624,0.06949038876743058,0.06949038876743058
tinystories,2048,2,b,2,0.377067722647346,0.10849953057327197,26.8568192074074,0.301254123003182,0.37678870479020315,0.377067722647346,0.10849953057327197,0.10849953057327197
tinystories,2048,2,b,4,0.4769683269592027,0.1862926160283678,29.067571093083487,0.3572238825117612,0.4769683269592027,0.4769683269592027,0.1862926160283678,0.1862926160283678
tinystories,2048,2,b,8,0.5576912449704259,0.27955074908066335,27.814049588976253,0.3860653551028591,0.5576912449704259,0.5576912449704259,0.27955074908066335,0.27955074908066335
tinystories,2048,2,b,16,0.6292687986601726,0.3489674818766805,28.030131678349214,0.43054887272220255,0.6292687986601726,0.6292687986601726,0.3489674818766805,0.3489674818766805
tinystories,2048,2,b,32,0.6959987768772007,0.4369292024566328,25.90695744205679,0.4601012440191672,0.6957817629883118,0.6962219911629149,0.4369292024566328,0.4369292024566328
tinystories,2048,2,b,64,0.7576520584600456,0.5475328557316761,21.01192027283695,0.46438554796757514,0.7576520584600456,0.758144669297484,0.5475328557316761,0.5475328557316761
tinystories,2048,3,a,1,0.283739347661711,0.06949038876743058,21.424895889428043,0.23024905525745454,0.283739347661711,0.283739347661711,0.06949038876743058,0.06949038876743058
tinystories,2048,3,a,2,0.3814585147110993,0.10849953057327197,27.295898413782737,0.3061792937847261,0.3814585147110993,0.3814585147110993,0.10849953057327197,0.10849953057327197
tinystories,2048,3,a,4,0.48017388942062406,0.1862926160283678,29.388127339225623,0.361163336085078,0.48017388942062406,0.48017388942062406,0.1862926160283678,0.1862926160283678
tinystories,2048,3,a,8,0.558746700178576,0.27955074908066335,27.919595109791263,0.38753035101589983,0.558746700178576,0.558746700178576,0.27955074908066335,0.27955074908066335
tinystories,2048,3,a,16,0.6353762183623375,0.3489674818766805,28.6408736485657,0.4399300012098705,0.6353762183623375,0.6353762183623375,0.3489674818766805,0.3489674818766805
tinystories,2048,3,a,32,0.6999515113204866,0.4369292024566328,26.30223088638538,0.4671212039612054,0.6999515113204866,0.6999515113204866,0.4369292024566328,0.4369292024566328
tinystories,2048,3,a,64,0.7583740045915254,0.5475328557316761,21.084114885984928,0.46598112488542465,0.7583740045915254,0.7592835979406349,0.5475328557316761,0.5475328557316761
tinystories,2048,3,b,1,0.2809962406756786,0.06949038876743058,21.1505851908248,0.22730109324511286,0.2809962406756786,0.2809962406756786,0.06949038876743058,0.06949038876743058
tinystories,2048,3,b,2,0.37498394849971184,0.10849953057327197,26.648441792643986,0.29891674437120647,0.37498394849971184,0.37498394849971184,0.10849953057327197,0.10849953057327197
tinystories,2048,3,b,4,0.4743019783181685,0.1862926160283678,28.800936228980067,0.35394709199276647,0.4743019783181685,0.4743019783181685,0.1862926160283678,0.1862926160283678
tinystories,2048,3,b,8,0.5557296313094112,0.27955074908066335,27.617888222874786,0.3833425905798736,0.5557296313094112,0.5557296313094112,0.27955074908066335,0.27955074908066335
tinystories,2048,3,b,16,0.6339500384673762,0.3489674818766805,28.49825565906957,0.43773935810793696,0.6339500384673762,0.6339500384673762,0.3489674818766805,0.3489674818766805
tinystories,2048,3,b,32,0.6956326445717,0.4369292024566328,25.870344211506723,0.45945100197660693,0.6956326445717,0.6959020411234241,0.4369292024566328,0.4369292024566328
tinystories,2048,3,b,64,0.7555127016708514,0.5475328557316761,20.79798459391753,0.45965734434816385,0.7555127016708514,0.7564684772859707,0.5475328557316761,0.5475328557316761
wikitext,512,1,a,1,0.1413847831400287,0.05840670952012062,8.297807361990808,0.08812517512483402,0.1413847831400287,0.1413847831400287,0.05840670952012062,0.05840670952012062
wikitext,512,1,a,2,0.18210359537479448,0.10191244086483767,8.019115450995681,0.08929102034013148,0.18210359537479448,0.18210359537479448,0.10191244086483767,0.10191244086483767
wikitext,512,1,a,4,0.2330067949406205,0.1535889067849574,7.941788815566309,0.09382897836794521,0.2330067949406205,0.2330067949406205,0.1535889067849574,0.1535889067849574
wikitext,512,1,a,8,0.2994619092921965,0.2215040244085947,7.795788488360181,0.10013909811721122,0.2994619092921965,0.2999679821666904,0.2215040244085947,0.2215040244085947
wikitext,512,1,a,16,0.3542256026188249,0.28649213539735596,6.773346722146894,0.09493023214143552,0.3542256026188249,0.3542256026188249,0.28649213539735596,0.28649213539735596
wikitext,512,1,a,32,0.4066871523904665,0.3541993586317435,5.248779375872298,0.08127553674693974,0.40613185214536845,0.4066871523904665,0.3541993586317435,0.3541993586317435
wikitext,512,1,a,64,0.4521045275488586,0.40510261186842655,4.700191568043205,0.07900844182230068,0.4515346502279037,0.4539784599652289,0.40510261186842655,0.40510261186842655
wikitext,512,1,b,1,0.1395016644964897,0.05840670952012062,8.10949549763691,0.08612524727638975,0.13927845021077542,0.1395016644964897,0.05840670952012062,0.05840670952012062
wikitext,512,1,b,2,0.18188334478872337,0.10191244086483767,7.99709039238857,0.08904577633933136,0.18188334478872337,0.18188334478872337,0.10191244086483767,0.10191244086483767
wikitext,512,1,b,4,0.2387751722874017,0.1535889067849574,8.518626550244429,0.10064407967394341,0.2387751722874017,0.2387751722874017,0.1535889067849574,0.1535889067849574
wikitext,512,1,b,8,0.2999536114142878,0.2215040244085947,7.8449587005693076,0.10077070333741513,0.2999536114142878,0.2999536114142878,0.2215040244085947,0.2215040244085947
wikitext,512,1,b,16,0.3502407104396588,0.28649213539735596,6.3748575042302855,0.08934530115909058,0.3502407104396588,0.3502407104396588,0.28649213539735596,0.28649213539735596
wikitext,512,1,b,32,0.3988198038737693,0.3541993586317435,4.46204452420258,0.0690932191511742,0.3988198038737693,0.3988198038737693,0.3541993586317435,0.3541993586317435
wikitext,512,1,b,64,0.4433078069980956,0.40510261186842655,3.8205195129669023,0.06422148742266655,0.4433078069980956,0.44556352398381344,0.40510261186842655,0.40510261186842655
wikitext,512,2,a,1,0.1402750527900407,0.05840670952012062,8.18683432699201,0.08694660858107454,0.1400383103657983,0.1402750527900407,0.05840670952012062,0.05840670952012062
wikitext,512,2,a,2,0.18324212808599938,0.10191244086483767,8.132968722116171,0.09055875052926947,0.18300538566175698,0.18324212808599938,0.10191244086483767,0.10191244086483767
wikitext,512,2,a,4,0.2371812253025018,0.1535889067849574,8.359231851754439,0.09876089667022664,0.23674686236813886,0.2371812253025018,0.1535889067849574,0.1535889067849574
wikitext,512,2,a,8,0.30060870877273227,0.2215040244085947,7.9104684364137565,0.10161219433927526,0.30060870877273227,0.30060870877273227,0.2215040244085947,0.2215040244085947
wikitext,512,2,a,16,0.3550844071928345,0.28649213539735596,6.859227179547855,0.09613386929333698,0.35487881508757135,0.3553076214785488,0.28649213539735596,0.28649213539735596
wikitext,512,2,a,32,0.4065365259643896,0.3541993586317435,5.233716733264609,0.08104229692581204,0.4060955979039762,0.40682587781624147,0.3541993586317435,0.3541993586317435
wikitext,512,2,a,64,0.4500893174408304,0.40510261186842655,4.498670557240386,0.07562094988128298,0.4500893174408304,0.45211393047777193,0.40510261186842655,0.40510261186842655
wikitext,512,2,b,1,0.14273401831842208,0.05840670952012062,8.432730879830148,0.08955810289952723,0.14273401831842208,0.1429572326041364,0.05840670952012062,0.05840670952012062
wikitext,512,2,b,2,0.18535107062100759,0.10191244086483767,8.343862975616991,0.0929070099095008,0.18535107062100759,0.18535107062100759,0.10191244086483767,0.10191244086483767
wikitext,512,2,b,4,0.2334239558235661,0.1535889067849574,7.983504903860869,0.09432183684568685,0.2334239558235661,0.2334239558235661,0.1535889067849574,0.1535889067849574
wikitext,512,2,b,8,0.29273861491384373,0.2215040244085947,7.123459050524902,0.09150283718696653,0.29273861491384373,0.29273861491384373,0.2215040244085947,0.2215040244085947
wikitext,512,2,b,16,0.3493049696267256,0.28649213539735596,6.281283422936962,0.08803383584895787,0.34903557307500144,0.3493049696267256,0.28649213539735596,0.28649213539735596
wikitext,512,2,b,32,0.3988849905729621,0.3541993586317435,4.46856319412186,0.06919415850461724,0.3988849905729621,0.40001094194419473,0.3541993586317435,0.3541993586317435
wikitext,512,2,b,64,0.45007046356329705,0.40510261186842655,4.496785169487049,0.07558925722653359,0.45007046356329705,0.45303417836941845,0.40510261186842655,0.40510261186842655
wikitext,512,3,a,1,0.13564097490605992,0.05840670952012062,7.72342653859393,0.08202508043210159,0.13539683428105992,0.13564097490605992,0.05840670952012062,0.05840670952012062
wikitext,512,3,a,2,0.184565697571902,0.10191244086483767,8.265325670706433,0.09203251494392987,0.184565697571902,0.184565697571902,0.10191244086483767,0.10191244086483767
wikitext,512,3,a,4,0.23160951892970066,0.1535889067849574,7.802061214474326,0.09217815405559794,0.23137973951793595,0.23160951892970066,0.1535889067849574,0.1535889067849574
wikitext,512,3,a,8,0.29177248114677184,0.2215040244085947,7.026845673817713,0.09026181116067533,0.29177248114677184,0.2920092235710143,0.2215040244085947,0.2215040244085947
wikitext,512,3,a,16,0.3482455829393582,0.28649213539735596,6.175344754200224,0.08654907760041725,0.3482455829393582,0.3485852568524017,0.28649213539735596,0.28649213539735596
wikitext,512,3,a,32,0.40371209715491563,0.3541993586317435,4.951273852317212,0.07666876641415156,0.40371209715491563,0.4045347770791581,0.3541993586317435,0.3541993586317435
wikitext,512,3,a,64,0.44473826489364354,0.40510261186842655,3.963565302521699,0.06662603302008577,0.44473826489364354,0.44703059075386087,0.40510261186842655,0.40510261186842655
wikitext,512,3,b,1,0.14066987936887898,0.05840670952012062,8.226316984875837,0.087365926117457,0.14066987936887898,0.14066987936887898,0.05840670952012062,0.05840670952012062
wikitext,512,3,b,2,0.18074527475934393,0.10191244086483767,7.883283389450627,0.08777856133584622,0.18074527475934393,0.18074527475934393,0.10191244086483767,0.10191244086483767
wikitext,512,3,b,4,0.23396664940304918,0.1535889067849574,8.037774261809178,0.09496300705698653,0.23396664940304918,0.23396664940304918,0.1535889067849574,0.1535889067849574
wikitext,512,3,b,8,0.3003766286515051,0.2215040244085947,7.88726042429104,0.10131408088910507,0.3003766286515051,0.3003766286515051,0.2215040244085947,0.2215040244085947
wikitext,512,3,b,16,0.35171534339973387,0.28649213539735596,6.522320800237791,0.09141203795798526,0.35171534339973387,0.35171534339973387,0.28649213539735596,0.28649213539735596
wikitext,512,3,b,32,0.40487757164510924,0.3541993586317435,5.067821301336572,0.07847346342981931,0.40487757164510924,0.40520309247844255,0.3541993586317435,0.3541993586317435
wikitext,512,3,b,64,0.44897349750888516,0.40510261186842655,4.38708856404586,0.07374529879555577,0.4485061425981709,0.45103330848815015,0.40510261186842655,0.40510261186842655
wikitext,1024,1,a,1,0.14548639822290266,0.05840670952012062,8.707968870278204,0.09248121198739874,0.14548639822290266,0.14548639822290266,0.05840670952012062,0.05840670952012062
wikitext,1024,1,a,2,0.19306970480331534,0.10191244086483767,9.115726393847767,0.10150153290872888,0.19306970480331534,0.19306970480331534,0.10191244086483767,0.10191244086483767
wikitext,1024,1,a,4,0.2445899725995988,0.1535889067849574,9.10010658146414,0.10751402781003168,0.24431095474245595,0.2445899725995988,0.1535889067849574,0.1535889067849574
wikitext,1024,1,a,8,0.3059097072398774,0.2215040244085947,8.440568283128272,0.10842147612537327,0.3056576911108452,0.3059097072398774,0.2215040244085947,0.2215040244085947
wikitext,1024,1,a,16,0.3652638050648178,0.28649213539735596,7.877166966746185,0.11040056259412105,0.3652638050648178,0.3652638050648178,0.28649213539735596,0.28649213539735596
wikitext,1024,1,a,32,0.41582142672494815,0.3541993586317435,6.162206809320464,0.09541964523702871,0.41560441283605926,0.41709802736678314,0.3541993586317435,0.3541993586317435
wikitext,1024,1,a,64,0.4620651670298401,0.40510261186842655,5.696255516141352,0.09575189990381183,0.4618047503631734,0.4640139542813617,0.40510261186842655,0.40510261186842655
wikitext,1024,1,b,1,0.14434718357579962,0.05840670952012062,8.5940474055679,0.09127133224566604,0.14412396929008534,0.14434718357579962,0.05840670952012062,0.05840670952012062
wikitext,1024,1,b,2,0.19300820043177275,0.10191244086483767,9.109575956693508,0.10143304919473353,0.19300820043177275,0.19300820043177275,0.10191244086483767,0.10191244086483767
wikitext,1024,1,b,4,0.24314039527470485,0.1535889067849574,8.955148848974744,0.10580141163981134,0.24314039527470485,0.24314039527470485,0.1535889067849574,0.1535889067849574
wikitext,1024,1,b,8,0.3082192996373644,0.2215040244085947,8.671527522876968,0.11138821258888859,0.3082192996373644,0.3090554946923094,0.2215040244085947,0.2215040244085947
wikitext,1024,1,b,16,0.369054532418298,0.28649213539735596,8.256239702094204,0.11571336647693636,0.369054532418298,0.36929127484254043,0.28649213539735596,0.28649213539735596
wikitext,1024,1,b,32,0.4205404890916111,0.3541993586317435,6.634113045986761,0.10272695040889214,0.4205404890916111,0.4212732632618853,0.3541993586317435,0.3541993586317435
wikitext,1024,1,b,64,0.4609831606239728,0.40510261186842655,5.588054875554627,0.09393308807600138,0.4609831606239728,0.4629142156800279,0.40510261186842655,0.40510261186842655
wikitext,1024,2,a,1,0.14895002460805176,0.05840670952012062,9.054331508793116,0.09615968593168936,0.14895002460805176,0.14895002460805176,0.05840670952012062,0.05840670952012062
wikitext,1024,2,a,2,0.19386870008403345,0.10191244086483767,9.195625921919579,0.10239119591829948,0.19386870008403345,0.19412911675070013,0.10191244086483767,0.10191244086483767
wikitext,1024,2,a,4,0.24435544125929812,0.1535889067849574,9.076653447434072,0.10723693864829842,0.24410342513026587,0.24435544125929812,0.1535889067849574,0.1535889067849574
wikitext,1024,2,a,8,0.30768740201093747,0.2215040244085947,8.618337760234276,0.11070497511161989,0.30768740201093747,0.30768740201093747,0.2215040244085947,0.2215040244085947
wikitext,1024,2,a,16,0.3647131837355324,0.28649213539735596,7.822104833817645,0.10962885234872376,0.3647131837355324,0.3647131837355324,0.28649213539735596,0.28649213539735596
wikitext,1024,2,a,32,0.4189437134138976,0.3541993586317435,6.4744354782154065,0.10025439839294731,0.41839289085220543,0.4189437134138976,0.3541993586317435,0.3541993586317435
wikitext,1024,2,a,64,0.46172898725793105,0.40510261186842655,5.662637538950449,0.09518679442744575,0.4612825586865025,0.4626533233385171,0.40510261186842655,0.40510261186842655
wikitext,1024,2,b,1,0.15201855097859152,0.05840670952012062,9.36118414584709,0.09941855194269915,0.15201855097859152,0.15201855097859152,0.05840670952012062,0.05840670952012062
wikitext,1024,2,b,2,0.2014171339182531,0.10191244086483767,9.950469305341544,0.11079620471442247,0.2014171339182531,0.2018573620928563,0.10191244086483767,0.10191244086483767
wikitext,1024,2,b,4,0.25027930402557197,0.1535889067849574,9.669039724061456,0.11423573960183082,0.25005608973985766,0.25027930402557197,0.1535889067849574,0.1535889067849574
wikitext,1024,2,b,8,0.31583811318757915,0.2215040244085947,9.433408877898444,0.121174793109651,0.31583811318757915,0.31583811318757915,0.2215040244085947,0.2215040244085947
wikitext,1024,2,b,16,0.37091840765922646,0.28649213539735596,8.44262722618705,0.11832563654906297,0.37091840765922646,0.37091840765922646,0.28649213539735596,0.28649213539735596
wikitext,1024,2,b,32,0.42296993208569555,0.3541993586317435,6.877057345395205,0.10648885902040602,0.42296993208569555,0.4234659638317273,0.3541993586317435,0.3541993586317435
wikitext,1024,2,b,64,0.4700379034049669,0.40510261186842655,6.493529153654032,0.10915376808172939,0.4700379034049669,0.47214212368112524,0.40510261186842655,0.40510261186842655
wikitext,1024,3,a,1,0.14251178532956038,0.05840670952012062,8.410507580943976,0.08932208487443229,0.14226764470456038,0.14251178532956038,0.05840670952012062,0.05840670952012062
wikitext,1024,3,a,2,0.19253432257769906,0.10191244086483767,9.06218817128614,0.1009053970195603,0.19253432257769906,0.19253432257769906,0.10191244086483767,0.10191244086483767
wikitext,1024,3,a,4,0.24573207644913653,0.1535889067849574,9.214316966417913,0.10886337667690381,0.24573207644913653,0.24573207644913653,0.1535889067849574,0.1535889067849574
wikitext,1024,3,a,8,0.30406262084073343,0.2215040244085947,8.255859643213872,0.10604884163906035,0.30406262084073343,0.30430676146573343,0.2215040244085947,0.2215040244085947
wikitext,1024,3,a,16,0.36414340076545193,0.28649213539735596,7.765126536809596,0.10883028656080804,0.36414340076545193,0.3643954168944842,0.28649213539735596,0.28649213539735596
wikitext,1024,3,a,32,0.4214097151802898,0.3541993586317435,6.721035654854629,0.10407291700136416,0.4214097151802898,0.42331417484568207,0.3541993586317435,0.3541993586317435
wikitext,1024,3,a,64,0.46522167745127396,0.40510261186842655,6.011906558284741,0.10105787448767699,0.4647935149137364,0.4680248081919677,0.40510261186842655,0.40510261186842655
wikitext,1024,3,b,1,0.15454018643946751,0.05840670952012062,9.61334769193469,0.10209660358810846,0.15454018643946751,0.15482953829131937,0.05840670952012062,0.05840670952012062
wikitext,1024,3,b,2,0.19969624555283488,0.10191244086483767,9.778380468799721,0.10888003479544997,0.19940689370098305,0.19969624555283488,0.10191244086483767,0.10191244086483767
wikitext,1024,3,b,4,0.2534806762029864,0.1535889067849574,9.989176941802903,0.1180180295588944,0.25319132435113456,0.2534806762029864,0.1535889067849574,0.1535889067849574
wikitext,1024,3,b,8,0.31311547627834874,0.2215040244085947,9.161145186975403,0.11767748934110923,0.31311547627834874,0.31311547627834874,0.2215040244085947,0.2215040244085947
wikitext,1024,3,b,16,0.37101159638414466,0.28649213539735596,8.451946098678869,0.11845624299300189,0.37068607555081134,0.37101159638414466,0.28649213539735596,0.28649213539735596
wikitext,1024,3,b,32,0.42464976431781487,0.3541993586317435,7.045040568607136,0.10909002124372041,0.42464976431781487,0.4254713168971799,0.3541993586317435,0.3541993586317435
wikitext,1024,3,b,64,0.4682053861214321,0.40510261186842655,6.310277425300553,0.10607337586603943,0.4679997940161689,0.4705056935975208,0.40510261186842655,0.40510261186842655
wikitext,2048,1,a,1,0.15697388412929425,0.05840670952012062,9.856717460917363,0.10468126271262963,0.15697388412929425,0.1574454494446096,0.05840670952012062,0.05840670952012062
wikitext,2048,1,a,2,0.20580558103979615,0.10191244086483767,10.389314017495849,0.11568264042651386,0.20580558103979615,0.20580558103979615,0.10191244086483767,0.10191244086483767
wikitext,2048,1,a,4,0.26126501326941876,0.1535889067849574,10.767610648446135,0.12721490461031176,0.26126501326941876,0.26126501326941876,0.1535889067849574,0.1535889067849574
wikitext,2048,1,a,8,0.3164566851936784,0.2215040244085947,9.495266078508372,0.12196936626801493,0.3164566851936784,0.3164566851936784,0.2215040244085947,0.2215040244085947
wikitext,2048,1,a,16,0.37791010038043144,0.28649213539735596,9.141796498307547,0.12812467741191133,0.37791010038043144,0.37817051704709814,0.28649213539735596,0.28649213539735596
wikitext,2048,1,a,32,0.4327524458236428,0.3541993586317435,7.85530871918993,0.12163674384941618,0.4327524458236428,0.4331812522146203,0.3541993586317435,0.3541993586317435
wikitext,2048,1,a,64,0.4796794306427403,0.40510261186842655,7.4576818774313764,0.12536081055682768,0.47945621635702607,0.4828199661205099,0.40510261186842655,0.40510261186842655
wikitext,2048,1,b,1,0.15784493444892134,0.05840670952012062,9.943822492880072,0.10560634398544026,0.15739850587749277,0.15784493444892134,0.05840670952012062,0.05840670952012062
wikitext,2048,1,b,2,0.20615277192107323,0.10191244086483767,10.424033105623556,0.11606922954886113,0.20615277192107323,0.20615277192107323,0.10191244086483767,0.10191244086483767
wikitext,2048,1,b,4,0.2619322546803074,0.1535889067849574,10.834334789535,0.1280032229774,0.2619322546803074,0.2619322546803074,0.1535889067849574,0.1535889067849574
wikitext,2048,1,b,8,0.3199481756722966,0.2215040244085947,9.84441512637019,0.12645428409429627,0.3199481756722966,0.3199481756722966,0.2215040244085947,0.2215040244085947
wikitext,2048,1,b,16,0.3848192427438437,0.28649213539735596,9.832710734648774,0.13780802178157714,0.38460809409519503,0.38527157938569645,0.28649213539735596,0.28649213539735596
wikitext,2048,1,b,32,0.43908236325873107,0.3541993586317435,8.488300462698756,0.13143840248771838,0.43908236325873107,0.43972501830105715,0.3541993586317435,0.3541993586317435
wikitext,2048,1,b,64,0.4846704289442121,0.40510261186842655,7.956781707578553,0.13375048985454197,0.4842416225532346,0.4871204656846079,0.40510261186842655,0.40510261186842655
wikitext,2048,2,a,1,0.1568900402980891,0.05840670952012062,9.848333077796848,0.10459221807727286,0.1568900402980891,0.1568900402980891,0.05840670952012062,0.05840670952012062
wikitext,2048,2,a,2,0.20599802922944202,0.10191244086483767,10.408558836460436,0.11589692709342993,0.20599802922944202,0.20599802922944202,0.10191244086483767,0.10191244086483767
wikitext,2048,2,a,4,0.2589685028937904,0.1535889067849574,10.537959610883302,0.12450167176868493,0.2587514890049015,0.2589685028937904,0.1535889067849574,0.1535889067849574
wikitext,2048,2,a,8,0.32028252051689327,0.2215040244085947,9.877849610829855,0.12688375946100278,0.32028252051689327,0.3207960576936174,0.2215040244085947,0.2215040244085947
wikitext,2048,2,a,16,0.3812179379270096,0.28649213539735596,9.472580252965363,0.13276069855572914,0.3809737973020096,0.3812179379270096,0.28649213539735596,0.28649213539735596
wikitext,2048,2,a,32,0.4352019297220228,0.3541993586317435,8.10025710902793,0.12542968510941602,0.4352019297220228,0.43548094757916567,0.3541993586317435,0.3541993586317435
wikitext,2048,2,a,64,0.48034831049853444,0.40510261186842655,7.524569863010788,0.1264851722856544,0.4801427183932713,0.4821039965803924,0.40510261186842655,0.40510261186842655
wikitext,2048,2,b,1,0.16060459993884235,0.05840670952012062,10.219789041872174,0.10853719058112338,0.16060459993884235,0.16060459993884235,0.05840670952012062,0.05840670952012062
wikitext,2048,2,b,2,0.21489514406449522,0.10191244086483767,11.298270319965756,0.12580366140296756,0.2144413877513639,0.21489514406449522,0.10191244086483767,0.10191244086483767
wikitext,2048,2,b,4,0.2695854074133646,0.1535889067849574,11.599650062840722,0.13704510911807802,0.2695854074133646,0.2695854074133646,0.1535889067849574,0.1535889067849574
wikitext,2048,2,b,8,0.32956409363767714,0.2215040244085947,10.806006922908242,0.1388062014668627,0.32956409363767714,0.32956409363767714,0.2215040244085947,0.2215040244085947
wikitext,2048,2,b,16,0.3910953026867896,0.28649213539735596,10.460316728943365,0.14660408452216242,0.3910953026867896,0.3910953026867896,0.28649213539735596,0.28649213539735596
wikitext,2048,2,b,32,0.44887611006444955,0.3541993586317435,9.467675143270604,0.1466036813344047,0.44887611006444955,0.45022051396607105,0.3541993586317435,0.3541993586317435
wikitext,2048,2,b,64,0.49311075703452234,0.40510261186842655,8.800814516609579,0.14793836201316626,0.4928875427488081,0.49562888990095144,0.40510261186842655,0.40510261186842655
wikitext,2048,3,a,1,0.15472058535261174,0.05840670952012062,9.631387583249113,0.10228819258408811,0.15447644472761174,0.15472058535261174,0.05840670952012062,0.05840670952012062
wikitext,2048,3,a,2,0.20941804494461116,0.10191244086483767,10.75056040797735,0.1197050365370821,0.20941804494461116,0.20941804494461116,0.10191244086483767,0.10191244086483767
wikitext,2048,3,a,4,0.26165404990500574,0.1535889067849574,10.806514312004833,0.1276745354430189,0.26165404990500574,0.26165404990500574,0.1535889067849574,0.1535889067849574
wikitext,2048,3,a,8,0.32725862495744423,0.2215040244085947,10.575460054884953,0.1358447620342677,0.327006608828412,0.32725862495744423,0.2215040244085947,0.2215040244085947
wikitext,2048,3,a,16,0.3843225804009204,0.28649213539735596,9.783044500356441,0.13711193647185188,0.3843225804009204,0.38478253711087707,0.28649213539735596,0.28649213539735596
wikitext,2048,3,a,32,0.4398273169895538,0.3541993586317435,8.562795835781028,0.13259193762395546,0.43961030310066485,0.4402446513912632,0.3541993586317435,0.3541993586317435
wikitext,2048,3,a,64,0.4856252935975375,0.40510261186842655,8.052268172911091,0.13535558120705973,0.4851127274599713,0.4868270977857328,0.40510261186842655,0.40510261186842655
wikitext,2048,3,b,1,0.15820784920412218,0.05840670952012062,9.980113968400156,0.10599177021868783,0.15820784920412218,0.15853337003745552,0.05840670952012062,0.05840670952012062
wikitext,2048,3,b,2,0.20928927191490926,0.10191244086483767,10.737683105007159,0.1195616507075023,0.20928927191490926,0.20928927191490926,0.10191244086483767,0.10191244086483767
wikitext,2048,3,b,4,0.263715563558528,0.1535889067849574,11.01266567735706,0.13011012929339213,0.2634365457013851,0.263715563558528,0.1535889067849574,0.1535889067849574
wikitext,2048,3,b,8,0.3238433098446415,0.2215040244085947,10.233928543604678,0.13145769361017187,0.32331227585846634,0.324271472382179,0.2215040244085947,0.2215040244085947
wikitext,2048,3,b,16,0.38723956160129946,0.28649213539735596,10.07474262039435,0.1412001621874907,0.38723956160129946,0.38723956160129946,0.28649213539735596,0.28649213539735596
wikitext,2048,3,b,32,0.4395114740928888,0.3541993586317435,8.53121154611453,0.13210286580142552,0.43925105742622217,0.44103490053954986,0.3541993586317435,0.3541993586317435
wikitext,2048,3,b,64,0.48590865246323545,0.40510261186842655,8.080604059480889,0.13583189673869778,0.4854556587657564,0.48826312248130044,0.40510261186842655,0.40510261186842655
cnn_dailymail,512,1,a,1,0.12205251456982585,0.043481950558743154,7.85705640110827,0.08214227014009734,0.12182273515806115,0.12205251456982585,0.043481950558743154,0.043481950558743154
cnn_dailymail,512,1,a,2,0.16892691243912883,0.08288719139174683,8.603972104738201,0.0938158536657556,0.16892691243912883,0.16892691243912883,0.08288719139174683,0.08288719139174683
cnn_dailymail,512,1,a,4,0.22730592211159753,0.14558179087425316,8.172413123734437,0.09564886417971556,0.22730592211159753,0.22730592211159753,0.14558179087425316,0.14558179087425316
cnn_dailymail,512,1,a,8,0.2938797297231657,0.21368664289357858,8.019308682958709,0.10198616887889593,0.2938797297231657,0.2938797297231657,0.21368664289357858,0.21368664289357858
cnn_dailymail,512,1,a,16,0.36538496809105653,0.28208213347075084,8.330283462030568,0.11603393438727269,0.36538496809105653,0.36538496809105653,0.28208213347075084,0.28208213347075084
cnn_dailymail,512,1,a,32,0.4269356754062371,0.3472576155168403,7.967805988939681,0.12206662503230238,0.4269356754062371,0.4275762240936608,0.3472576155168403,0.3472576155168403
cnn_dailymail,512,1,a,64,0.4809841878047907,0.416399010269461,6.458517753532966,0.11066666896015721,0.4809841878047907,0.4820907452641442,0.416399010269461,0.416399010269461
cnn_dailymail,512,1,b,1,0.11924921563282301,0.043481950558743154,7.576726507407986,0.07921153721912384,0.11924921563282301,0.11924921563282301,0.043481950558743154,0.043481950558743154
cnn_dailymail,512,1,b,2,0.1733755468276417,0.08288719139174683,9.048835543589487,0.09866654852767101,0.1733755468276417,0.1736196874526417,0.08288719139174683,0.08288719139174683
cnn_dailymail,512,1,b,4,0.23591300701242035,0.14558179087425316,9.03312161381672,0.1057224848129061,0.23591300701242035,0.23591300701242035,0.14558179087425316,0.14558179087425316
cnn_dailymail,512,1,b,8,0.30057441920097816,0.21368664289357858,8.688777630739958,0.11050019120512027,0.30057441920097816,0.300791433089867,0.21368664289357858,0.21368664289357858
cnn_dailymail,512,1,b,16,0.36719297591692945,0.28208213347075084,8.511084244617862,0.1185523392218169,0.36719297591692945,0.36719297591692945,0.28208213347075084,0.28208213347075084
cnn_dailymail,512,1,b,32,0.42671737406868215,0.3472576155168403,7.945975855184184,0.1217321878289824,0.4264569574020155,0.4271347084703916,0.3472576155168403,0.3472576155168403
cnn_dailymail,512,1,b,64,0.4829569831166688,0.416399010269461,6.6557972847207765,0.1140470527267937,0.4829569831166688,0.48379692351253023,0.416399010269461,0.416399010269461
cnn_dailymail,512,2,a,1,0.12345358432675568,0.043481950558743154,7.997163376801253,0.08360703053614868,0.12345358432675568,0.12345358432675568,0.043481950558743154,0.043481950558743154
cnn_dailymail,512,2,a,2,0.17137079013729228,0.08288719139174683,8.848359874554546,0.09648060512841602,0.17137079013729228,0.17137079013729228,0.08288719139174683,0.08288719139174683
cnn_dailymail,512,2,a,4,0.23288681066889455,0.14558179087425316,8.730501979464139,0.10218066382734652,0.23288681066889455,0.23309240277415771,0.14558179087425316,0.14558179087425316
cnn_dailymail,512,2,a,8,0.29917256461310915,0.21368664289357858,8.548592171953057,0.10871737195729808,0.29894278520134443,0.29917256461310915,0.21368664289357858,0.21368664289357858
cnn_dailymail,512,2,a,16,0.3646899198750614,0.28208213347075084,8.260778640431054,0.11506578991225729,0.3646899198750614,0.3646899198750614,0.28208213347075084,0.28208213347075084
cnn_dailymail,512,2,a,32,0.42648697461507956,0.3472576155168403,7.922935909823925,0.12137921633658418,0.4262637603293653,0.42717092608028107,0.3472576155168403,0.3472576155168403
cnn_dailymail,512,2,a,64,0.4776199439608232,0.416399010269461,6.122093369136216,0.10490203883929186,0.47739672967510893,0.47923628258728546,0.416399010269461,0.416399010269461
cnn_dailymail,512,2,b,1,0.11930330123828319,0.043481950558743154,7.582135067954003,0.0792680814793098,0.11930330123828319,0.11930330123828319,0.043481950558743154,0.043481950558743154
cnn_dailymail,512,2,b,2,0.1696886461367057,0.08288719139174683,8.680145474495887,0.09464643163874545,0.1696886461367057,0.16991842554847042,0.08288719139174683,0.08288719139174683
cnn_dailymail,512,2,b,4,0.23204047380528103,0.14558179087425316,8.645868293102787,0.10119012212941209,0.23178845767624878,0.23204047380528103,0.14558179087425316,0.14558179087425316
cnn_dailymail,512,2,b,8,0.29743932011039853,0.21368664289357858,8.375267721681995,0.10651310506160545,0.2971789034437319,0.29743932011039853,0.21368664289357858,0.21368664289357858
cnn_dailymail,512,2,b,16,0.3704277588922583,0.28208213347075084,8.834562542150747,0.12305812341544245,0.3704277588922583,0.370638907540907,0.28208213347075084,0.28208213347075084
cnn_dailymail,512,2,b,32,0.43306147460638034,0.3472576155168403,8.580385908954003,0.13145133689683622,0.4328094584773481,0.4336803219049151,0.3472576155168403,0.3472576155168403
cnn_dailymail,512,2,b,64,0.48858212540598667,0.416399010269461,7.218311513652564,0.12368573118742332,0.4883589111202724,0.4896514804843878,0.416399010269461,0.416399010269461
cnn_dailymail,512,3,a,1,0.12688903797594808,0.043481950558743154,8.340708741720492,0.08719865502373592,0.12688903797594808,0.12688903797594808,0.043481950558743154,0.043481950558743154
cnn_dailymail,512,3,a,2,0.17374549419271124,0.08288719139174683,9.085830280096442,0.09906993114494243,0.17374549419271124,0.17374549419271124,0.08288719139174683,0.08288719139174683
cnn_dailymail,512,3,a,4,0.23109364786052955,0.14558179087425316,8.55118569862764,0.10008196931309946,0.23109364786052955,0.23109364786052955,0.14558179087425316,0.14558179087425316
cnn_dailymail,512,3,a,8,0.296944987094158,0.21368664289357858,8.325834420057943,0.10588443328365216,0.296944987094158,0.296944987094158,0.21368664289357858,0.21368664289357858
cnn_dailymail,512,3,a,16,0.36257523745589043,0.28208213347075084,8.04931039851396,0.11212021282362133,0.36257523745589043,0.36257523745589043,0.28208213347075084,0.28208213347075084
cnn_dailymail,512,3,a,32,0.422527524013955,0.3472576155168403,7.526990849711468,0.11531334610163742,0.422527524013955,0.4236685732018792,0.3472576155168403,0.3472576155168403
cnn_dailymail,512,3,a,64,0.4755706965576755,0.416399010269461,5.917168628821445,0.1013906544530284,0.4747894465576755,0.4775177486574923,0.416399010269461,0.416399010269461
cnn_dailymail,512,3,b,1,0.12123526311974528,0.043481950558743154,7.775331256100213,0.08128786760105694,0.12102411447109662,0.12123526311974528,0.043481950558743154,0.043481950558743154
cnn_dailymail,512,3,b,2,0.1680726113114513,0.08288719139174683,8.518541991970446,0.09288434216612453,0.1680726113114513,0.1680726113114513,0.08288719139174683,0.08288719139174683
cnn_dailymail,512,3,b,4,0.23102511233544304,0.14558179087425316,8.544332146118988,0.10000175622265439,0.23102511233544304,0.23125489174720773,0.14558179087425316,0.14558179087425316
cnn_dailymail,512,3,b,8,0.30053820464271264,0.21368664289357858,8.685156174913406,0.11045413506485732,0.30053820464271264,0.30053820464271264,0.21368664289357858,0.21368664289357858
cnn_dailymail,512,3,b,16,0.367268900486133,0.28208213347075084,8.518676701538213,0.11865809584488379,0.367268900486133,0.367268900486133,0.28208213347075084,0.28208213347075084
cnn_dailymail,512,3,b,32,0.4317648910728523,0.3472576155168403,8.450727555601201,0.12946497357134962,0.4317648910728523,0.4321884258713871,0.3472576155168403,0.3472576155168403
cnn_dailymail,512,3,b,64,0.4827547811272287,0.416399010269461,6.635577085776767,0.11370057972041059,0.4827547811272287,0.48477332407915985,0.416399010269461,0.416399010269461
cnn_dailymail,1024,1,a,1,0.12916888936794982,0.043481950558743154,8.568693880920666,0.08958214521854561,0.12916888936794982,0.12916888936794982,0.043481950558743154,0.043481950558743154
cnn_dailymail,1024,1,a,2,0.18318373295319923,0.08288719139174683,10.02965415614524,0.10936118285563526,0.18318373295319923,0.18318373295319923,0.08288719139174683,0.08288719139174683
cnn_dailymail,1024,1,a,4,0.24333093421457141,0.14558179087425316,9.774914334031825,0.11440433068524675,0.24333093421457141,0.24333093421457141,0.14558179087425316,0.14558179087425316
cnn_dailymail,1024,1,a,8,0.30963593252517463,0.21368664289357858,9.594928963159605,0.12202423978232137,0.30963593252517463,0.30963593252517463,0.21368664289357858,0.21368664289357858
cnn_dailymail,1024,1,a,16,0.3847160565164326,0.28208213347075084,10.263392304568175,0.14296053605945502,0.38446404038740034,0.3847160565164326,0.28208213347075084,0.28208213347075084
cnn_dailymail,1024,1,a,32,0.44927635155031964,0.3472576155168403,10.201873603347932,0.1562924952609866,0.4489869996984678,0.4495283676793519,0.3472576155168403,0.3472576155168403
cnn_dailymail,1024,1,a,64,0.4982943751872263,0.416399010269461,8.189536491776527,0.14032766626317428,0.4982943751872263,0.4996479695095706,0.416399010269461,0.416399010269461
cnn_dailymail,1024,1,b,1,0.12785701124140048,0.043481950558743154,8.437506068265732,0.08821063097757999,0.12785701124140048,0.12808679065316517,0.043481950558743154,0.043481950558743154
cnn_dailymail,1024,1,b,2,0.18286584362947847,0.08288719139174683,9.997865223773164,0.10901456320237454,0.18286584362947847,0.18309562304124316,0.08288719139174683,0.08288719139174683
cnn_dailymail,1024,1,b,4,0.2499232394975296,0.14558179087425316,10.434144862327644,0.1221198793621687,0.2499232394975296,0.2499232394975296,0.14558179087425316,0.14558179087425316
cnn_dailymail,1024,1,b,8,0.3122644236992182,0.21368664289357858,9.85777808056396,0.1253670434499536,0.3122644236992182,0.31290404358225915,0.21368664289357858,0.21368664289357858
cnn_dailymail,1024,1,b,16,0.3848645957148291,0.28208213347075084,10.278246224407827,0.1431674388338833,0.3848645957148291,0.3848645957148291,0.28208213347075084,0.28208213347075084
cnn_dailymail,1024,1,b,32,0.4473425549917477,0.3472576155168403,10.008493947490738,0.1533299228824469,0.4470905388627154,0.44810456238091023,0.3472576155168403,0.3472576155168403
cnn_dailymail,1024,1,b,64,0.507859212934499,0.416399010269461,9.146020266503797,0.1567170108934652,0.507615072309499,0.509724598632181,0.416399010269461,0.416399010269461
cnn_dailymail,1024,2,a,1,0.12994786343891773,0.043481950558743154,8.646591288017458,0.09039653034324133,0.12994786343891773,0.12994786343891773,0.043481950558743154,0.043481950558743154
cnn_dailymail,1024,2,a,2,0.1839743982209442,0.08288719139174683,10.108720682919737,0.11022330718791323,0.18369538036380134,0.1839743982209442,0.08288719139174683,0.08288719139174683
cnn_dailymail,1024,2,a,4,0.24624534789449093,0.14558179087425316,10.066355702023777,0.11781532268985488,0.24597595134276679,0.24647512730625562,0.14558179087425316,0.14558179087425316
cnn_dailymail,1024,2,a,8,0.31446282124309816,0.21368664289357858,10.077617834951958,0.12816287226808523,0.3142330418313335,0.31471483737213046,0.21368664289357858,0.21368664289357858
cnn_dailymail,1024,2,a,16,0.3832518076820276,0.28208213347075084,10.116967421127676,0.1409209589676021,0.38299979155299535,0.3832518076820276,0.28208213347075084,0.28208213347075084
cnn_dailymail,1024,2,a,32,0.45066811108184607,0.3472576155168403,10.341049556500575,0.15842466802103866,0.45066811108184607,0.4511280677918028,0.3472576155168403,0.3472576155168403
cnn_dailymail,1024,2,a,64,0.5007850193499623,0.416399010269461,8.43860090805013,0.14459538377319087,0.5005408787249623,0.5023785003140061,0.416399010269461,0.416399010269461
cnn_dailymail,1024,2,b,1,0.13006962268214317,0.043481950558743154,8.658767212340003,0.09052382458854757,0.13006962268214317,0.13006962268214317,0.043481950558743154,0.043481950558743154
cnn_dailymail,1024,2,b,2,0.1825590686292755,0.08288719139174683,9.967187723752868,0.10868006236744618,0.1825590686292755,0.1825590686292755,0.08288719139174683,0.08288719139174683
cnn_dailymail,1024,2,b,4,0.2414190368629805,0.14558179087425316,9.583724598872735,0.11216667080022721,0.2414190368629805,0.2414190368629805,0.14558179087425316,0.14558179087425316
cnn_dailymail,1024,2,b,8,0.3113709300668255,0.21368664289357858,9.76842871732469,0.12423073611863635,0.3113709300668255,0.3113709300668255,0.21368664289357858,0.21368664289357858
cnn_dailymail,1024,2,b,16,0.38542426460728874,0.28208213347075084,10.334213113653789,0.14394701114786584,0.3849526992919734,0.38542426460728874,0.28208213347075084,0.28208213347075084
cnn_dailymail,1024,2,b,32,0.44668222619584763,0.3472576155168403,9.942461067900732,0.15231830051564915,0.4464454837716052,0.44695162274757183,0.3472576155168403,0.3472576155168403
cnn_dailymail,1024,2,b,64,0.5016168228460638,0.416399010269461,8.521781257660276,0.1460206786420113,0.5013648067170315,0.5036295527459336,0.416399010269461,0.416399010269461
cnn_dailymail,1024,3,a,1,0.13692490218515596,0.043481950558743154,9.34429516264128,0.0976907353509919,0.13692490218515596,0.13692490218515596,0.043481950558743154,0.043481950558743154
cnn_dailymail,1024,3,a,2,0.19022904910879748,0.08288719139174683,10.734185771705066,0.11704324343691723,0.19022904910879748,0.1907354148495382,0.08288719139174683,0.08288719139174683
cnn_dailymail,1024,3,a,4,0.2549756949240719,0.14558179087425316,10.939390404981875,0.12803320772125418,0.2549756949240719,0.2549756949240719,0.14558179087425316,0.14558179087425316
cnn_dailymail,1024,3,a,8,0.31244694328169553,0.21368664289357858,9.876030038811695,0.1255991641189309,0.31196951272613993,0.31268368570593796,0.21368664289357858,0.21368664289357858
cnn_dailymail,1024,3,a,16,0.3864621055487092,0.28208213347075084,10.437997207795835,0.14539263743717645,0.3861830876915663,0.3864621055487092,0.28208213347075084,0.28208213347075084
cnn_dailymail,1024,3,a,32,0.44789936827292653,0.3472576155168403,10.064175275608623,0.15418295969209075,0.44789936827292653,0.44837435692991384,0.3472576155168403,0.3472576155168403
cnn_dailymail,1024,3,a,64,0.4984817506870828,0.416399010269461,8.208274041762175,0.14064873408717335,0.4982376100620828,0.4998257237040084,0.416399010269461,0.416399010269461
cnn_dailymail,1024,3,b,1,0.1295741508000013,0.043481950558743154,8.609220024125813,0.09000582925910104,0.12934437138823657,0.1295741508000013,0.043481950558743154,0.043481950558743154
cnn_dailymail,1024,3,b,2,0.18652385581190145,0.08288719139174683,10.363666442015463,0.1130031806855107,0.1862634391452348,0.18652385581190145,0.08288719139174683,0.08288719139174683
cnn_dailymail,1024,3,b,4,0.2503421548987639,0.14558179087425316,10.476036402451072,0.1226101725192667,0.2501310062501152,0.25080171372229326,0.14558179087425316,0.14558179087425316
cnn_dailymail,1024,3,b,8,0.31555637611879495,0.21368664289357858,10.186973322521636,0.1295536090091232,0.31555637611879495,0.31555637611879495,0.21368664289357858,0.21368664289357858
cnn_dailymail,1024,3,b,16,0.3861653374569535,0.28208213347075084,10.408320398620264,0.14497926411748122,0.3859133213279212,0.3861653374569535,0.28208213347075084,0.28208213347075084
cnn_dailymail,1024,3,b,32,0.449990146208196,0.3472576155168403,10.273253069135569,0.15738602721914424,0.449990146208196,0.4502595427599201,0.3472576155168403,0.3472576155168403
cnn_dailymail,1024,3,b,64,0.502375233962057,0.416399010269461,8.597622369259595,0.14732021570472834,0.5021520196763427,0.5035021930900937,0.416399010269461,0.416399010269461
cnn_dailymail,2048,1,a,1,0.13696719233305626,0.043481950558743154,9.348524177431312,0.097734947948888,0.13696719233305626,0.13719697174482098,0.043481950558743154,0.043481950558743154
cnn_dailymail,2048,1,a,2,0.1935571905606802,0.08288719139174683,11.066999916893336,0.12067217699955415,0.1935571905606802,0.1935571905606802,0.08288719139174683,0.08288719139174683
cnn_dailymail,2048,1,a,4,0.26019426293640835,0.14558179087425316,11.46124720621552,0.1341409520981866,0.26019426293640835,0.2604174772221226,0.14558179087425316,0.14558179087425316
cnn_dailymail,2048,1,a,8,0.3279907179807206,0.21368664289357858,11.430407508714202,0.14536707796465914,0.3279907179807206,0.3282139322664349,0.21368664289357858,0.21368664289357858
cnn_dailymail,2048,1,a,16,0.3987968079515519,0.28208213347075084,11.671467448080108,0.16257385408870575,0.3987968079515519,0.3990572246182186,0.28208213347075084,0.28208213347075084
cnn_dailymail,2048,1,a,32,0.4663217679826362,0.3472576155168403,11.906415246579588,0.1824060384252061,0.4658177357245717,0.4665387818715251,0.3472576155168403,0.3472576155168403
cnn_dailymail,2048,1,a,64,0.5174686113624499,0.416399010269461,10.10696010929889,0.17318271022750475,0.5174686113624499,0.5189377991462929,0.416399010269461,0.416399010269461
cnn_dailymail,2048,1,b,1,0.13997230174868563,0.043481950558743154,9.649035118994249,0.10087666536591403,0.13997230174868563,0.14020208116045033,0.043481950558743154,0.043481950558743154
cnn_dailymail,2048,1,b,2,0.1976395510748937,0.08288719139174683,11.475235968314687,0.1251234947391991,0.1976395510748937,0.1976395510748937,0.08288719139174683,0.08288719139174683
cnn_dailymail,2048,1,b,4,0.26360399568582815,0.14558179087425316,11.8022204811575,0.1381316591231559,0.26360399568582815,0.26360399568582815,0.14558179087425316,0.14558179087425316
cnn_dailymail,2048,1,b,8,0.3299984746444451,0.21368664289357858,11.631183175086651,0.14792045779164428,0.3299984746444451,0.3299984746444451,0.21368664289357858,0.21368664289357858
cnn_dailymail,2048,1,b,16,0.40039021884777504,0.28208213347075084,11.83080853770242,0.16479334321205966,0.40039021884777504,0.4010683872505528,0.28208213347075084,0.28208213347075084
cnn_dailymail,2048,1,b,32,0.4672833893631222,0.3472576155168403,12.002577384628188,0.18387924041629086,0.46707779725785903,0.4677174171408999,0.3472576155168403,0.3472576155168403
cnn_dailymail,2048,1,b,64,0.5244362555811717,0.416399010269461,10.803724531171067,0.185121765063479,0.5241842394521394,0.5265448908727273,0.416399010269461,0.416399010269461
cnn_dailymail,2048,2,a,1,0.13864816580710848,0.043481950558743154,9.516621524836532,0.09949233608707748,0.13839614967807623,0.13864816580710848,0.043481950558743154,0.043481950558743154
cnn_dailymail,2048,2,a,2,0.19401367473063336,0.08288719139174683,11.112648333888654,0.12116991747997106,0.19401367473063336,0.19424345414239808,0.08288719139174683,0.08288719139174683
cnn_dailymail,2048,2,a,4,0.26433377722515156,0.14558179087425316,11.87519863508984,0.13898578597992095,0.26433377722515156,0.26433377722515156,0.14558179087425316,0.14558179087425316
cnn_dailymail,2048,2,a,8,0.33129687076147885,0.21368664289357858,11.761022786790026,0.14957170294130287,0.33129687076147885,0.33129687076147885,0.21368664289357858,0.21368664289357858
cnn_dailymail,2048,2,a,16,0.4038022443568413,0.28208213347075084,12.172011088609047,0.1695460115438308,0.40332044881604434,0.4042362721346191,0.28208213347075084,0.28208213347075084
cnn_dailymail,2048,2,a,32,0.4677592063430798,0.3472576155168403,12.050159082623951,0.18460819105787418,0.4675071902140476,0.4683885466208576,0.3472576155168403,0.3472576155168403
cnn_dailymail,2048,2,a,64,0.5240826274032443,0.416399010269461,10.768361713378328,0.18451582335990055,0.5235803952603872,0.5272258973798882,0.416399010269461,0.416399010269461
cnn_dailymail,2048,2,b,1,0.13742710902790167,0.043481950558743154,9.394515846915851,0.0982157718027756,0.13742710902790167,0.13742710902790167,0.043481950558743154,0.043481950558743154
cnn_dailymail,2048,2,b,2,0.19752367708002622,0.08288719139174683,11.463648568827939,0.1249971482376784,0.19752367708002622,0.19752367708002622,0.08288719139174683,0.08288719139174683
cnn_dailymail,2048,2,b,4,0.26427782605416406,0.14558179087425316,11.86960351799109,0.1389203014544393,0.2638118172822342,0.2645568439113069,0.14558179087425316,0.14558179087425316
cnn_dailymail,2048,2,b,8,0.32770781458240145,0.21368664289357858,11.402117168882286,0.14500729341342092,0.32770781458240145,0.32770781458240145,0.21368664289357858,0.21368664289357858
cnn_dailymail,2048,2,b,16,0.4005707723631615,0.28208213347075084,11.848863889241068,0.16504483927282684,0.4003013758114373,0.4005707723631615,0.28208213347075084,0.28208213347075084
cnn_dailymail,2048,2,b,32,0.4645084646736735,0.3472576155168403,11.72508491568332,0.17962806145899693,0.4642973160250249,0.4645084646736735,0.3472576155168403,0.3472576155168403
cnn_dailymail,2048,2,b,64,0.5216744233169922,0.416399010269461,10.527541304753118,0.18038936687913962,0.521234195142389,0.5234401343886703,0.416399010269461,0.416399010269461
cnn_dailymail,2048,3,a,1,0.14731841139454868,0.043481950558743154,10.383646083580553,0.10855671871164464,0.14731841139454868,0.14731841139454868,0.043481950558743154,0.043481950558743154
cnn_dailymail,2048,3,a,2,0.20664973457218438,0.08288719139174683,12.376254318043756,0.13494800423543427,0.20664973457218438,0.20664973457218438,0.08288719139174683,0.08288719139174683
cnn_dailymail,2048,3,a,4,0.2709135615966469,0.14558179087425316,12.533177072239376,0.1466866803443188,0.2709135615966469,0.2709135615966469,0.14558179087425316,0.14558179087425316
cnn_dailymail,2048,3,a,8,0.3377559895454625,0.21368664289357858,12.406934665188391,0.15778613644368258,0.3377559895454625,0.3377559895454625,0.21368664289357858,0.21368664289357858
cnn_dailymail,2048,3,a,16,0.4015862998085188,0.28208213347075084,11.950416633776795,0.16645938471416932,0.4015862998085188,0.4018033136974076,0.28208213347075084,0.28208213347075084
cnn_dailymail,2048,3,a,32,0.4662928590596401,0.3472576155168403,11.903524354279977,0.18236175001421376,0.4658333002361107,0.46650987294852897,0.3472576155168403,0.3472576155168403
cnn_dailymail,2048,3,a,64,0.521425003729316,0.416399010269461,10.502599345985498,0.17996198654211967,0.521180863104316,0.5236648807536757,0.416399010269461,0.416399010269461
cnn_dailymail,2048,3,b,1,0.13579406715888054,0.043481950558743154,9.231211660013738,0.09650849417223317,0.13579406715888054,0.13600521580752922,0.043481950558743154,0.043481950558743154
cnn_dailymail,2048,3,b,2,0.1947149105829194,0.08288719139174683,11.182771919117258,0.12193452990900276,0.1939846306706542,0.1947149105829194,0.08288719139174683,0.08288719139174683
cnn_dailymail,2048,3,b,4,0.2640109518265491,0.14558179087425316,11.842916095229594,0.13860795531672293,0.26331013081322807,0.26447747366255625,0.14558179087425316,0.14558179087425316
cnn_dailymail,2048,3,b,8,0.330139610382271,0.21368664289357858,11.645296748869244,0.14809994824103115,0.330139610382271,0.330139610382271,0.21368664289357858,0.21368664289357858
cnn_dailymail,2048,3,b,16,0.39634108159730963,0.28208213347075084,11.42589481265588,0.15915323110558594,0.39634108159730963,0.39634108159730963,0.28208213347075084,0.28208213347075084
cnn_dailymail,2048,3,b,32,0.4617824501542215,0.3472576155168403,11.452483463738117,0.17545181278225366,0.46153043402518923,0.46203446628325373,0.3472576155168403,0.3472576155168403
cnn_dailymail,2048,3,b,64,0.517712273457225,0.416399010269461,10.131326318776402,0.17360022510335787,0.517712273457225,0.5197599381799975,0.416399010269461,0.416399010269461
