corpus,bank,m,n,method,forecast,observed_mean,ratio,absolute_log_error
tinystories,0,2048,1024,source_full,0.026298132247073117,0.028757360721026456,0.914483512662717,0.0893958401133908
tinystories,0,2048,1024,source_jackknife,0.029171409973199537,0.028757360721026456,1.014398026863096,0.014295359571858632
tinystories,0,2048,1024,multinomial,0.025192468843037056,0.028757360721026456,0.8760354987868249,0.13234866513755764
tinystories,0,2048,1024,multinomial_jackknife,0.025570091488185686,0.028757360721026456,0.8891668375356038,0.11747039230685488
tinystories,0,2048,1024,multinomial_times_1.25,0.03149058605379632,0.028757360721026456,1.0950443734835311,0.09079488617665217
tinystories,0,2048,1024,multinomial_calibrated_original,0.02816319552123975,0.028757360721026456,0.9793386741728259,0.020877757385182397
tinystories,0,2048,1024,multinomial_calibrated_other_corpora,0.02735378030757064,0.028757360721026456,0.9511923076991706,0.05003902058194549
tinystories,0,2048,1024,source_bootstrap,0.025584502514516397,0.028757360721026456,0.8896679623248538,0.11690696190562107
tinystories,0,2048,1024,bootstrap_jackknife,0.02730488628101999,0.028757360721026456,0.9494920812067268,0.05182808872589402
tinystories,1,2048,1024,source_full,0.026626561459790584,0.028757360721026456,0.925904213467062,0.07698449086664418
tinystories,1,2048,1024,source_jackknife,0.029684548187124966,0.028757360721026456,1.032241744125725,0.03173288781139105
tinystories,1,2048,1024,multinomial,0.02558519998248372,0.028757360721026456,0.8896922158707229,0.1168797009315161
tinystories,1,2048,1024,multinomial_jackknife,0.026304214180997015,0.028757360721026456,0.9146950040434072,0.08916459818735564
tinystories,1,2048,1024,multinomial_times_1.25,0.03198149997810465,0.028757360721026456,1.1121152698384038,0.10626385038269383
tinystories,1,2048,1024,multinomial_calibrated_original,0.028602237996053517,0.028757360721026456,0.9946058080058954,0.005408793179140746
tinystories,1,2048,1024,multinomial_calibrated_other_corpora,0.027780204624111376,0.028757360721026456,0.9660206614092852,0.034570056375903914
tinystories,1,2048,1024,source_bootstrap,0.025833628470746217,0.028757360721026456,0.8983309950226934,0.10721668725373529
tinystories,1,2048,1024,bootstrap_jackknife,0.027328098829006563,0.028757360721026456,0.9502992675202331,0.05097832555309144
tinystories,2,2048,1024,source_full,0.02738259167254365,0.028757360721026456,0.9521941856271386,0.048986288492054136
tinystories,2,2048,1024,source_jackknife,0.030835292575804866,0.028757360721026456,1.0722573908967623,0.06976613727686269
tinystories,2,2048,1024,multinomial,0.025504885584222762,0.028757360721026456,0.886899386617716,0.12002373420249976
tinystories,2,2048,1024,multinomial_jackknife,0.026225958913240602,0.028757360721026456,0.9119737783886761,0.09214404108794814
tinystories,2,2048,1024,multinomial_times_1.25,0.031881106980278455,0.028757360721026456,1.108624233272145,0.10311981711171005
tinystories,2,2048,1024,multinomial_calibrated_original,0.028512452825910528,0.028757360721026456,0.991483644918191,0.00855282645012445
tinystories,2,2048,1024,multinomial_calibrated_other_corpora,0.027692999895616806,0.028757360721026456,0.9629882298401805,0.03771408964688772
tinystories,2,2048,1024,source_bootstrap,0.026329292089014855,0.028757360721026456,0.9155670558377677,0.08821167250587458
tinystories,2,2048,1024,bootstrap_jackknife,0.02849383762904284,0.028757360721026456,0.9908363255397448,0.009205919201144958
wikitext,0,2048,1024,source_full,0.03169065642170284,0.032938772033769714,0.9621080102565064,0.03862855784508063
wikitext,0,2048,1024,source_jackknife,0.03692329021268455,0.032938772033769714,1.1209674172075934,0.11419207784030058
wikitext,0,2048,1024,multinomial,0.030300624350721887,0.032938772033769714,0.919907527811203,0.08348212723953856
wikitext,0,2048,1024,multinomial_jackknife,0.03205470346726086,0.032938772033769714,0.9731602451481044,0.027206518528896762
wikitext,0,2048,1024,multinomial_times_1.25,0.03787578043840236,0.032938772033769714,1.1498844097640037,0.1396614240746712
wikitext,0,2048,1024,multinomial_calibrated_original,0.033873710961872625,0.032938772033769714,1.0283841464139702,0.027988780512836677
wikitext,0,2048,1024,multinomial_calibrated_other_corpora,0.03382889700083136,0.032938772033769714,1.0270236232895709,0.026664932911251625
wikitext,0,2048,1024,source_bootstrap,0.029380587226303503,0.032938772033769714,0.8919757906026896,0.11431628735038427
wikitext,0,2048,1024,bootstrap_jackknife,0.03263457317973234,0.032938772033769714,0.9907647178308439,0.009278191780099882
wikitext,1,2048,1024,source_full,0.03089277484787822,0.032938772033769714,0.9378848372430556,0.06412811230753816
wikitext,1,2048,1024,source_jackknife,0.03562486231695232,0.032938772033769714,1.0815479787901248,0.07839332861708842
wikitext,1,2048,1024,multinomial,0.029741710931303945,0.032938772033769714,0.9029392747492816,0.10209997616608861
wikitext,1,2048,1024,multinomial_jackknife,0.031208086827877405,0.032938772033769714,0.9474575067911468,0.05397319074507364
wikitext,1,2048,1024,multinomial_times_1.25,0.03717713866412993,0.032938772033769714,1.128674093436602,0.12104357514812111
wikitext,1,2048,1024,multinomial_calibrated_original,0.033248889789776075,0.032938772033769714,1.0094149762379854,0.00937093158628665
wikitext,1,2048,1024,multinomial_calibrated_other_corpora,0.033204902449464245,0.032938772033769714,1.0080795487889374,0.0080470839847014
wikitext,1,2048,1024,source_bootstrap,0.02888840579675045,0.032938772033769714,0.8770334779673413,0.13121011405764424
wikitext,1,2048,1024,bootstrap_jackknife,0.03217979285652347,0.032938772033769714,0.9769578788040999,0.02331174065880911
wikitext,2,2048,1024,source_full,0.031091116613697466,0.032938772033769714,0.94390636608499,0.057728306225428135
wikitext,2,2048,1024,source_jackknife,0.03579953080356834,0.032938772033769714,1.0868508020537528,0.08328434209823787
wikitext,2,2048,1024,multinomial,0.030215817427290435,0.032938772033769714,0.9173328439904307,0.08628490203781897
wikitext,2,2048,1024,multinomial_jackknife,0.031746331421692815,0.032938772033769714,0.9637982675597506,0.03687327228763577
wikitext,2,2048,1024,multinomial_times_1.25,0.037769771784113046,0.032938772033769714,1.1466660549880385,0.13685864927639094
wikitext,2,2048,1024,multinomial_calibrated_original,0.03377890350250705,0.032938772033769714,1.025505852734158,0.02518600571455643
wikitext,2,2048,1024,multinomial_calibrated_other_corpora,0.03373421496905165,0.032938772033769714,1.0241491375108467,0.023862158112971203
wikitext,2,2048,1024,source_bootstrap,0.029260908209830475,0.032938772033769714,0.8883424123956839,0.11839801076967665
wikitext,2,2048,1024,bootstrap_jackknife,0.032724816605070615,0.032938772033769714,0.9935044503638525,0.006516737519822778
cnn_dailymail,0,2048,1024,source_full,0.027047008363246344,0.027874440462282327,0.9703157413991644,0.030133753853410685
cnn_dailymail,0,2048,1024,source_jackknife,0.030434670317069444,0.027874440462282327,1.0918486546214778,0.08787227304860834
cnn_dailymail,0,2048,1024,multinomial,0.027247324877171433,0.027874440462282327,0.9775021283042628,0.022754809831623087
cnn_dailymail,0,2048,1024,multinomial_jackknife,0.02836258291951114,0.027874440462282327,1.0175121885545768,0.017360617186283286
cnn_dailymail,0,2048,1024,multinomial_times_1.25,0.03405915609646429,0.027874440462282327,1.2218776603803283,0.20038874148258656
cnn_dailymail,0,2048,1024,multinomial_calibrated_original,0.030460362687264483,0.027874440462282327,1.0927703725024092,0.08871609792075227
cnn_dailymail,0,2048,1024,multinomial_calibrated_other_corpora,0.030798771252851805,0.027874440462282327,1.104910833798672,0.09976463831896198
cnn_dailymail,0,2048,1024,source_bootstrap,0.025509242288756406,0.027874440462282327,0.9151481380684094,0.08866932728261367
cnn_dailymail,0,2048,1024,bootstrap_jackknife,0.028233103094493058,0.027874440462282327,1.012867079168676,0.01278500162124255
cnn_dailymail,1,2048,1024,source_full,0.02696757656942852,0.027874440462282327,0.9674661131196189,0.03307487989095707
cnn_dailymail,1,2048,1024,source_jackknife,0.030165330736045222,0.027874440462282327,1.0821860541689712,0.07898311958734938
cnn_dailymail,1,2048,1024,multinomial,0.027236184316230934,0.027874440462282327,0.9771024589026267,0.023163761503815036
cnn_dailymail,1,2048,1024,multinomial_jackknife,0.028102925342213685,0.027874440462282327,1.0081969315308958,0.008163519149458655
cnn_dailymail,1,2048,1024,multinomial_times_1.25,0.034045230395288666,0.027874440462282327,1.2213780736282833,0.1999797898103947
cnn_dailymail,1,2048,1024,multinomial_calibrated_original,0.030447908417778693,0.027874440462282327,1.0923235735970591,0.08830714624856029
cnn_dailymail,1,2048,1024,multinomial_calibrated_other_corpora,0.03078617861891135,0.027874440462282327,1.1044590710464297,0.09935568664677015
cnn_dailymail,1,2048,1024,source_bootstrap,0.025325275831814487,0.027874440462282327,0.908548312066849,0.09590721472067294
cnn_dailymail,1,2048,1024,bootstrap_jackknife,0.02755782192102083,0.027874440462282327,0.9886412593038442,0.011423743896363029
cnn_dailymail,2,2048,1024,source_full,0.026733590869182335,0.027874440462282327,0.959071838782066,0.04178929680831784
cnn_dailymail,2,2048,1024,source_jackknife,0.030074970508106584,0.027874440462282327,1.0789443665712988,0.07598312477184081
cnn_dailymail,2,2048,1024,multinomial,0.026880450608816435,0.027874440462282327,0.9643404553784357,0.036310877241547475
cnn_dailymail,2,2048,1024,multinomial_jackknife,0.027920537453297846,0.027874440462282327,1.001653736909191,0.001652370992012915
cnn_dailymail,2,2048,1024,multinomial_times_1.25,0.033600563261020545,0.027874440462282327,1.2054255692230447,0.1868326740726623
cnn_dailymail,2,2048,1024,multinomial_calibrated_original,0.030050226157344775,0.027874440462282327,1.0780566590388267,0.07516003051082788
cnn_dailymail,2,2048,1024,multinomial_calibrated_other_corpora,0.030384078187732234,0.027874440462282327,1.0900336539076279,0.08620857090903758
cnn_dailymail,2,2048,1024,source_bootstrap,0.025348101959374134,0.027874440462282327,0.9093672030358187,0.09500630264026674
cnn_dailymail,2,2048,1024,bootstrap_jackknife,0.02795124063166017,0.027874440462282327,1.0027552183327864,0.002751429676210934
