corpus,bank,method,relative_mc_se
tinystories,0,source_bootstrap,0.00890246491607793
tinystories,0,bootstrap_jackknife,0.020762813508986955
tinystories,1,source_bootstrap,0.006122153547013245
tinystories,1,bootstrap_jackknife,0.012128995972307433
tinystories,2,source_bootstrap,0.014157817260737237
tinystories,2,bootstrap_jackknife,0.024012734366584174
wikitext,0,source_bootstrap,0.006105567324612144
wikitext,0,bootstrap_jackknife,0.011965167164845341
wikitext,1,source_bootstrap,0.005905445655950912
wikitext,1,bootstrap_jackknife,0.009615507968723085
wikitext,2,source_bootstrap,0.009403992986024387
wikitext,2,bootstrap_jackknife,0.019605933118624717
cnn_dailymail,0,source_bootstrap,0.009814863008471257
cnn_dailymail,0,bootstrap_jackknife,0.01471159892563437
cnn_dailymail,1,source_bootstrap,0.0035177992723464677
cnn_dailymail,1,bootstrap_jackknife,0.0026507528920100263
cnn_dailymail,2,source_bootstrap,0.0023093803470866283
cnn_dailymail,2,bootstrap_jackknife,0.006933710025466081
