corpus,replicate,n_chunks,n_a_chunks,n_b_chunks,mask_rate,radius,classes,eval_chunks,masked_tokens,eval_top_token_coverage,baseline_loss,reconstruction_loss,skill,named_target_fraction,named_target_skill,other_target_skill,named_baseline_loss,other_baseline_loss,pooled_8192_skill,observed_disagreement,observed_over_baseline,sources_a,sources_b,reference_sources,runtime_seconds,mask_sha256,evaluation_sha256,side_a_sha256,side_b_sha256,auxiliary_fit_sha256,zero_prior_target_fraction,fitting_mask_rate,analytic_source_influence_prediction,analytic_source_influence_ratio,analytic_source_influence_inputwise_correlation,analytic_same_lag_prediction,analytic_same_lag_ratio,analytic_same_lag_inputwise_correlation,fraction_of_pooled_gain
tinystories,1,512,512,512,0.2,2,50257,128,1633,1.0,0.9871539669352123,0.823336393112427,0.1659493648507384,1.0,0.16294253503331735,nan,0.9873236742046178,nan,,0.048534958531027524,0.04916655370561147,188,192,768,47.258224399993196,673f4f015e620ce9843ede963d2493d44a5739148ab921ff93f8ea966aef7744,86e534278229f3d383a059f8024f7e279d692123ce14bfd9cfd1cec99d971b2f,459e078dc2b94c8388fc605961ddeef245287ee079b06da832446faa88935d11,6cf2643d27e87cec9720372ad12f536861ec9541d386520d8d9f328eae63be25,8bf2971d2d6329e50484cc8a85049c2c3cb9cf3d872808ef4dcfe6f7292924d2,0.03368034292712799,0.5,0.049178566934127345,1.0132607181005084,0.7486696298807042,0.04677254825950213,0.9636878175058352,0.7318130898502813,
tinystories,2,512,512,512,0.2,2,50257,128,1633,1.0,0.9871539669352123,0.8258395462386405,0.16341363768956918,1.0,0.160911010812131,nan,0.9873236742046178,nan,,0.046938990049131775,0.04754981656494971,196,177,768,47.54037309999694,673f4f015e620ce9843ede963d2493d44a5739148ab921ff93f8ea966aef7744,86e534278229f3d383a059f8024f7e279d692123ce14bfd9cfd1cec99d971b2f,b20d17ddac27bf56701f824910ff441e2f5070fa71d97d885f5cf8a52a6be661,526dbdc1007a692ff8b7bf1d58aa3f54e35c9faa1ba25239c55c47c329c8112e,8bf2971d2d6329e50484cc8a85049c2c3cb9cf3d872808ef4dcfe6f7292924d2,0.03368034292712799,0.5,0.049178566934127345,1.0477125068658566,0.7673286722214324,0.04677254825950213,0.9964540824279469,0.7662685698360252,
tinystories,3,512,512,512,0.2,2,50257,128,1633,1.0,0.9871539669352123,0.8264077906922367,0.16283799855663805,1.0,0.15913946215723063,nan,0.9873236742046178,nan,,0.047574089677073855,0.04819318087205355,202,188,768,47.869814299978316,673f4f015e620ce9843ede963d2493d44a5739148ab921ff93f8ea966aef7744,86e534278229f3d383a059f8024f7e279d692123ce14bfd9cfd1cec99d971b2f,2e07ee22b26c27f441a9aed081f6207c8f31894a10ed260e9e610d9e4efdd148,8b1e9e71168479d1ca95ecf82e1bb3bed5026f15def30c24292d12ce44e7b4fe,8bf2971d2d6329e50484cc8a85049c2c3cb9cf3d872808ef4dcfe6f7292924d2,0.03368034292712799,0.5,0.049178566934127345,1.0337258635518716,0.7730349332594463,0.04677254825950213,0.9831517234904026,0.7508878632465957,
tinystories,4,512,512,512,0.2,2,50257,128,1633,1.0,0.9871539669352123,0.8255897357596582,0.16366669900254538,1.0,0.16080850901538235,nan,0.9873236742046178,nan,,0.04783892593975329,0.04846146350227148,191,195,768,48.14928339998005,673f4f015e620ce9843ede963d2493d44a5739148ab921ff93f8ea966aef7744,86e534278229f3d383a059f8024f7e279d692123ce14bfd9cfd1cec99d971b2f,da3a7a03ffa6ef6a26e20b317a1fe8f398261162bbb7cfd47a2fe49529bb3c64,94eabfef86f9bf5d43c5f67d9fa1fd54dbb53f98c11ce56b2b47ea688b05aa1a,8bf2971d2d6329e50484cc8a85049c2c3cb9cf3d872808ef4dcfe6f7292924d2,0.03368034292712799,0.5,0.049178566934127345,1.028003157848091,0.7158589266326073,0.04677254825950213,0.9777089961928886,0.7065363676541387,
tinystories,5,512,512,512,0.2,2,50257,128,1633,1.0,0.9871539669352123,0.8213915535153351,0.16791951303656794,1.0,0.16483838774623782,nan,0.9873236742046178,nan,,0.046870230664652596,0.047480162400774434,206,188,768,48.38497469999129,673f4f015e620ce9843ede963d2493d44a5739148ab921ff93f8ea966aef7744,86e534278229f3d383a059f8024f7e279d692123ce14bfd9cfd1cec99d971b2f,1ed7ce8ab64c9f5f217d47da116fd3d3f62bd6980c2c85088de1e797404eeeba,bd74fe8a0a5ddd44e236c7c9329e99e02c78d97407c96392c0658a9389ed7bc4,8bf2971d2d6329e50484cc8a85049c2c3cb9cf3d872808ef4dcfe6f7292924d2,0.03368034292712799,0.5,0.049178566934127345,1.0492495180147596,0.771315728777605,0.04677254825950213,0.9979158966413167,0.757793112023016,
tinystories,6,512,512,512,0.2,2,50257,128,1633,1.0,0.9871539669352123,0.8215837185558672,0.1677248473137236,1.0,0.1638880965835363,nan,0.9873236742046178,nan,,0.047765944880711945,0.04838753272603408,184,191,768,48.59004889999051,673f4f015e620ce9843ede963d2493d44a5739148ab921ff93f8ea966aef7744,86e534278229f3d383a059f8024f7e279d692123ce14bfd9cfd1cec99d971b2f,9165f1ff59c198232db9bca0eb49df3977c844c68be77762948b64e8dd1ed319,5848c4d84d1865e386f81184fc785eb92b8858147367a72798e09c00bddb9418,8bf2971d2d6329e50484cc8a85049c2c3cb9cf3d872808ef4dcfe6f7292924d2,0.03368034292712799,0.5,0.049178566934127345,1.029573832506469,0.7242211005339729,0.04677254825950213,0.9792028269577694,0.7206932149561047,
tinystories,7,512,512,512,0.2,2,50257,128,1633,1.0,0.9871539669352123,0.826849447210461,0.1623905946733355,1.0,0.15917166625158052,nan,0.9873236742046178,nan,,0.048788607128015436,0.049423503082794654,186,189,768,48.792041999986395,673f4f015e620ce9843ede963d2493d44a5739148ab921ff93f8ea966aef7744,86e534278229f3d383a059f8024f7e279d692123ce14bfd9cfd1cec99d971b2f,abfc43fb1e4eed9db0c2831bccfe6d67b98aadf4de3cda63eaecebaf6baed93a,15e735eea79a41a97cb52c00bd49b0c7384994be9cb5c93b02a15d3ab76609aa,8bf2971d2d6329e50484cc8a85049c2c3cb9cf3d872808ef4dcfe6f7292924d2,0.03368034292712799,0.5,0.049178566934127345,1.0079928456471139,0.7225693205699156,0.04677254825950213,0.9586776711369642,0.7132835607379572,
tinystories,1,512,512,512,0.5,2,50257,128,4160,1.0,0.985445573925836,0.8624336398384804,0.12482874482585415,1.0,0.12431549680304332,nan,0.985388621697485,nan,,0.03540774610547359,0.0359306967754856,188,192,768,117.16338369998266,060cc1dec74f9e9484125da64d85dc804a283bcd5d6f6210016207dbe85966af,86e534278229f3d383a059f8024f7e279d692123ce14bfd9cfd1cec99d971b2f,459e078dc2b94c8388fc605961ddeef245287ee079b06da832446faa88935d11,6cf2643d27e87cec9720372ad12f536861ec9541d386520d8d9f328eae63be25,8bf2971d2d6329e50484cc8a85049c2c3cb9cf3d872808ef4dcfe6f7292924d2,0.03341346153846154,0.5,0.036288628861602404,1.02487824990342,0.8449090487195607,0.03536092680420088,0.9986777102068783,0.83898423109861,
tinystories,2,512,512,512,0.5,2,50257,128,4160,1.0,0.985445573925836,0.8651792238191645,0.12204261025553376,1.0,0.12155928946184935,nan,0.985388621697485,nan,,0.03447305663101558,0.03498220251137888,196,177,768,117.4145982999762,060cc1dec74f9e9484125da64d85dc804a283bcd5d6f6210016207dbe85966af,86e534278229f3d383a059f8024f7e279d692123ce14bfd9cfd1cec99d971b2f,b20d17ddac27bf56701f824910ff441e2f5070fa71d97d885f5cf8a52a6be661,526dbdc1007a692ff8b7bf1d58aa3f54e35c9faa1ba25239c55c47c329c8112e,8bf2971d2d6329e50484cc8a85049c2c3cb9cf3d872808ef4dcfe6f7292924d2,0.03341346153846154,0.5,0.036288628861602404,1.052666412787816,0.8678032623099832,0.03536092680420088,1.0257554815254322,0.8629367476842138,
tinystories,3,512,512,512,0.5,2,50257,128,4160,1.0,0.985445573925836,0.8639097356616495,0.12333084797368343,1.0,0.12277943752444798,nan,0.985388621697485,nan,,0.03547236074074387,0.03599626572924615,202,188,768,117.72802079998655,060cc1dec74f9e9484125da64d85dc804a283bcd5d6f6210016207dbe85966af,86e534278229f3d383a059f8024f7e279d692123ce14bfd9cfd1cec99d971b2f,2e07ee22b26c27f441a9aed081f6207c8f31894a10ed260e9e610d9e4efdd148,8b1e9e71168479d1ca95ecf82e1bb3bed5026f15def30c24292d12ce44e7b4fe,8bf2971d2d6329e50484cc8a85049c2c3cb9cf3d872808ef4dcfe6f7292924d2,0.03341346153846154,0.5,0.036288628861602404,1.0230113841823039,0.8667751443918948,0.03536092680420088,0.9968585700467633,0.8637067174370193,
tinystories,4,512,512,512,0.5,2,50257,128,4160,1.0,0.985445573925836,0.8634048246185471,0.12384321624288264,1.0,0.1232663700780674,nan,0.985388621697485,nan,,0.03474817742246771,0.03526138666799963,191,195,768,118.00725549997878,060cc1dec74f9e9484125da64d85dc804a283bcd5d6f6210016207dbe85966af,86e534278229f3d383a059f8024f7e279d692123ce14bfd9cfd1cec99d971b2f,da3a7a03ffa6ef6a26e20b317a1fe8f398261162bbb7cfd47a2fe49529bb3c64,94eabfef86f9bf5d43c5f67d9fa1fd54dbb53f98c11ce56b2b47ea688b05aa1a,8bf2971d2d6329e50484cc8a85049c2c3cb9cf3d872808ef4dcfe6f7292924d2,0.03341346153846154,0.5,0.036288628861602404,1.0443318629465341,0.8381812080697623,0.03536092680420088,1.0176340006062297,0.8288427432959536,
tinystories,5,512,512,512,0.5,2,50257,128,4160,1.0,0.985445573925836,0.8637515084551701,0.12349141209885273,1.0,0.12306651209382802,nan,0.985388621697485,nan,,0.0360496757081655,0.03658210728427157,206,188,768,118.35202439999557,060cc1dec74f9e9484125da64d85dc804a283bcd5d6f6210016207dbe85966af,86e534278229f3d383a059f8024f7e279d692123ce14bfd9cfd1cec99d971b2f,1ed7ce8ab64c9f5f217d47da116fd3d3f62bd6980c2c85088de1e797404eeeba,bd74fe8a0a5ddd44e236c7c9329e99e02c78d97407c96392c0658a9389ed7bc4,8bf2971d2d6329e50484cc8a85049c2c3cb9cf3d872808ef4dcfe6f7292924d2,0.03341346153846154,0.5,0.036288628861602404,1.0066284411369275,0.851778941634067,0.03536092680420088,0.9808944493831157,0.838456996202381,
tinystories,6,512,512,512,0.5,2,50257,128,4160,1.0,0.985445573925836,0.8635500013843203,0.12369589530541591,1.0,0.12318377332136554,nan,0.985388621697485,nan,,0.03546471504213672,0.035988507108364945,184,191,768,118.79580169997644,060cc1dec74f9e9484125da64d85dc804a283bcd5d6f6210016207dbe85966af,86e534278229f3d383a059f8024f7e279d692123ce14bfd9cfd1cec99d971b2f,9165f1ff59c198232db9bca0eb49df3977c844c68be77762948b64e8dd1ed319,5848c4d84d1865e386f81184fc785eb92b8858147367a72798e09c00bddb9418,8bf2971d2d6329e50484cc8a85049c2c3cb9cf3d872808ef4dcfe6f7292924d2,0.03341346153846154,0.5,0.036288628861602404,1.0232319311881335,0.8406652372877108,0.03536092680420088,0.9970734788701242,0.8376182164223888,
tinystories,7,512,512,512,0.5,2,50257,128,4160,1.0,0.985445573925836,0.8654773689428952,0.1217400617113833,1.0,0.12123649926172386,nan,0.985388621697485,nan,,0.03665058807762208,0.03719189476047145,186,189,768,119.0888139999879,060cc1dec74f9e9484125da64d85dc804a283bcd5d6f6210016207dbe85966af,86e534278229f3d383a059f8024f7e279d692123ce14bfd9cfd1cec99d971b2f,abfc43fb1e4eed9db0c2831bccfe6d67b98aadf4de3cda63eaecebaf6baed93a,15e735eea79a41a97cb52c00bd49b0c7384994be9cb5c93b02a15d3ab76609aa,8bf2971d2d6329e50484cc8a85049c2c3cb9cf3d872808ef4dcfe6f7292924d2,0.03341346153846154,0.5,0.036288628861602404,0.9901240543466019,0.8457690076730509,0.03536092680420088,0.9648119896278381,0.8340374192150536,
tinystories,1,512,512,512,0.8,2,50257,128,6546,1.0,0.9862197632043964,0.9263300558671245,0.06072653334656375,1.0,0.05979830794866847,nan,0.9862118165986947,nan,,0.0163904007917825,0.016619420339466014,188,192,768,173.08265749999555,e466e097e4c518b2f249ed8fec1566c0bb12c1a475f93ef1f3d4ada9c7cdc76d,86e534278229f3d383a059f8024f7e279d692123ce14bfd9cfd1cec99d971b2f,459e078dc2b94c8388fc605961ddeef245287ee079b06da832446faa88935d11,6cf2643d27e87cec9720372ad12f536861ec9541d386520d8d9f328eae63be25,8bf2971d2d6329e50484cc8a85049c2c3cb9cf3d872808ef4dcfe6f7292924d2,0.03269172013443324,0.5,0.016799820301906545,1.024979225055272,0.8909278548539747,0.01662901144393687,1.014557951033998,0.8870926923049831,
tinystories,2,512,512,512,0.8,2,50257,128,6546,1.0,0.9862197632043964,0.926709707131968,0.06034157729619016,1.0,0.059393524338364645,nan,0.9862118165986947,nan,,0.01586542032800443,0.016087104436494935,196,177,768,173.37509509999654,e466e097e4c518b2f249ed8fec1566c0bb12c1a475f93ef1f3d4ada9c7cdc76d,86e534278229f3d383a059f8024f7e279d692123ce14bfd9cfd1cec99d971b2f,b20d17ddac27bf56701f824910ff441e2f5070fa71d97d885f5cf8a52a6be661,526dbdc1007a692ff8b7bf1d58aa3f54e35c9faa1ba25239c55c47c329c8112e,8bf2971d2d6329e50484cc8a85049c2c3cb9cf3d872808ef4dcfe6f7292924d2,0.03269172013443324,0.5,0.016799820301906545,1.0588953809343948,0.9001497486399415,0.01662901144393687,1.0481292710905745,0.8967189772714598,
tinystories,3,512,512,512,0.8,2,50257,128,6546,1.0,0.9862197632043964,0.9275573706472331,0.05948206956080382,1.0,0.05861020084082624,nan,0.9862118165986947,nan,,0.01628363609223418,0.01651116383971648,202,188,768,173.71672999998555,e466e097e4c518b2f249ed8fec1566c0bb12c1a475f93ef1f3d4ada9c7cdc76d,86e534278229f3d383a059f8024f7e279d692123ce14bfd9cfd1cec99d971b2f,2e07ee22b26c27f441a9aed081f6207c8f31894a10ed260e9e610d9e4efdd148,8b1e9e71168479d1ca95ecf82e1bb3bed5026f15def30c24292d12ce44e7b4fe,8bf2971d2d6329e50484cc8a85049c2c3cb9cf3d872808ef4dcfe6f7292924d2,0.03269172013443324,0.5,0.016799820301906545,1.031699566776645,0.851873546097383,0.01662901144393687,1.0212099650069804,0.8487969114395144,
tinystories,4,512,512,512,0.8,2,50257,128,6546,1.0,0.9862197632043964,0.9265971130323847,0.060455744648928555,1.0,0.059519798641401334,nan,0.9862118165986947,nan,,0.016123035844638457,0.016348319559376868,191,195,768,173.98117339998134,e466e097e4c518b2f249ed8fec1566c0bb12c1a475f93ef1f3d4ada9c7cdc76d,86e534278229f3d383a059f8024f7e279d692123ce14bfd9cfd1cec99d971b2f,da3a7a03ffa6ef6a26e20b317a1fe8f398261162bbb7cfd47a2fe49529bb3c64,94eabfef86f9bf5d43c5f67d9fa1fd54dbb53f98c11ce56b2b47ea688b05aa1a,8bf2971d2d6329e50484cc8a85049c2c3cb9cf3d872808ef4dcfe6f7292924d2,0.03269172013443324,0.5,0.016799820301906545,1.0419762421785563,0.8693158781562818,0.01662901144393687,1.031382154339542,0.8653936868347749,
tinystories,5,512,512,512,0.8,2,50257,128,6546,1.0,0.9862197632043964,0.9275709836522833,0.05946826634415969,1.0,0.05857485335398682,nan,0.9862118165986947,nan,,0.016834380191490687,0.017069603367907485,206,188,768,174.23629079997772,e466e097e4c518b2f249ed8fec1566c0bb12c1a475f93ef1f3d4ada9c7cdc76d,86e534278229f3d383a059f8024f7e279d692123ce14bfd9cfd1cec99d971b2f,1ed7ce8ab64c9f5f217d47da116fd3d3f62bd6980c2c85088de1e797404eeeba,bd74fe8a0a5ddd44e236c7c9329e99e02c78d97407c96392c0658a9389ed7bc4,8bf2971d2d6329e50484cc8a85049c2c3cb9cf3d872808ef4dcfe6f7292924d2,0.03269172013443324,0.5,0.016799820301906545,0.9979470649236251,0.8504147275228348,0.01662901144393687,0.9878006350564884,0.8488285814086814,
tinystories,6,512,512,512,0.8,2,50257,128,6546,1.0,0.9862197632043964,0.9270679573686439,0.059978321305951376,1.0,0.05903550507476374,nan,0.9862118165986947,nan,,0.016927724804508555,0.017164252265141684,184,191,768,174.48222609999357,e466e097e4c518b2f249ed8fec1566c0bb12c1a475f93ef1f3d4ada9c7cdc76d,86e534278229f3d383a059f8024f7e279d692123ce14bfd9cfd1cec99d971b2f,9165f1ff59c198232db9bca0eb49df3977c844c68be77762948b64e8dd1ed319,5848c4d84d1865e386f81184fc785eb92b8858147367a72798e09c00bddb9418,8bf2971d2d6329e50484cc8a85049c2c3cb9cf3d872808ef4dcfe6f7292924d2,0.03269172013443324,0.5,0.016799820301906545,0.9924440818787447,0.8605143817003229,0.01662901144393687,0.982353602505865,0.8623506770470358,
tinystories,7,512,512,512,0.8,2,50257,128,6546,1.0,0.9862197632043964,0.9266564893757349,0.06039553865269376,1.0,0.059460026121932685,nan,0.9862118165986947,nan,,0.017452841882175444,0.017696706690878087,186,189,768,174.71390669999528,e466e097e4c518b2f249ed8fec1566c0bb12c1a475f93ef1f3d4ada9c7cdc76d,86e534278229f3d383a059f8024f7e279d692123ce14bfd9cfd1cec99d971b2f,abfc43fb1e4eed9db0c2831bccfe6d67b98aadf4de3cda63eaecebaf6baed93a,15e735eea79a41a97cb52c00bd49b0c7384994be9cb5c93b02a15d3ab76609aa,8bf2971d2d6329e50484cc8a85049c2c3cb9cf3d872808ef4dcfe6f7292924d2,0.03269172013443324,0.5,0.016799820301906545,0.9625836534429485,0.8349880857790366,0.01662901144393687,0.9527967740841135,0.8317040313455667,
wikitext,1,512,512,512,0.2,2,50257,128,1634,1.0,0.9911531234202355,0.9226375227019106,0.06912716017268228,1.0,0.07003731587456796,nan,0.9913255270184285,nan,,0.04841101142360238,0.04884312048227967,239,225,895,246.0495232999965,d6a541c5d468c63cf48d2252a627274b67ba001a1465f984de34cfc4d08ec315,67405ba0784e8cd911169d1b1b5904e10d603eb21412fe25b4b5f212086b7adb,0ade78b970b7c3835d065593999e409cbfec413b5d3cfbfa97a1dc7ccc5ce939,a44a7e44cab4c8a018a76cd965a18858876a75b33acda51ed962c78a7a291aff,c1583d5b75c371840b81304897e007b0a53172ee3cbeb293c97e5c906d34c571,0.11015911872705018,0.5,0.04959921283912745,1.0245440320411436,0.6892309320740109,0.04835417575876689,0.9988259765048457,0.7041101211638792,
wikitext,2,512,512,512,0.2,2,50257,128,1634,1.0,0.9911531234202355,0.9225032173557284,0.06926266430721884,1.0,0.06998976664592482,nan,0.9913255270184285,nan,,0.04589401896113407,0.046303661741754536,226,238,895,246.29174399998737,d6a541c5d468c63cf48d2252a627274b67ba001a1465f984de34cfc4d08ec315,67405ba0784e8cd911169d1b1b5904e10d603eb21412fe25b4b5f212086b7adb,f40ae41b155c18a3b9fccd8b312e77d543531e22ac25e62f715d5b2cd28e8cbc,60d7fbbd5710c3622e702dbd88b0657c1fc91662538ae0de6946f21668a5d89c,c1583d5b75c371840b81304897e007b0a53172ee3cbeb293c97e5c906d34c571,0.11015911872705018,0.5,0.04959921283912745,1.080733698243581,0.8110335089432105,0.04835417575876689,1.053605172380223,0.8220044600981878,
wikitext,3,512,512,512,0.2,2,50257,128,1634,1.0,0.9911531234202355,0.922984244196771,0.0687773438964,1.0,0.06927533343016712,nan,0.9913255270184285,nan,,0.04652623404311106,0.046941519875919886,223,227,895,246.52778659999603,d6a541c5d468c63cf48d2252a627274b67ba001a1465f984de34cfc4d08ec315,67405ba0784e8cd911169d1b1b5904e10d603eb21412fe25b4b5f212086b7adb,05a7a731318e4e2770efc73b53a13cec3e952b8a62a216ce9638656ab1e43df5,397669bdbd921494ec267f41f81abf56832eca8eb78dbe52b0aaad0c0c296621,c1583d5b75c371840b81304897e007b0a53172ee3cbeb293c97e5c906d34c571,0.11015911872705018,0.5,0.04959921283912745,1.0660483028385443,0.7717763571023732,0.04835417575876689,1.039288409071795,0.7785240835995559,
wikitext,4,512,512,512,0.2,2,50257,128,1634,1.0,0.9911531234202355,0.9202509837809703,0.07153500096392651,1.0,0.07245880159855822,nan,0.9913255270184285,nan,,0.048081277168300664,0.048510443070979306,234,232,895,246.768654399988,d6a541c5d468c63cf48d2252a627274b67ba001a1465f984de34cfc4d08ec315,67405ba0784e8cd911169d1b1b5904e10d603eb21412fe25b4b5f212086b7adb,cca4ae386d5fb074e0c9aa7c7577234a34071ba0aabd26a4a2a6b5e6c9abe2a4,28536ae84cbdc25e7f414b63fc389a3442e13fbf0bfd426b65871a4105d49b79,c1583d5b75c371840b81304897e007b0a53172ee3cbeb293c97e5c906d34c571,0.11015911872705018,0.5,0.04959921283912745,1.0315702027946034,0.8110942802008839,0.04835417575876689,1.0056757766544135,0.8046709231237686,
wikitext,5,512,512,512,0.2,2,50257,128,1634,1.0,0.9911531234202355,0.9198897390538081,0.07189947010459319,1.0,0.0713688873916335,nan,0.9913255270184285,nan,,0.04688976311308942,0.047308293749086835,226,224,895,246.9667220999836,d6a541c5d468c63cf48d2252a627274b67ba001a1465f984de34cfc4d08ec315,67405ba0784e8cd911169d1b1b5904e10d603eb21412fe25b4b5f212086b7adb,83701aeba3ddfd6dd2ca141e1b6240f69bf6d66f84e1fe0eb492e287795befab,7d3e7103c30907de4059b2a8d919b0f50b9935a24cab13ac2c618453f2e7bba1,c1583d5b75c371840b81304897e007b0a53172ee3cbeb293c97e5c906d34c571,0.11015911872705018,0.5,0.04959921283912745,1.0577833954823646,0.7661838689880514,0.04835417575876689,1.0312309670267596,0.7826023619629009,
wikitext,6,512,512,512,0.2,2,50257,128,1634,1.0,0.9911531234202355,0.9219147389645663,0.06985639536375965,1.0,0.0707444642865116,nan,0.9913255270184285,nan,,0.047725419462915364,0.048151409035796816,228,217,895,247.2354720000003,d6a541c5d468c63cf48d2252a627274b67ba001a1465f984de34cfc4d08ec315,67405ba0784e8cd911169d1b1b5904e10d603eb21412fe25b4b5f212086b7adb,9f4e363ba19213d7046c4a739f6a88afce44e799eb34015dc9962b1b70b62f63,0f969c5e55b1b9637b572985ca2d0561fbb15d0125970e1f39120236a5f71ae4,c1583d5b75c371840b81304897e007b0a53172ee3cbeb293c97e5c906d34c571,0.11015911872705018,0.5,0.04959921283912745,1.0392619571980526,0.8011010422118477,0.04835417575876689,1.0131744530048625,0.7945001547689178,
wikitext,7,512,512,512,0.2,2,50257,128,1634,1.0,0.9911531234202355,0.9222130872980014,0.06955538402011818,1.0,0.07070334236461595,nan,0.9913255270184285,nan,,0.047168495707959196,0.047589514267171805,214,233,895,247.4845710999798,d6a541c5d468c63cf48d2252a627274b67ba001a1465f984de34cfc4d08ec315,67405ba0784e8cd911169d1b1b5904e10d603eb21412fe25b4b5f212086b7adb,d18ee87525d0c7e8c1b5d179c5a07ced5f7725590a8d0d7d2115fc30c1707890,a38ae7d548f1e14ed5258f06d067e10cedb52cb5ccf910d3e1dded48498aee04,c1583d5b75c371840b81304897e007b0a53172ee3cbeb293c97e5c906d34c571,0.11015911872705018,0.5,0.04959921283912745,1.0515326404771925,0.7444223457228684,0.04835417575876689,1.0251371181762665,0.7600963565527847,
wikitext,1,512,512,512,0.5,2,50257,128,4174,1.0,0.9914334936236404,0.9461537965171262,0.04567093748368256,1.0,0.044707615118309896,nan,0.9914142206620808,nan,,0.0318836474344236,0.03215913890289347,239,225,895,346.1336882999749,1837fcd531c33b8c001f02a93f5534be4804a5c860197c13d547e5e15f9c75f0,67405ba0784e8cd911169d1b1b5904e10d603eb21412fe25b4b5f212086b7adb,0ade78b970b7c3835d065593999e409cbfec413b5d3cfbfa97a1dc7ccc5ce939,a44a7e44cab4c8a018a76cd965a18858876a75b33acda51ed962c78a7a291aff,c1583d5b75c371840b81304897e007b0a53172ee3cbeb293c97e5c906d34c571,0.10804983229516052,0.5,0.032728080698046516,1.026484838830303,0.8213972257696467,0.03206915940860762,1.0058184050167274,0.8249377929817996,
wikitext,2,512,512,512,0.5,2,50257,128,4174,1.0,0.9914334936236404,0.9467682558237214,0.0450511689257842,1.0,0.04407518607234906,nan,0.9914142206620808,nan,,0.02990536762170263,0.030163765713018216,226,238,895,346.4452430999954,1837fcd531c33b8c001f02a93f5534be4804a5c860197c13d547e5e15f9c75f0,67405ba0784e8cd911169d1b1b5904e10d603eb21412fe25b4b5f212086b7adb,f40ae41b155c18a3b9fccd8b312e77d543531e22ac25e62f715d5b2cd28e8cbc,60d7fbbd5710c3622e702dbd88b0657c1fc91662538ae0de6946f21668a5d89c,c1583d5b75c371840b81304897e007b0a53172ee3cbeb293c97e5c906d34c571,0.10804983229516052,0.5,0.032728080698046516,1.0943881751279798,0.850555164240304,0.03206915940860762,1.0723546292517303,0.8626173192002652,
wikitext,3,512,512,512,0.5,2,50257,128,4174,1.0,0.9914334936236404,0.9442714854127453,0.04756951274514676,1.0,0.04665538084606269,nan,0.9914142206620808,nan,,0.03114599010340059,0.031415107824896586,223,227,895,346.76977980000083,1837fcd531c33b8c001f02a93f5534be4804a5c860197c13d547e5e15f9c75f0,67405ba0784e8cd911169d1b1b5904e10d603eb21412fe25b4b5f212086b7adb,05a7a731318e4e2770efc73b53a13cec3e952b8a62a216ce9638656ab1e43df5,397669bdbd921494ec267f41f81abf56832eca8eb78dbe52b0aaad0c0c296621,c1583d5b75c371840b81304897e007b0a53172ee3cbeb293c97e5c906d34c571,0.10804983229516052,0.5,0.032728080698046516,1.0507959640837743,0.8346734067829826,0.03206915940860762,1.0296400693040173,0.8390019399666635,
wikitext,4,512,512,512,0.5,2,50257,128,4174,1.0,0.9914334936236404,0.9435346472493575,0.04831271757746958,1.0,0.04719706622932607,nan,0.9914142206620808,nan,,0.032061703051066995,0.03233873301363166,234,232,895,347.115890999994,1837fcd531c33b8c001f02a93f5534be4804a5c860197c13d547e5e15f9c75f0,67405ba0784e8cd911169d1b1b5904e10d603eb21412fe25b4b5f212086b7adb,cca4ae386d5fb074e0c9aa7c7577234a34071ba0aabd26a4a2a6b5e6c9abe2a4,28536ae84cbdc25e7f414b63fc389a3442e13fbf0bfd426b65871a4105d49b79,c1583d5b75c371840b81304897e007b0a53172ee3cbeb293c97e5c906d34c571,0.10804983229516052,0.5,0.032728080698046516,1.0207842249027799,0.8433178550431613,0.03206915940860762,1.0002325627409359,0.8422046036359474,
wikitext,5,512,512,512,0.5,2,50257,128,4174,1.0,0.9914334936236404,0.9467615555345242,0.04505792710900103,1.0,0.04423580192397425,nan,0.9914142206620808,nan,,0.03108000278309679,0.03134855033946948,226,224,895,347.40286000000197,1837fcd531c33b8c001f02a93f5534be4804a5c860197c13d547e5e15f9c75f0,67405ba0784e8cd911169d1b1b5904e10d603eb21412fe25b4b5f212086b7adb,83701aeba3ddfd6dd2ca141e1b6240f69bf6d66f84e1fe0eb492e287795befab,7d3e7103c30907de4059b2a8d919b0f50b9935a24cab13ac2c618453f2e7bba1,c1583d5b75c371840b81304897e007b0a53172ee3cbeb293c97e5c906d34c571,0.10804983229516052,0.5,0.032728080698046516,1.0530269551921034,0.8396116813541472,0.03206915940860762,1.0318261434020461,0.8454329750500718,
wikitext,6,512,512,512,0.5,2,50257,128,4174,1.0,0.9914334936236404,0.9447224888735435,0.04711461237744807,1.0,0.04617053808816618,nan,0.9914142206620808,nan,,0.030970464064776958,0.03123806514906153,228,217,895,347.662906499987,1837fcd531c33b8c001f02a93f5534be4804a5c860197c13d547e5e15f9c75f0,67405ba0784e8cd911169d1b1b5904e10d603eb21412fe25b4b5f212086b7adb,9f4e363ba19213d7046c4a739f6a88afce44e799eb34015dc9962b1b70b62f63,0f969c5e55b1b9637b572985ca2d0561fbb15d0125970e1f39120236a5f71ae4,c1583d5b75c371840b81304897e007b0a53172ee3cbeb293c97e5c906d34c571,0.10804983229516052,0.5,0.032728080698046516,1.0567513818841519,0.8587049678826861,0.03206915940860762,1.0354755854330326,0.8662268007485189,
wikitext,7,512,512,512,0.5,2,50257,128,4174,1.0,0.9914334936236404,0.9445321805366361,0.04730656507839204,1.0,0.04633557341884875,nan,0.9914142206620808,nan,,0.03133836961673123,0.03160914959831652,214,233,895,347.979084599996,1837fcd531c33b8c001f02a93f5534be4804a5c860197c13d547e5e15f9c75f0,67405ba0784e8cd911169d1b1b5904e10d603eb21412fe25b4b5f212086b7adb,d18ee87525d0c7e8c1b5d179c5a07ced5f7725590a8d0d7d2115fc30c1707890,a38ae7d548f1e14ed5258f06d067e10cedb52cb5ccf910d3e1dded48498aee04,c1583d5b75c371840b81304897e007b0a53172ee3cbeb293c97e5c906d34c571,0.10804983229516052,0.5,0.032728080698046516,1.0443453535812957,0.7743599979742241,0.03206915940860762,1.0233193302910764,0.7766336707935392,
wikitext,1,512,512,512,0.8,2,50257,128,6537,1.0,0.9915757552120077,0.971263760740283,0.020484561431599158,1.0,0.02013042051918079,nan,0.9915536462038705,nan,,0.014984197701762122,0.01511150068262648,239,225,895,411.13646039998275,e07750845df37f6619391fd1072cebd6fb558f7966b7098b042a4200ba2b1b6c,67405ba0784e8cd911169d1b1b5904e10d603eb21412fe25b4b5f212086b7adb,0ade78b970b7c3835d065593999e409cbfec413b5d3cfbfa97a1dc7ccc5ce939,a44a7e44cab4c8a018a76cd965a18858876a75b33acda51ed962c78a7a291aff,c1583d5b75c371840b81304897e007b0a53172ee3cbeb293c97e5c906d34c571,0.10922441486920606,0.5,0.015382621842520504,1.0265896211921661,0.8644513699619082,0.015273721448354241,1.0193219385084642,0.8672056926596841,
wikitext,2,512,512,512,0.8,2,50257,128,6537,1.0,0.9915757552120077,0.9716878106173064,0.020056908905007553,1.0,0.019781048820640024,nan,0.9915536462038705,nan,,0.014676679082528147,0.014801369441904258,226,238,895,411.3898389999813,e07750845df37f6619391fd1072cebd6fb558f7966b7098b042a4200ba2b1b6c,67405ba0784e8cd911169d1b1b5904e10d603eb21412fe25b4b5f212086b7adb,f40ae41b155c18a3b9fccd8b312e77d543531e22ac25e62f715d5b2cd28e8cbc,60d7fbbd5710c3622e702dbd88b0657c1fc91662538ae0de6946f21668a5d89c,c1583d5b75c371840b81304897e007b0a53172ee3cbeb293c97e5c906d34c571,0.10922441486920606,0.5,0.015382621842520504,1.0480996249916472,0.9154739556121222,0.015273721448354241,1.0406796634626183,0.9167013146630678,
wikitext,3,512,512,512,0.8,2,50257,128,6537,1.0,0.9915757552120077,0.971139553628726,0.020609823783874437,1.0,0.02030305806231314,nan,0.9915536462038705,nan,,0.014778659668796641,0.014904216436430348,223,227,895,411.59528359997785,e07750845df37f6619391fd1072cebd6fb558f7966b7098b042a4200ba2b1b6c,67405ba0784e8cd911169d1b1b5904e10d603eb21412fe25b4b5f212086b7adb,05a7a731318e4e2770efc73b53a13cec3e952b8a62a216ce9638656ab1e43df5,397669bdbd921494ec267f41f81abf56832eca8eb78dbe52b0aaad0c0c296621,c1583d5b75c371840b81304897e007b0a53172ee3cbeb293c97e5c906d34c571,0.10922441486920606,0.5,0.015382621842520504,1.0408671819541968,0.8713966368834374,0.015273721448354241,1.0334984220932337,0.87181216360927,
wikitext,4,512,512,512,0.8,2,50257,128,6537,1.0,0.9915757552120077,0.9696919536985664,0.02206972225612991,1.0,0.02174966140014778,nan,0.9915536462038705,nan,,0.015253207857719794,0.015382796299268656,234,232,895,411.8072433999914,e07750845df37f6619391fd1072cebd6fb558f7966b7098b042a4200ba2b1b6c,67405ba0784e8cd911169d1b1b5904e10d603eb21412fe25b4b5f212086b7adb,cca4ae386d5fb074e0c9aa7c7577234a34071ba0aabd26a4a2a6b5e6c9abe2a4,28536ae84cbdc25e7f414b63fc389a3442e13fbf0bfd426b65871a4105d49b79,c1583d5b75c371840b81304897e007b0a53172ee3cbeb293c97e5c906d34c571,0.10922441486920606,0.5,0.015382621842520504,1.00848437823754,0.8793016477287702,0.015273721448354241,1.0013448705889145,0.8810955476719325,
wikitext,5,512,512,512,0.8,2,50257,128,6537,1.0,0.9915757552120077,0.9706699428528959,0.021083424286268415,1.0,0.02082834516339327,nan,0.9915536462038705,nan,,0.014958118728662956,0.015085200147380346,226,224,895,412.064861699997,e07750845df37f6619391fd1072cebd6fb558f7966b7098b042a4200ba2b1b6c,67405ba0784e8cd911169d1b1b5904e10d603eb21412fe25b4b5f212086b7adb,83701aeba3ddfd6dd2ca141e1b6240f69bf6d66f84e1fe0eb492e287795befab,7d3e7103c30907de4059b2a8d919b0f50b9935a24cab13ac2c618453f2e7bba1,c1583d5b75c371840b81304897e007b0a53172ee3cbeb293c97e5c906d34c571,0.10922441486920606,0.5,0.015382621842520504,1.0283794454074033,0.8775076099366489,0.015273721448354241,1.0210990917652314,0.8763611528527805,
wikitext,6,512,512,512,0.8,2,50257,128,6537,1.0,0.9915757552120077,0.9705488045210212,0.02120559178707504,1.0,0.02088420125355772,nan,0.9915536462038705,nan,,0.014654368025764083,0.014778868834515674,228,217,895,412.4171814000001,e07750845df37f6619391fd1072cebd6fb558f7966b7098b042a4200ba2b1b6c,67405ba0784e8cd911169d1b1b5904e10d603eb21412fe25b4b5f212086b7adb,9f4e363ba19213d7046c4a739f6a88afce44e799eb34015dc9962b1b70b62f63,0f969c5e55b1b9637b572985ca2d0561fbb15d0125970e1f39120236a5f71ae4,c1583d5b75c371840b81304897e007b0a53172ee3cbeb293c97e5c906d34c571,0.10922441486920606,0.5,0.015382621842520504,1.049695341039345,0.911401877853635,0.015273721448354241,1.0422640827295495,0.910384396311299,
wikitext,7,512,512,512,0.8,2,50257,128,6537,1.0,0.9915757552120077,0.970102581732646,0.021655605601985095,1.0,0.02130094646225844,nan,0.9915536462038705,nan,,0.015028794026331548,0.015156475889346708,214,233,895,412.74968909999006,e07750845df37f6619391fd1072cebd6fb558f7966b7098b042a4200ba2b1b6c,67405ba0784e8cd911169d1b1b5904e10d603eb21412fe25b4b5f212086b7adb,d18ee87525d0c7e8c1b5d179c5a07ced5f7725590a8d0d7d2115fc30c1707890,a38ae7d548f1e14ed5258f06d067e10cedb52cb5ccf910d3e1dded48498aee04,c1583d5b75c371840b81304897e007b0a53172ee3cbeb293c97e5c906d34c571,0.10922441486920606,0.5,0.015382621842520504,1.0235433272669134,0.9143014722010324,0.015273721448354241,1.0162972106473456,0.9116638999845066,
cnn_dailymail,1,512,512,512,0.2,2,50257,128,1704,1.0,0.9919708216272418,0.9402982224938472,0.052090845826120336,1.0,0.05494330487490218,nan,0.9920043704469613,nan,,0.04030110054330703,0.0406273044172777,256,257,1025,478.17220189998625,ba98bd83f5455a14ef87b308de826c1339a822310c45ef40e259807f01fc5158,f0696ab390e98175d24ed9bed71d3dba84eb771f49ebade0eebf768a99ca526c,e42efa16c12cdecfed17d5d3d02ad2560e67569677e20a7cdf275090f437b50e,b0ad3f450ce30718aa36f46a88cb551500b40f4798b4a9d676db9794550b0915,78be79723ba8f24db48bd856cc12fecda9b464176ff5b4793ffc46b67d0b194e,0.09096244131455399,0.5,0.041334853000613826,1.0256507252499454,0.8164534485829057,0.04047644265762154,1.0043508021356908,0.8133254215948106,
cnn_dailymail,2,512,512,512,0.2,2,50257,128,1704,1.0,0.9919708216272418,0.9438925620434803,0.04846741308871705,1.0,0.05097704894440014,nan,0.9920043704469613,nan,,0.03966111224127136,0.039982135942477376,256,257,1025,478.36936819998664,ba98bd83f5455a14ef87b308de826c1339a822310c45ef40e259807f01fc5158,f0696ab390e98175d24ed9bed71d3dba84eb771f49ebade0eebf768a99ca526c,e30cd4047fba179983de21e0a9c4a01adb88007d2d4715586945dd34b47f49b3,d1422027e142b8804ac00164bbfa019ff22183cbd66d4bfacf91cb96f7e09f8a,78be79723ba8f24db48bd856cc12fecda9b464176ff5b4793ffc46b67d0b194e,0.09096244131455399,0.5,0.041334853000613826,1.042201054502974,0.8258834120872744,0.04047644265762154,1.0205574269170834,0.8407215158297492,
cnn_dailymail,3,512,512,512,0.2,2,50257,128,1704,1.0,0.9919708216272418,0.9412643852517206,0.0511168627846752,1.0,0.05311810020567087,nan,0.9920043704469613,nan,,0.039297007666456704,0.03961508424410446,257,257,1025,478.56709459997364,ba98bd83f5455a14ef87b308de826c1339a822310c45ef40e259807f01fc5158,f0696ab390e98175d24ed9bed71d3dba84eb771f49ebade0eebf768a99ca526c,a15a794c0ee7e234ccd572a45385553fa4706aa79e640d47f3d88191634742b9,359b1c2d0eaca44cd10f47493a69113602ba8253c81d38988e4f0a026fbc2e04,78be79723ba8f24db48bd856cc12fecda9b464176ff5b4793ffc46b67d0b194e,0.09096244131455399,0.5,0.041334853000613826,1.0518575193168358,0.778874120155716,0.04047644265762154,1.0300133537183185,0.7959462079391482,
cnn_dailymail,4,512,512,512,0.2,2,50257,128,1704,1.0,0.9919708216272418,0.942385918435312,0.049986251723200925,1.0,0.05221008524192139,nan,0.9920043704469613,nan,,0.0400685748246036,0.04039289659636822,257,257,1025,478.8016929999867,ba98bd83f5455a14ef87b308de826c1339a822310c45ef40e259807f01fc5158,f0696ab390e98175d24ed9bed71d3dba84eb771f49ebade0eebf768a99ca526c,a9fcb17d53d12bcf2a35993f7a5af0a98366e9596746b8e3a5e96e17e7a4302b,6e049ec9110889e1a0978a7b83bc971c26aa162d329e4258dd793fa5f6fe69e2,78be79723ba8f24db48bd856cc12fecda9b464176ff5b4793ffc46b67d0b194e,0.09096244131455399,0.5,0.041334853000613826,1.0316027755305308,0.7950070067017043,0.04047644265762154,1.0101792448272329,0.8178915974866693,
cnn_dailymail,5,512,512,512,0.2,2,50257,128,1704,1.0,0.9919708216272418,0.9424122548570169,0.04995970213007728,1.0,0.05255021050077935,nan,0.9920043704469613,nan,,0.04032012048956749,0.04064647831417646,256,256,1025,479.0421865999815,ba98bd83f5455a14ef87b308de826c1339a822310c45ef40e259807f01fc5158,f0696ab390e98175d24ed9bed71d3dba84eb771f49ebade0eebf768a99ca526c,95d1a9f86943159a219c4ed97e9c7e9cc23a6606c31a8cc02c136c557a66fb9a,a538bfac8ecfbabce3a0ae1ce348ac065e9a01b5a4cbdd8600bae29b45a0fd6c,78be79723ba8f24db48bd856cc12fecda9b464176ff5b4793ffc46b67d0b194e,0.09096244131455399,0.5,0.041334853000613826,1.0251669017534035,0.8341295564495848,0.04047644265762154,1.003877026312322,0.8375573075081011,
cnn_dailymail,6,512,512,512,0.2,2,50257,128,1704,1.0,0.9919708216272418,0.9426779361556592,0.049691870362398305,1.0,0.05187739578813588,nan,0.9920043704469613,nan,,0.03969499534936871,0.04001629330614032,256,257,1025,479.2833520999993,ba98bd83f5455a14ef87b308de826c1339a822310c45ef40e259807f01fc5158,f0696ab390e98175d24ed9bed71d3dba84eb771f49ebade0eebf768a99ca526c,53786e3393ec95ebc5682220bca527d3df2f76f020773e19f2ceb71071630fe1,e40abe26db94ecf231766a6ff808410c1517ec71ff92373aade6460a10d4788a,78be79723ba8f24db48bd856cc12fecda9b464176ff5b4793ffc46b67d0b194e,0.09096244131455399,0.5,0.041334853000613826,1.0413114458589097,0.8764113543641602,0.04047644265762154,1.0196862929791288,0.8617036713537878,
cnn_dailymail,7,512,512,512,0.2,2,50257,128,1704,1.0,0.9919708216272418,0.9414932038911333,0.050886192048778534,1.0,0.05293996321420524,nan,0.9920043704469613,nan,,0.04022653080113956,0.040552131095097574,256,257,1025,479.52544479997596,ba98bd83f5455a14ef87b308de826c1339a822310c45ef40e259807f01fc5158,f0696ab390e98175d24ed9bed71d3dba84eb771f49ebade0eebf768a99ca526c,22e267baf254d7f02a8b4920f29699565ce43b9d75404ea7d870f06df31ae7b0,1d3d19f2dfce3480eff5ba7a2cd2f968a0ff3d970fb32f2780a63ac5b42f9f09,78be79723ba8f24db48bd856cc12fecda9b464176ff5b4793ffc46b67d0b194e,0.09096244131455399,0.5,0.041334853000613826,1.0275520204551885,0.7831522845812083,0.04047644265762154,1.0062126127086977,0.7586546980866563,
cnn_dailymail,1,512,512,512,0.5,2,50257,128,4085,1.0,0.9920541171323763,0.9549352548121981,0.037416166798917905,1.0,0.036593515377132735,nan,0.9920395402144064,nan,,0.026529438142185165,0.02674192635666988,256,257,1025,559.1922945999831,c3a11cc4166d89978a6edbd1646ce70d76bdd6056ce3da2a7618eefe8405176c,f0696ab390e98175d24ed9bed71d3dba84eb771f49ebade0eebf768a99ca526c,e42efa16c12cdecfed17d5d3d02ad2560e67569677e20a7cdf275090f437b50e,b0ad3f450ce30718aa36f46a88cb551500b40f4798b4a9d676db9794550b0915,78be79723ba8f24db48bd856cc12fecda9b464176ff5b4793ffc46b67d0b194e,0.0937576499388005,0.5,0.02777456798796468,1.0469338943066269,0.8862593193437743,0.027391376166503577,1.0324898710518795,0.8951572426916373,
cnn_dailymail,2,512,512,512,0.5,2,50257,128,4085,1.0,0.9920541171323763,0.9579411817641489,0.03438616379803361,1.0,0.0337032356487571,nan,0.9920395402144064,nan,,0.02621728364562515,0.026427271650672265,256,257,1025,559.4437426999793,c3a11cc4166d89978a6edbd1646ce70d76bdd6056ce3da2a7618eefe8405176c,f0696ab390e98175d24ed9bed71d3dba84eb771f49ebade0eebf768a99ca526c,e30cd4047fba179983de21e0a9c4a01adb88007d2d4715586945dd34b47f49b3,d1422027e142b8804ac00164bbfa019ff22183cbd66d4bfacf91cb96f7e09f8a,78be79723ba8f24db48bd856cc12fecda9b464176ff5b4793ffc46b67d0b194e,0.0937576499388005,0.5,0.02777456798796468,1.0593991491791863,0.8764889029227174,0.027391376166503577,1.0447831490381858,0.889347864850285,
cnn_dailymail,3,512,512,512,0.5,2,50257,128,4085,1.0,0.9920541171323763,0.9556825676852598,0.03666286830425325,1.0,0.03591952248132246,nan,0.9920395402144064,nan,,0.026299802062397185,0.02651045100081756,257,257,1025,559.6864424999803,c3a11cc4166d89978a6edbd1646ce70d76bdd6056ce3da2a7618eefe8405176c,f0696ab390e98175d24ed9bed71d3dba84eb771f49ebade0eebf768a99ca526c,a15a794c0ee7e234ccd572a45385553fa4706aa79e640d47f3d88191634742b9,359b1c2d0eaca44cd10f47493a69113602ba8253c81d38988e4f0a026fbc2e04,78be79723ba8f24db48bd856cc12fecda9b464176ff5b4793ffc46b67d0b194e,0.0937576499388005,0.5,0.02777456798796468,1.0560751720514308,0.8497762784532897,0.027391376166503577,1.0415050311601812,0.8746947280243255,
cnn_dailymail,4,512,512,512,0.5,2,50257,128,4085,1.0,0.9920541171323763,0.9564922844676168,0.03584666607458298,1.0,0.0350158415651628,nan,0.9920395402144064,nan,,0.026871702186862374,0.027086931773981745,257,257,1025,559.9552413999918,c3a11cc4166d89978a6edbd1646ce70d76bdd6056ce3da2a7618eefe8405176c,f0696ab390e98175d24ed9bed71d3dba84eb771f49ebade0eebf768a99ca526c,a9fcb17d53d12bcf2a35993f7a5af0a98366e9596746b8e3a5e96e17e7a4302b,6e049ec9110889e1a0978a7b83bc971c26aa162d329e4258dd793fa5f6fe69e2,78be79723ba8f24db48bd856cc12fecda9b464176ff5b4793ffc46b67d0b194e,0.0937576499388005,0.5,0.02777456798796468,1.0335991294791782,0.8723869877982752,0.027391376166503577,1.0193390793045956,0.8850153537799751,
cnn_dailymail,5,512,512,512,0.5,2,50257,128,4085,1.0,0.9920541171323763,0.954878243508219,0.037473634736396866,1.0,0.0366354593549324,nan,0.9920395402144064,nan,,0.02637587049361708,0.026587128704086183,256,256,1025,560.292610399978,c3a11cc4166d89978a6edbd1646ce70d76bdd6056ce3da2a7618eefe8405176c,f0696ab390e98175d24ed9bed71d3dba84eb771f49ebade0eebf768a99ca526c,95d1a9f86943159a219c4ed97e9c7e9cc23a6606c31a8cc02c136c557a66fb9a,a538bfac8ecfbabce3a0ae1ce348ac065e9a01b5a4cbdd8600bae29b45a0fd6c,78be79723ba8f24db48bd856cc12fecda9b464176ff5b4793ffc46b67d0b194e,0.0937576499388005,0.5,0.02777456798796468,1.0530294344099878,0.893890314217897,0.027391376166503577,1.038501314037474,0.8980976458749695,
cnn_dailymail,6,512,512,512,0.5,2,50257,128,4085,1.0,0.9920541171323763,0.9571321869798806,0.03520163824675293,1.0,0.034539392265886204,nan,0.9920395402144064,nan,,0.02638002636628119,0.02659131786331887,256,257,1025,560.7034147999948,c3a11cc4166d89978a6edbd1646ce70d76bdd6056ce3da2a7618eefe8405176c,f0696ab390e98175d24ed9bed71d3dba84eb771f49ebade0eebf768a99ca526c,53786e3393ec95ebc5682220bca527d3df2f76f020773e19f2ceb71071630fe1,e40abe26db94ecf231766a6ff808410c1517ec71ff92373aade6460a10d4788a,78be79723ba8f24db48bd856cc12fecda9b464176ff5b4793ffc46b67d0b194e,0.0937576499388005,0.5,0.02777456798796468,1.0528635416174559,0.8836047800192098,0.027391376166503577,1.0383377099848197,0.8793907318951891,
cnn_dailymail,7,512,512,512,0.5,2,50257,128,4085,1.0,0.9920541171323763,0.9572043702290498,0.03512887684400012,1.0,0.034541037920631124,nan,0.9920395402144064,nan,,0.026911043599710985,0.027126588292884495,256,257,1025,560.9882064999838,c3a11cc4166d89978a6edbd1646ce70d76bdd6056ce3da2a7618eefe8405176c,f0696ab390e98175d24ed9bed71d3dba84eb771f49ebade0eebf768a99ca526c,22e267baf254d7f02a8b4920f29699565ce43b9d75404ea7d870f06df31ae7b0,1d3d19f2dfce3480eff5ba7a2cd2f968a0ff3d970fb32f2780a63ac5b42f9f09,78be79723ba8f24db48bd856cc12fecda9b464176ff5b4793ffc46b67d0b194e,0.0937576499388005,0.5,0.02777456798796468,1.0320881048352568,0.8733112721973717,0.027391376166503577,1.0178489015118592,0.8431931980115289,
cnn_dailymail,1,512,512,512,0.8,2,50257,128,6559,1.0,0.9920336129756442,0.977870089517461,0.014277261650136097,1.0,0.013980227067486029,nan,0.9920445455512393,nan,,0.011437710654337636,0.011529559588237911,256,257,1025,610.018043899996,0b1922c6696e2113a8039d1a0a55d5768bbacf4bcd8015505ec4dfec166701ba,f0696ab390e98175d24ed9bed71d3dba84eb771f49ebade0eebf768a99ca526c,e42efa16c12cdecfed17d5d3d02ad2560e67569677e20a7cdf275090f437b50e,b0ad3f450ce30718aa36f46a88cb551500b40f4798b4a9d676db9794550b0915,78be79723ba8f24db48bd856cc12fecda9b464176ff5b4793ffc46b67d0b194e,0.0946790669309346,0.5,0.011971759944781765,1.0466919741706875,0.9107866520606239,0.011921797160198512,1.042323723732012,0.9125870710842656,
cnn_dailymail,2,512,512,512,0.8,2,50257,128,6559,1.0,0.9920336129756442,0.9785652082844514,0.013576560829218098,1.0,0.013289691036029061,nan,0.9920445455512393,nan,,0.011323187129748185,0.01141411639851984,256,257,1025,610.1994082999881,0b1922c6696e2113a8039d1a0a55d5768bbacf4bcd8015505ec4dfec166701ba,f0696ab390e98175d24ed9bed71d3dba84eb771f49ebade0eebf768a99ca526c,e30cd4047fba179983de21e0a9c4a01adb88007d2d4715586945dd34b47f49b3,d1422027e142b8804ac00164bbfa019ff22183cbd66d4bfacf91cb96f7e09f8a,78be79723ba8f24db48bd856cc12fecda9b464176ff5b4793ffc46b67d0b194e,0.0946790669309346,0.5,0.011971759944781765,1.0572782916683992,0.9107382050773842,0.011921797160198512,1.0528658604323216,0.9125150065301081,
cnn_dailymail,3,512,512,512,0.8,2,50257,128,6559,1.0,0.9920336129756442,0.9781334503239244,0.014011785961592249,1.0,0.013747687316128188,nan,0.9920445455512393,nan,,0.011505211317403487,0.011597602305927063,257,257,1025,610.3899546999892,0b1922c6696e2113a8039d1a0a55d5768bbacf4bcd8015505ec4dfec166701ba,f0696ab390e98175d24ed9bed71d3dba84eb771f49ebade0eebf768a99ca526c,a15a794c0ee7e234ccd572a45385553fa4706aa79e640d47f3d88191634742b9,359b1c2d0eaca44cd10f47493a69113602ba8253c81d38988e4f0a026fbc2e04,78be79723ba8f24db48bd856cc12fecda9b464176ff5b4793ffc46b67d0b194e,0.0946790669309346,0.5,0.011971759944781765,1.0405510698158624,0.860758600355597,0.011921797160198512,1.0362084477461855,0.8626223276741367,
cnn_dailymail,4,512,512,512,0.8,2,50257,128,6559,1.0,0.9920336129756442,0.9784346540586801,0.013708163452419209,1.0,0.013459489379017642,nan,0.9920445455512393,nan,,0.01162611055979704,0.011719472412758334,257,257,1025,610.577149299992,0b1922c6696e2113a8039d1a0a55d5768bbacf4bcd8015505ec4dfec166701ba,f0696ab390e98175d24ed9bed71d3dba84eb771f49ebade0eebf768a99ca526c,a9fcb17d53d12bcf2a35993f7a5af0a98366e9596746b8e3a5e96e17e7a4302b,6e049ec9110889e1a0978a7b83bc971c26aa162d329e4258dd793fa5f6fe69e2,78be79723ba8f24db48bd856cc12fecda9b464176ff5b4793ffc46b67d0b194e,0.0946790669309346,0.5,0.011971759944781765,1.0297304402196188,0.8647153997645085,0.011921797160198512,1.0254329768223565,0.8703891694249494,
cnn_dailymail,5,512,512,512,0.8,2,50257,128,6559,1.0,0.9920336129756442,0.9779059814412625,0.014241081501266128,1.0,0.013972349797926054,nan,0.9920445455512393,nan,,0.011579245089237456,0.011672230595599528,256,256,1025,610.7581774999853,0b1922c6696e2113a8039d1a0a55d5768bbacf4bcd8015505ec4dfec166701ba,f0696ab390e98175d24ed9bed71d3dba84eb771f49ebade0eebf768a99ca526c,95d1a9f86943159a219c4ed97e9c7e9cc23a6606c31a8cc02c136c557a66fb9a,a538bfac8ecfbabce3a0ae1ce348ac065e9a01b5a4cbdd8600bae29b45a0fd6c,78be79723ba8f24db48bd856cc12fecda9b464176ff5b4793ffc46b67d0b194e,0.0946790669309346,0.5,0.011971759944781765,1.0338981386540596,0.8763722049398096,0.011921797160198512,1.0295832818392838,0.8794528896527319,
cnn_dailymail,6,512,512,512,0.8,2,50257,128,6559,1.0,0.9920336129756442,0.9784210959415718,0.013721830446088545,1.0,0.013457392155318049,nan,0.9920445455512393,nan,,0.011497973437740838,0.011590306303485232,256,257,1025,610.9488127999939,0b1922c6696e2113a8039d1a0a55d5768bbacf4bcd8015505ec4dfec166701ba,f0696ab390e98175d24ed9bed71d3dba84eb771f49ebade0eebf768a99ca526c,53786e3393ec95ebc5682220bca527d3df2f76f020773e19f2ceb71071630fe1,e40abe26db94ecf231766a6ff808410c1517ec71ff92373aade6460a10d4788a,78be79723ba8f24db48bd856cc12fecda9b464176ff5b4793ffc46b67d0b194e,0.0946790669309346,0.5,0.011971759944781765,1.041206088151654,0.8987091021882991,0.011921797160198512,1.0368607324371197,0.8974532787289013,
cnn_dailymail,7,512,512,512,0.8,2,50257,128,6559,1.0,0.9920336129756442,0.9789025138572127,0.013236546571284258,1.0,0.012974090832992502,nan,0.9920445455512393,nan,,0.011510458911873097,0.011602892040469293,256,257,1025,611.1494808999996,0b1922c6696e2113a8039d1a0a55d5768bbacf4bcd8015505ec4dfec166701ba,f0696ab390e98175d24ed9bed71d3dba84eb771f49ebade0eebf768a99ca526c,22e267baf254d7f02a8b4920f29699565ce43b9d75404ea7d870f06df31ae7b0,1d3d19f2dfce3480eff5ba7a2cd2f968a0ff3d970fb32f2780a63ac5b42f9f09,78be79723ba8f24db48bd856cc12fecda9b464176ff5b4793ffc46b67d0b194e,0.0946790669309346,0.5,0.011971759944781765,1.0400766847299923,0.898901254683768,0.011921797160198512,1.0357360424527573,0.8954062046386684,
