corpus,n,m,reference_target_ratio,method,stage,bank,pairs,predicted_mean,observed_mean,ratio,lower,upper,origin
tinystories,512,2048,4.0,multinomial,earlier_matched,nested,3,0.03261638235095449,0.036436065392682786,0.8951675215047951,,,lag_disagreement_matched_v1
tinystories,512,2048,4.0,source_same_lag,earlier_matched,nested,3,0.0358579314473616,0.036436065392682786,0.9841329205255711,,,lag_disagreement_matched_v1
tinystories,512,2048,4.0,source_full,earlier_matched,nested,3,0.03678544694114366,0.036436065392682786,1.009588893441031,,,lag_disagreement_matched_v1
tinystories,1024,2048,2.0,multinomial,earlier_matched,nested,3,0.025635771129402962,0.028652568208394073,0.8947111108138883,,,lag_disagreement_matched_v1
tinystories,1024,2048,2.0,source_same_lag,earlier_matched,nested,3,0.02637038487370808,0.028652568208394073,0.9203497809310719,,,lag_disagreement_matched_v1
tinystories,1024,2048,2.0,source_full,earlier_matched,nested,3,0.02690846496100405,0.028652568208394073,0.9391292524040107,,,lag_disagreement_matched_v1
tinystories,2048,2048,1.0,multinomial,earlier_matched,nested,3,0.01916689077374588,0.022264333328243024,0.8608787198416609,,,lag_disagreement_matched_v1
tinystories,2048,2048,1.0,source_same_lag,earlier_matched,nested,3,0.018026936889510146,0.022264333328243024,0.8096778207431163,,,lag_disagreement_matched_v1
tinystories,2048,2048,1.0,source_full,earlier_matched,nested,3,0.01833386138079845,0.022264333328243024,0.8234632993722457,,,lag_disagreement_matched_v1
wikitext,512,2048,4.0,multinomial,earlier_matched,nested,3,0.031365980054906054,0.032416636792385475,0.9675889653757599,,,lag_disagreement_matched_v1
wikitext,512,2048,4.0,source_same_lag,earlier_matched,nested,3,0.03421677023843109,0.032416636792385475,1.0555311600513861,,,lag_disagreement_matched_v1
wikitext,512,2048,4.0,source_full,earlier_matched,nested,3,0.03487009206759559,0.032416636792385475,1.0756850653855128,,,lag_disagreement_matched_v1
wikitext,1024,2048,2.0,multinomial,earlier_matched,nested,3,0.030247805812161577,0.03282050783538046,0.9216129733237853,,,lag_disagreement_matched_v1
wikitext,1024,2048,2.0,source_same_lag,earlier_matched,nested,3,0.03078529283161883,0.03282050783538046,0.9379895334353215,,,lag_disagreement_matched_v1
wikitext,1024,2048,2.0,source_full,earlier_matched,nested,3,0.03133496963690816,0.03282050783538046,0.9547375011403423,,,lag_disagreement_matched_v1
wikitext,2048,2048,1.0,multinomial,earlier_matched,nested,3,0.027397670208546554,0.03081378037829158,0.8891369339364901,,,lag_disagreement_matched_v1
wikitext,2048,2048,1.0,source_same_lag,earlier_matched,nested,3,0.025259667722172453,0.03081378037829158,0.8197523125065167,,,lag_disagreement_matched_v1
wikitext,2048,2048,1.0,source_full,earlier_matched,nested,3,0.025689635937432335,0.03081378037829158,0.8337060763738933,,,lag_disagreement_matched_v1
cnn_dailymail,512,2048,4.0,multinomial,earlier_matched,nested,3,0.028124305833750605,0.027979386207846513,1.0051795141189857,,,lag_disagreement_matched_v1
cnn_dailymail,512,2048,4.0,source_same_lag,earlier_matched,nested,3,0.02877673838032158,0.027979386207846513,1.028497843610717,,,lag_disagreement_matched_v1
cnn_dailymail,512,2048,4.0,source_full,earlier_matched,nested,3,0.02917027411086,0.027979386207846513,1.0425630460284907,,,lag_disagreement_matched_v1
cnn_dailymail,1024,2048,2.0,multinomial,earlier_matched,nested,3,0.026456227934415488,0.027228233449920442,0.971646874670556,,,lag_disagreement_matched_v1
cnn_dailymail,1024,2048,2.0,source_same_lag,earlier_matched,nested,3,0.025824039991498817,0.027228233449920442,0.9484287711502001,,,lag_disagreement_matched_v1
cnn_dailymail,1024,2048,2.0,source_full,earlier_matched,nested,3,0.02616279354311919,0.027228233449920442,0.960870031882132,,,lag_disagreement_matched_v1
cnn_dailymail,2048,2048,1.0,multinomial,earlier_matched,nested,3,0.0234630823701002,0.024803634901309716,0.9459533839881376,,,lag_disagreement_matched_v1
cnn_dailymail,2048,2048,1.0,source_same_lag,earlier_matched,nested,3,0.0212191362724842,0.024803634901309716,0.8554849463359807,,,lag_disagreement_matched_v1
cnn_dailymail,2048,2048,1.0,source_full,earlier_matched,nested,3,0.021484902191722118,0.024803634901309716,0.8661997435943407,,,lag_disagreement_matched_v1
tinystories,4096,2048,0.5,multinomial,earlier_matched,nested,3,0.01365548501128633,0.016436938303906617,0.8307803289643539,,,lag_reference_sensitivity_v1
tinystories,4096,2048,0.5,source_same_lag,earlier_matched,nested,3,0.011409077558327558,0.016436938303906617,0.6941120875057326,,,lag_reference_sensitivity_v1
tinystories,4096,2048,0.5,source_full,earlier_matched,nested,3,0.01158062941464942,0.016436938303906617,0.704549058987282,,,lag_reference_sensitivity_v1
tinystories,4096,4096,1.0,multinomial,earlier_matched,nested,3,0.013952963571631397,0.016436938303906617,0.8488785024103397,,,lag_reference_sensitivity_v1
tinystories,4096,4096,1.0,source_same_lag,earlier_matched,nested,3,0.013296645027613086,0.016436938303906617,0.8089490136038798,,,lag_reference_sensitivity_v1
tinystories,4096,4096,1.0,source_full,earlier_matched,nested,3,0.013462579076231537,0.016436938303906617,0.8190442056372412,,,lag_reference_sensitivity_v1
tinystories,4096,8192,2.0,multinomial,earlier_matched,nested,3,0.01402457527265075,0.016436938303906617,0.8532352566729223,,,lag_reference_sensitivity_v1
tinystories,4096,8192,2.0,source_same_lag,earlier_matched,nested,3,0.015085247161042934,0.016436938303906617,0.9177650291147943,,,lag_reference_sensitivity_v1
tinystories,4096,8192,2.0,source_full,earlier_matched,nested,3,0.015256460043354866,0.016436938303906617,0.9281813778986332,,,lag_reference_sensitivity_v1
tinystories,8192,2048,0.25,multinomial,earlier_matched,nested,3,0.009261038614341808,0.011298965032186503,0.8196360098434318,,,lag_reference_sensitivity_v1
tinystories,8192,2048,0.25,source_same_lag,earlier_matched,nested,3,0.006663561130771086,0.011298965032186503,0.5897496905060867,,,lag_reference_sensitivity_v1
tinystories,8192,2048,0.25,source_full,earlier_matched,nested,3,0.006755698801274256,0.011298965032186503,0.5979042135301605,,,lag_reference_sensitivity_v1
tinystories,8192,4096,0.5,multinomial,earlier_matched,nested,3,0.009405883101665749,0.011298965032186503,0.8324552801846828,,,lag_reference_sensitivity_v1
tinystories,8192,4096,0.5,source_same_lag,earlier_matched,nested,3,0.008160528137766005,0.011298965032186503,0.7222367813795094,,,lag_reference_sensitivity_v1
tinystories,8192,4096,0.5,source_full,earlier_matched,nested,3,0.008253099806696536,0.011298965032186503,0.7304297148620743,,,lag_reference_sensitivity_v1
tinystories,8192,8192,1.0,multinomial,earlier_matched,nested,3,0.009448141713489676,0.011298965032186503,0.8361953228968735,,,lag_reference_sensitivity_v1
tinystories,8192,8192,1.0,source_same_lag,earlier_matched,nested,3,0.009555179765160859,0.011298965032186503,0.8456685845067884,,,lag_reference_sensitivity_v1
tinystories,8192,8192,1.0,source_full,earlier_matched,nested,3,0.009652052717874006,0.011298965032186503,0.854242197438344,,,lag_reference_sensitivity_v1
wikitext,4096,2048,0.5,multinomial,earlier_matched,nested,3,0.023020255564557134,0.02805283561375567,0.820603516931785,,,lag_reference_sensitivity_v1
wikitext,4096,2048,0.5,source_same_lag,earlier_matched,nested,3,0.01853184384698327,0.02805283561375567,0.6606050134160486,,,lag_reference_sensitivity_v1
wikitext,4096,2048,0.5,source_full,earlier_matched,nested,3,0.01882976564136145,0.02805283561375567,0.6712250376617293,,,lag_reference_sensitivity_v1
wikitext,4096,4096,1.0,multinomial,earlier_matched,nested,3,0.02449544662179827,0.02805283561375567,0.8731896824642911,,,lag_reference_sensitivity_v1
wikitext,4096,4096,1.0,source_same_lag,earlier_matched,nested,3,0.02296752463301857,0.02805283561375567,0.8187238163459125,,,lag_reference_sensitivity_v1
wikitext,4096,4096,1.0,source_full,earlier_matched,nested,3,0.023422016940238922,0.02805283561375567,0.8349251128379325,,,lag_reference_sensitivity_v1
wikitext,4096,8192,2.0,multinomial,earlier_matched,nested,3,0.025226848072415438,0.02805283561375567,0.8992619648063488,,,lag_reference_sensitivity_v1
wikitext,4096,8192,2.0,source_same_lag,earlier_matched,nested,3,0.0260706404876425,0.02805283561375567,0.9293406501430036,,,lag_reference_sensitivity_v1
wikitext,4096,8192,2.0,source_full,earlier_matched,nested,3,0.02657396144300593,0.02805283561375567,0.9472825424455639,,,lag_reference_sensitivity_v1
wikitext,8192,2048,0.25,multinomial,earlier_matched,nested,3,0.01768335354327908,0.02419304390313462,0.7309271877520093,,,lag_reference_sensitivity_v1
wikitext,8192,2048,0.25,source_same_lag,earlier_matched,nested,3,0.011970415262675208,0.02419304390313462,0.4947874815010044,,,lag_reference_sensitivity_v1
wikitext,8192,2048,0.25,source_full,earlier_matched,nested,3,0.012147208928163119,0.02419304390313462,0.5020951053864389,,,lag_reference_sensitivity_v1
wikitext,8192,4096,0.5,multinomial,earlier_matched,nested,3,0.01961219056314312,0.02419304390313462,0.8106541137058834,,,lag_reference_sensitivity_v1
wikitext,8192,4096,0.5,source_same_lag,earlier_matched,nested,3,0.016294968031940443,0.02419304390313462,0.6735393899661032,,,lag_reference_sensitivity_v1
wikitext,8192,4096,0.5,source_full,earlier_matched,nested,3,0.016599912996240307,0.02419304390313462,0.686144044656138,,,lag_reference_sensitivity_v1
wikitext,8192,8192,1.0,multinomial,earlier_matched,nested,3,0.020492743586973818,0.02419304390313462,0.8470510643069032,,,lag_reference_sensitivity_v1
wikitext,8192,8192,1.0,source_same_lag,earlier_matched,nested,3,0.019652408013933382,0.02419304390313462,0.812316469668667,,,lag_reference_sensitivity_v1
wikitext,8192,8192,1.0,source_full,earlier_matched,nested,3,0.020021334866364322,0.02419304390313462,0.8275657642141598,,,lag_reference_sensitivity_v1
cnn_dailymail,4096,2048,0.5,multinomial,earlier_matched,nested,3,0.019453415398821266,0.021693390417667945,0.8967438940746507,,,lag_reference_sensitivity_v1
cnn_dailymail,4096,2048,0.5,source_same_lag,earlier_matched,nested,3,0.01563142929645578,0.021693390417667945,0.720561839136262,,,lag_reference_sensitivity_v1
cnn_dailymail,4096,2048,0.5,source_full,earlier_matched,nested,3,0.01581518919958698,0.021693390417667945,0.7290326175435662,,,lag_reference_sensitivity_v1
cnn_dailymail,4096,4096,1.0,multinomial,earlier_matched,nested,3,0.020028058919851807,0.021693390417667945,0.9232332306867153,,,lag_reference_sensitivity_v1
cnn_dailymail,4096,4096,1.0,source_same_lag,earlier_matched,nested,3,0.018419629461805906,0.021693390417667945,0.8490894741286839,,,lag_reference_sensitivity_v1
cnn_dailymail,4096,4096,1.0,source_full,earlier_matched,nested,3,0.01864747834749631,0.021693390417667945,0.859592621921794,,,lag_reference_sensitivity_v1
cnn_dailymail,4096,8192,2.0,multinomial,earlier_matched,nested,3,0.0205800973745407,0.021693390417667945,0.948680541782877,,,lag_reference_sensitivity_v1
cnn_dailymail,4096,8192,2.0,source_same_lag,earlier_matched,nested,3,0.020408472283252224,0.021693390417667945,0.940769141675096,,,lag_reference_sensitivity_v1
cnn_dailymail,4096,8192,2.0,source_full,earlier_matched,nested,3,0.020664264208925302,0.021693390417667945,0.9525603795013765,,,lag_reference_sensitivity_v1
cnn_dailymail,8192,2048,0.25,multinomial,earlier_matched,nested,3,0.014899412423538297,0.01786437218838827,0.8340294451110251,,,lag_reference_sensitivity_v1
cnn_dailymail,8192,2048,0.25,source_same_lag,earlier_matched,nested,3,0.010135719457913,0.01786437218838827,0.5673705938852502,,,lag_reference_sensitivity_v1
cnn_dailymail,8192,2048,0.25,source_full,earlier_matched,nested,3,0.010245245389657757,0.01786437218838827,0.5735015639853889,,,lag_reference_sensitivity_v1
cnn_dailymail,8192,4096,0.5,multinomial,earlier_matched,nested,3,0.015811782970508777,0.01786437218838827,0.8851015195925181,,,lag_reference_sensitivity_v1
cnn_dailymail,8192,4096,0.5,source_same_lag,earlier_matched,nested,3,0.01311343666243474,0.01786437218838827,0.7340552762866411,,,lag_reference_sensitivity_v1
cnn_dailymail,8192,4096,0.5,source_full,earlier_matched,nested,3,0.013257761402951842,0.01786437218838827,0.74213419106714,,,lag_reference_sensitivity_v1
cnn_dailymail,8192,8192,1.0,multinomial,earlier_matched,nested,3,0.016628189573903027,0.01786437218838827,0.9308017879694225,,,lag_reference_sensitivity_v1
cnn_dailymail,8192,8192,1.0,source_same_lag,earlier_matched,nested,3,0.015525358267299047,0.01786437218838827,0.8690682271717577,,,lag_reference_sensitivity_v1
cnn_dailymail,8192,8192,1.0,source_full,earlier_matched,nested,3,0.0157111375175956,0.01786437218838827,0.8794676550574634,,,lag_reference_sensitivity_v1
tinystories,512,2048,4.0,source_full,earlier_prospective,original,7,0.03787504770138481,0.03785577061527294,1.0005092245065563,0.9703689764702473,1.0325818418147623,reproducibility_followup_v1
tinystories,2048,2048,1.0,source_full,earlier_prospective,original,7,0.018885847116447682,0.02289322496820919,0.8249535459802463,0.8080898330945483,0.8425361047306794,reproducibility_followup_v1
tinystories,512,6144,12.0,source_full,earlier_prospective,pooled,7,0.04077709243873605,0.03785577061527294,1.0771697888058445,1.0447201483461688,1.1116998596598835,reproducibility_followup_v1
tinystories,2048,6144,3.0,source_full,earlier_prospective,pooled,7,0.02242557869377594,0.02289322496820919,0.979572721838769,0.9595482814175549,1.0004507397780533,reproducibility_followup_v1
wikitext,512,2048,4.0,source_full,earlier_prospective,original,7,0.03448946910452977,0.03208637551169181,1.074894516894322,1.0555865452825388,1.0949219818493687,reproducibility_followup_v1
wikitext,2048,2048,1.0,source_full,earlier_prospective,original,7,0.025416575500597022,0.03034391162505485,0.8376169761716105,0.8297091964244245,0.8456769410556458,reproducibility_followup_v1
wikitext,512,6144,12.0,source_full,earlier_prospective,pooled,7,0.03744243739199152,0.03208637551169181,1.1669263603284838,1.1459652514158045,1.1886685651860576,reproducibility_followup_v1
wikitext,2048,6144,3.0,source_full,earlier_prospective,pooled,7,0.03095191008165847,0.03034391162505485,1.0200369175904664,1.0104069464846142,1.0298522173874878,reproducibility_followup_v1
cnn_dailymail,512,2048,4.0,source_full,earlier_prospective,original,7,0.028228417743827013,0.02709579718257579,1.0418005993187596,1.0271014323483514,1.0569266035593181,reproducibility_followup_v1
cnn_dailymail,2048,2048,1.0,source_full,earlier_prospective,original,7,0.020795525714754595,0.02393884708885069,0.8686937026486932,0.8588438936866566,0.8787720614636302,reproducibility_followup_v1
cnn_dailymail,512,6144,12.0,source_full,earlier_prospective,pooled,7,0.029578961827768785,0.02709579718257579,1.0916439043465316,1.0762414789373786,1.1074935883811952,reproducibility_followup_v1
cnn_dailymail,2048,6144,3.0,source_full,earlier_prospective,pooled,7,0.0238255266470959,0.02393884708885069,0.9952662531602214,0.9839812830607495,1.0068130738464571,reproducibility_followup_v1
tinystories,4096,2048,0.5,source_full,earlier_prospective,original,7,0.011932141298224782,0.016889594527599867,0.7064788487802984,0.6949925625104302,0.7183511878981347,size_4096_v1
tinystories,4096,6144,1.5,source_full,earlier_prospective,pooled,7,0.015043651975781988,0.016889594527599867,0.8907053364246631,0.8762238038296872,0.9056735917749213,size_4096_v1
wikitext,4096,2048,0.5,source_full,earlier_prospective,original,5,0.01863329869530279,0.027607129247826066,0.6749451755028124,0.6660571262238544,0.6840736421195808,size_4096_v1
wikitext,4096,6144,1.5,source_full,earlier_prospective,pooled,5,0.024996854355999285,0.027607129247826066,0.9054492457946409,0.8935257921449087,0.9176952229693901,size_4096_v1
cnn_dailymail,4096,2048,0.5,source_full,earlier_prospective,original,4,0.01530939782172782,0.020894539511366973,0.7326985030418716,0.7195855175011746,0.74629827435841,size_4096_v1
cnn_dailymail,4096,6144,1.5,source_full,earlier_prospective,pooled,4,0.019201074471027466,0.020894539511366973,0.9189517893218832,0.9025054591110968,0.9360086471342256,size_4096_v1
tinystories,512,512,1.0,multinomial,new_known,nested,3,0.03177022551326668,0.03643606539268278,0.8719444641145827,,,reference_ratio_v1
tinystories,512,512,1.0,source_same_lag,new_known,nested,3,0.029329740135189367,0.03643606539268278,0.804964526742766,,,reference_ratio_v1
tinystories,512,512,1.0,source_full,new_known,nested,3,0.030198658009507967,0.03643606539268278,0.8288122683952743,,,reference_ratio_v1
tinystories,512,1024,2.0,multinomial,new_known,nested,3,0.032407285989240815,0.03643606539268278,0.8894288019295564,,,reference_ratio_v1
tinystories,512,1024,2.0,source_same_lag,new_known,nested,3,0.033281865952430996,0.03643606539268278,0.9134319415047153,,,reference_ratio_v1
tinystories,512,1024,2.0,source_full,new_known,nested,3,0.03422380851105634,0.03643606539268278,0.9392838700396362,,,reference_ratio_v1
tinystories,512,4096,8.0,multinomial,new_known,nested,3,0.03283527288050315,0.03643606539268278,0.9011750452917248,,,reference_ratio_v1
tinystories,512,4096,8.0,source_same_lag,new_known,nested,3,0.03774232857012331,0.03643606539268278,1.035850829757893,,,reference_ratio_v1
tinystories,512,4096,8.0,source_full,new_known,nested,3,0.03864227572392269,0.03643606539268278,1.06055018036286,,,reference_ratio_v1
tinystories,512,8192,16.0,multinomial,new_known,nested,3,0.03279874436084644,0.03643606539268278,0.9001725078535292,,,reference_ratio_v1
tinystories,512,8192,16.0,source_same_lag,new_known,nested,3,0.039014683198853956,0.03643606539268278,1.070771028056422,,,reference_ratio_v1
tinystories,512,8192,16.0,source_full,new_known,nested,3,0.03995114765317266,0.03643606539268278,1.0964726081866072,,,reference_ratio_v1
tinystories,1024,1024,1.0,multinomial,new_known,nested,3,0.025275289548099066,0.028652568208394073,0.8821299844491567,,,reference_ratio_v1
tinystories,1024,1024,1.0,source_same_lag,new_known,nested,3,0.023507393697650383,0.028652568208394073,0.8204288539399984,,,reference_ratio_v1
tinystories,1024,1024,1.0,source_full,new_known,nested,3,0.024059896119933026,0.028652568208394073,0.839711677673781,,,reference_ratio_v1
tinystories,1024,4096,4.0,multinomial,new_known,nested,3,0.026022563493438653,0.028652568208394073,0.9082105067920253,,,reference_ratio_v1
tinystories,1024,4096,4.0,source_same_lag,new_known,nested,3,0.02853991016072137,0.028652568208394073,0.9960681343866516,,,reference_ratio_v1
tinystories,1024,4096,4.0,source_full,new_known,nested,3,0.029059457225788482,0.028652568208394073,1.0142007869743142,,,reference_ratio_v1
tinystories,1024,8192,8.0,multinomial,new_known,nested,3,0.02604311598801337,0.028652568208394073,0.9089278070502512,,,reference_ratio_v1
tinystories,1024,8192,8.0,source_same_lag,new_known,nested,3,0.030287893252602262,0.028652568208394073,1.0570742919906602,,,reference_ratio_v1
tinystories,1024,8192,8.0,source_full,new_known,nested,3,0.03082938645770048,0.028652568208394073,1.0759728842969365,,,reference_ratio_v1
tinystories,2048,4096,2.0,multinomial,new_known,nested,3,0.019581941284303548,0.022264333328243024,0.8795206663324262,,,reference_ratio_v1
tinystories,2048,4096,2.0,source_same_lag,new_known,nested,3,0.020183321208952505,0.022264333328243024,0.9065315772715867,,,reference_ratio_v1
tinystories,2048,4096,2.0,source_full,new_known,nested,3,0.02047780963236569,0.022264333328243024,0.9197584913260767,,,reference_ratio_v1
tinystories,2048,6144,3.0,multinomial,new_known,nested,3,0.019653987683212595,0.022264333328243024,0.8827566221478044,,,reference_ratio_v1
tinystories,2048,6144,3.0,source_same_lag,new_known,nested,3,0.02148213822206406,0.022264333328243024,0.9648677957409699,,,reference_ratio_v1
tinystories,2048,6144,3.0,source_full,new_known,nested,3,0.021786105746429998,0.022264333328243024,0.9785204625369861,,,reference_ratio_v1
tinystories,2048,8192,4.0,multinomial,new_known,nested,3,0.019649938103676864,0.022264333328243024,0.8825747357433912,,,reference_ratio_v1
tinystories,2048,8192,4.0,source_same_lag,new_known,nested,3,0.02213318208288182,0.022264333328243024,0.9941093567264,,,reference_ratio_v1
tinystories,2048,8192,4.0,source_full,new_known,nested,3,0.02243840469722928,0.022264333328243024,1.0078183957462332,,,reference_ratio_v1
tinystories,2048,2048,1.0,multinomial,fresh_nested,nested,3,0.01916689077374588,0.02174558498752019,0.881415275088979,0.8279083489854039,0.9423162762974246,reference_ratio_v1
tinystories,2048,2048,1.0,source_same_lag,fresh_nested,nested,3,0.018026936889510146,0.02174558498752019,0.8289929610932896,0.7786683679494679,0.8862718655464019,reference_ratio_v1
tinystories,2048,2048,1.0,source_full,fresh_nested,nested,3,0.018333861380798448,0.02174558498752019,0.8431072970131761,0.7919258833099534,0.9013614253059554,reference_ratio_v1
tinystories,2048,4096,2.0,multinomial,fresh_nested,nested,3,0.019581941284303548,0.02174558498752019,0.9005019315664141,0.8458363367324846,0.9627217169190081,reference_ratio_v1
tinystories,2048,4096,2.0,source_same_lag,fresh_nested,nested,3,0.020183321208952505,0.02174558498752019,0.928157196991285,0.8718127700729966,0.9922878107588844,reference_ratio_v1
tinystories,2048,4096,2.0,source_full,fresh_nested,nested,3,0.02047780963236569,0.02174558498752019,0.9416996435882468,0.884533113048879,1.0067659667539883,reference_ratio_v1
tinystories,2048,6144,3.0,multinomial,fresh_nested,nested,3,0.019653987683212595,0.02174558498752019,0.9038150822105746,0.848948360266987,0.9662637882513916,reference_ratio_v1
tinystories,2048,6144,3.0,source_same_lag,fresh_nested,nested,3,0.02148213822206406,0.02174558498752019,0.9878850458331049,0.9279147983911341,1.0561425290767597,reference_ratio_v1
tinystories,2048,6144,3.0,source_full,fresh_nested,nested,3,0.021786105746429998,0.02174558498752019,1.0018634016483374,0.9410445884136085,1.071086713246067,reference_ratio_v1
tinystories,2048,8192,4.0,multinomial,fresh_nested,nested,3,0.019649938103676864,0.02174558498752019,0.9036288568439976,0.8487734398405553,0.9660646957249237,reference_ratio_v1
tinystories,2048,8192,4.0,source_same_lag,fresh_nested,nested,3,0.02213318208288182,0.02174558498752019,1.0178241742212994,0.956036451208451,1.0881502883880625,reference_ratio_v1
tinystories,2048,8192,4.0,source_full,fresh_nested,nested,3,0.02243840469722928,0.02174558498752019,1.03186024703896,0.9692204544826569,1.1031561774907244,reference_ratio_v1
tinystories,4096,4096,1.0,multinomial,fresh_nested,nested,3,0.013952963571631397,0.015922877274756733,0.8762840616596141,0.8512599569842313,0.9028239703588834,reference_ratio_v1
tinystories,4096,4096,1.0,source_same_lag,fresh_nested,nested,3,0.013296645027613086,0.015922877274756733,0.8350654720358153,0.8112184494807715,0.860356998328977,reference_ratio_v1
tinystories,4096,4096,1.0,source_full,fresh_nested,nested,3,0.013462579076231537,0.015922877274756733,0.8454865815975596,0.8213419626945773,0.8710937307673832,reference_ratio_v1
tinystories,4096,8192,2.0,multinomial,fresh_nested,nested,3,0.01402457527265075,0.015922877274756733,0.8807814712536001,0.855628933740771,0.9074575924497412,reference_ratio_v1
tinystories,4096,8192,2.0,source_same_lag,fresh_nested,nested,3,0.015085247161042934,0.015922877274756733,0.9473945506669368,0.9203397388290082,0.9760881740899914,reference_ratio_v1
tinystories,4096,8192,2.0,source_full,fresh_nested,nested,3,0.015256460043354866,0.015922877274756733,0.9581471853420381,0.930785309770534,0.9871664725025038,reference_ratio_v1
tinystories,4096,12288,3.0,multinomial,fresh_nested,nested,3,0.01416709762152296,0.015922877274756733,0.8897322623959872,0.8643241165202142,0.9166794751138151,reference_ratio_v1
tinystories,4096,12288,3.0,source_same_lag,fresh_nested,nested,3,0.01589552749103252,0.015922877274756733,0.9982823591959996,0.9697743406833765,1.0285172154810434,reference_ratio_v1
tinystories,4096,12288,3.0,source_full,fresh_nested,nested,3,0.016076714541733494,0.015922877274756733,1.0096613987737408,0.9808284282393277,1.0402408906452254,reference_ratio_v1
tinystories,2048,4096,2.0,multinomial,fresh_separate,separate,3,0.019430439219926814,0.02174558498752019,0.893534905180889,0.8392922485198135,0.9552733069061328,reference_ratio_v1
tinystories,2048,4096,2.0,source_same_lag,fresh_separate,separate,3,0.020152474574129522,0.02174558498752019,0.9267386729625827,0.870480358530117,0.9907712744356058,reference_ratio_v1
tinystories,2048,4096,2.0,source_full,fresh_separate,separate,3,0.020485308009732715,0.02174558498752019,0.9420444665659375,0.8848570033083523,1.007134615123835,reference_ratio_v1
tinystories,4096,4096,1.0,multinomial,fresh_separate,separate,3,0.013917817047981885,0.015922877274756733,0.8740767643826809,0.8491156936486014,0.9005498209380335,reference_ratio_v1
tinystories,4096,4096,1.0,source_same_lag,fresh_separate,separate,3,0.013276543074696123,0.015922877274756733,0.8338030147192075,0.8099920442452425,0.8590563051213089,reference_ratio_v1
tinystories,4096,4096,1.0,source_full,fresh_separate,separate,3,0.013465542914213553,0.015922877274756733,0.845672718683896,0.8215227842512398,0.8712855053649936,reference_ratio_v1
wikitext,512,512,1.0,multinomial,new_known,nested,3,0.02926894940431847,0.03241663679238548,0.9028990142244988,,,reference_ratio_v1
wikitext,512,512,1.0,source_same_lag,new_known,nested,3,0.026133130979960062,0.03241663679238548,0.8061641664843718,,,reference_ratio_v1
wikitext,512,512,1.0,source_full,new_known,nested,3,0.026558478426116753,0.03241663679238548,0.8192854365556891,,,reference_ratio_v1
wikitext,512,1024,2.0,multinomial,new_known,nested,3,0.030658502212427215,0.03241663679238548,0.9457644359833391,,,reference_ratio_v1
wikitext,512,1024,2.0,source_same_lag,new_known,nested,3,0.03119471945994829,0.03241663679238548,0.9623058573206393,,,reference_ratio_v1
wikitext,512,1024,2.0,source_full,new_known,nested,3,0.03181438797611073,0.03241663679238548,0.9814216132249656,,,reference_ratio_v1
wikitext,512,4096,8.0,multinomial,new_known,nested,3,0.03186169559490811,0.03241663679238548,0.9828809755610513,,,reference_ratio_v1
wikitext,512,4096,8.0,source_same_lag,new_known,nested,3,0.036382147043346635,0.03241663679238548,1.1223294778035897,,,reference_ratio_v1
wikitext,512,4096,8.0,source_full,new_known,nested,3,0.03721298053461388,0.03241663679238548,1.147959326346743,,,reference_ratio_v1
wikitext,512,8192,16.0,multinomial,new_known,nested,3,0.03214721362102552,0.03241663679238548,0.9916887376970811,,,reference_ratio_v1
wikitext,512,8192,16.0,source_same_lag,new_known,nested,3,0.037526631590816886,0.03241663679238548,1.1576349462517876,,,reference_ratio_v1
wikitext,512,8192,16.0,source_full,new_known,nested,3,0.03834543189535691,0.03241663679238548,1.1828935907491822,,,reference_ratio_v1
wikitext,1024,1024,1.0,multinomial,new_known,nested,3,0.028991960972892562,0.03282050783538046,0.8833489450653556,,,reference_ratio_v1
wikitext,1024,1024,1.0,source_same_lag,new_known,nested,3,0.026489243746072724,0.03282050783538046,0.8070942679783083,,,reference_ratio_v1
wikitext,1024,1024,1.0,source_full,new_known,nested,3,0.02697299724463468,0.03282050783538046,0.8218336346263914,,,reference_ratio_v1
wikitext,1024,4096,4.0,multinomial,new_known,nested,3,0.031027797627462664,0.03282050783538046,0.9453783525559817,,,reference_ratio_v1
wikitext,1024,4096,4.0,source_same_lag,new_known,nested,3,0.03390679185471369,0.03282050783538046,1.033097721241297,,,reference_ratio_v1
wikitext,1024,4096,4.0,source_full,new_known,nested,3,0.034648552152589704,0.03282050783538046,1.0556982337500158,,,reference_ratio_v1
wikitext,1024,8192,8.0,multinomial,new_known,nested,3,0.03144717553132993,0.03282050783538046,0.9581562750052857,,,reference_ratio_v1
wikitext,1024,8192,8.0,source_same_lag,new_known,nested,3,0.03576519900931833,0.03282050783538046,1.0897210728337208,,,reference_ratio_v1
wikitext,1024,8192,8.0,source_full,new_known,nested,3,0.03652091713826589,0.03282050783538046,1.1127468630724964,,,reference_ratio_v1
wikitext,2048,4096,2.0,multinomial,new_known,nested,3,0.028498422368161143,0.030813780378291588,0.9248596575394032,,,reference_ratio_v1
wikitext,2048,4096,2.0,source_same_lag,new_known,nested,3,0.029202208574270635,0.030813780378291588,0.9476996400884226,,,reference_ratio_v1
wikitext,2048,4096,2.0,source_full,new_known,nested,3,0.029812304913897546,0.030813780378291588,0.9674991042287175,,,reference_ratio_v1
wikitext,2048,6144,3.0,multinomial,new_known,nested,3,0.028779479559978064,0.030813780378291588,0.9339808101005778,,,reference_ratio_v1
wikitext,2048,6144,3.0,source_same_lag,new_known,nested,3,0.030602689975592665,0.030813780378291588,0.993149480521136,,,reference_ratio_v1
wikitext,2048,6144,3.0,source_full,new_known,nested,3,0.03127892743657074,0.030813780378291588,1.0150954232998575,,,reference_ratio_v1
wikitext,2048,8192,4.0,multinomial,new_known,nested,3,0.029070124079263345,0.030813780378291588,0.9434131003199901,,,reference_ratio_v1
wikitext,2048,8192,4.0,source_same_lag,new_known,nested,3,0.031768358822821495,0.030813780378291588,1.0309789461990977,,,reference_ratio_v1
wikitext,2048,8192,4.0,source_full,new_known,nested,3,0.032411965611745905,0.030813780378291588,1.0518659253695546,,,reference_ratio_v1
wikitext,2048,2048,1.0,multinomial,fresh_nested,nested,3,0.027397670208546554,0.03099610777181237,0.8839067927574376,0.8327009190283449,0.9418229879917821,reference_ratio_v1
wikitext,2048,2048,1.0,source_same_lag,fresh_nested,nested,3,0.025259667722172453,0.03099610777181237,0.8149303102224792,0.7677203341195872,0.8683269616974523,reference_ratio_v1
wikitext,2048,2048,1.0,source_full,fresh_nested,nested,3,0.025689635937432335,0.03099610777181237,0.8288019943198901,0.7807884134589828,0.8831075596882709,reference_ratio_v1
wikitext,2048,4096,2.0,multinomial,fresh_nested,nested,3,0.028498422368161143,0.03099610777181237,0.9194193857487293,0.8661562211747141,0.9796624714265167,reference_ratio_v1
wikitext,2048,4096,2.0,source_same_lag,fresh_nested,nested,3,0.029202208574270635,0.03099610777181237,0.9421250174135382,0.8875464859733624,1.0038558434358882,reference_ratio_v1
wikitext,2048,4096,2.0,source_full,fresh_nested,nested,3,0.029812304913897546,0.03099610777181237,0.9618080158118638,0.9060892225942551,1.0248285302802982,reference_ratio_v1
wikitext,2048,6144,3.0,multinomial,fresh_nested,nested,3,0.028779479559978064,0.03099610777181237,0.928486885251764,0.8746984286012591,0.9893241003963777,reference_ratio_v1
wikitext,2048,6144,3.0,source_same_lag,fresh_nested,nested,3,0.030602689975592665,0.03099610777181237,0.9873075097326421,0.9301114975632593,1.051998826688843,reference_ratio_v1
wikitext,2048,6144,3.0,source_full,fresh_nested,nested,3,0.03127892743657074,0.03099610777181237,1.0091243606081266,0.9506644698032924,1.0752451823549416,reference_ratio_v1
wikitext,2048,8192,4.0,multinomial,fresh_nested,nested,3,0.029070124079263345,0.03099610777181237,0.9378636922181404,0.8835320249062437,0.9993153035721613,reference_ratio_v1
wikitext,2048,8192,4.0,source_same_lag,fresh_nested,nested,3,0.031768358822821495,0.03099610777181237,1.024914452378805,0.9655398209565151,1.092069887780874,reference_ratio_v1
wikitext,2048,8192,4.0,source_full,fresh_nested,nested,3,0.032411965611745905,0.03099610777181237,1.0456785687531098,0.9851010449785145,1.1141945306582637,reference_ratio_v1
wikitext,4096,4096,1.0,multinomial,fresh_nested,nested,3,0.02449544662179827,0.027955115433667285,0.8762420130198275,0.8365340924731111,0.919907431474356,reference_ratio_v1
wikitext,4096,4096,1.0,source_same_lag,fresh_nested,nested,3,0.02296752463301857,0.027955115433667285,0.821585755477082,0.7843546464728853,0.8625275104672927,reference_ratio_v1
wikitext,4096,4096,1.0,source_full,fresh_nested,nested,3,0.023422016940238922,0.027955115433667285,0.8378436853825686,0.7998758294758623,0.8795956153038819,reference_ratio_v1
wikitext,4096,8192,2.0,multinomial,fresh_nested,nested,3,0.025226848072415438,0.027955115433667285,0.9024054338918557,0.8615118876597919,0.9473746436547259,reference_ratio_v1
wikitext,4096,8192,2.0,source_same_lag,fresh_nested,nested,3,0.0260706404876425,0.027955115433667285,0.9325892625807136,0.8903279012318622,0.979062611029786,reference_ratio_v1
wikitext,4096,8192,2.0,source_full,fresh_nested,nested,3,0.02657396144300593,0.027955115433667285,0.9505938727408013,0.9075166116529642,0.99796443774086,reference_ratio_v1
wikitext,4096,12288,3.0,multinomial,fresh_nested,nested,3,0.025789952013687174,0.027955115433667285,0.9225485788059908,0.8807422226584849,0.9685215738685806,reference_ratio_v1
wikitext,4096,12288,3.0,source_same_lag,fresh_nested,nested,3,0.0277961200592894,0.027955115433667285,0.9943124765571026,0.9492540563591603,1.043861653289447,reference_ratio_v1
wikitext,4096,12288,3.0,source_full,fresh_nested,nested,3,0.028303625488220165,0.027955115433667285,1.0124667721505152,0.9665856690450043,1.0629206246482927,reference_ratio_v1
wikitext,2048,4096,2.0,multinomial,fresh_separate,separate,3,0.028732300273220667,0.03099610777181237,0.9269647816668649,0.873264502462907,0.9877022640691666,reference_ratio_v1
wikitext,2048,4096,2.0,source_same_lag,fresh_separate,separate,3,0.029582445023070624,0.03099610777181237,0.9543922495318163,0.8991030613300894,1.0169268609941797,reference_ratio_v1
wikitext,2048,4096,2.0,source_full,fresh_separate,separate,3,0.029869770082977105,0.03099610777181237,0.9636619637172785,0.9078357688786811,1.026803954352345,reference_ratio_v1
wikitext,4096,4096,1.0,multinomial,fresh_separate,separate,3,0.025343827052789158,0.027955115433667285,0.90658996250349,0.8655067895162977,0.9517676982102741,reference_ratio_v1
wikitext,4096,4096,1.0,source_same_lag,fresh_separate,separate,3,0.023824429516321268,0.027955115433667285,0.8522386385007985,0.81361845863998,0.8947079063746423,reference_ratio_v1
wikitext,4096,4096,1.0,source_full,fresh_separate,separate,3,0.024023659715465898,0.027955115433667285,0.8593654271423039,0.8204222886091946,0.9021898414296319,reference_ratio_v1
cnn_dailymail,512,512,1.0,multinomial,new_known,nested,3,0.02614516849227836,0.027979386207846513,0.9344439616386665,,,reference_ratio_v1
cnn_dailymail,512,512,1.0,source_same_lag,new_known,nested,3,0.022840897372831907,0.027979386207846513,0.8163473352544963,,,reference_ratio_v1
cnn_dailymail,512,512,1.0,source_full,new_known,nested,3,0.023090754202497527,0.027979386207846513,0.8252773678080892,,,reference_ratio_v1
cnn_dailymail,512,1024,2.0,multinomial,new_known,nested,3,0.027437215123253728,0.027979386207846513,0.9806224811164463,,,reference_ratio_v1
cnn_dailymail,512,1024,2.0,source_same_lag,new_known,nested,3,0.02658077934840035,0.027979386207846513,0.9500129542136296,,,reference_ratio_v1
cnn_dailymail,512,1024,2.0,source_full,new_known,nested,3,0.026900546180603724,0.027979386207846513,0.9614416120772428,,,reference_ratio_v1
cnn_dailymail,512,4096,8.0,multinomial,new_known,nested,3,0.028196666123132316,0.027979386207846513,1.0077657141465408,,,reference_ratio_v1
cnn_dailymail,512,4096,8.0,source_same_lag,new_known,nested,3,0.029767254540377493,0.027979386207846513,1.0638994836859428,,,reference_ratio_v1
cnn_dailymail,512,4096,8.0,source_full,new_known,nested,3,0.030168958750293746,0.027979386207846513,1.0782566324429659,,,reference_ratio_v1
cnn_dailymail,512,8192,16.0,multinomial,new_known,nested,3,0.028338359179058793,0.027979386207846513,1.0128299087244312,,,reference_ratio_v1
cnn_dailymail,512,8192,16.0,source_same_lag,new_known,nested,3,0.03030659175352831,0.027979386207846513,1.0831757183089727,,,reference_ratio_v1
cnn_dailymail,512,8192,16.0,source_full,new_known,nested,3,0.030673514358514065,0.027979386207846513,1.0962897516998429,,,reference_ratio_v1
cnn_dailymail,1024,1024,1.0,multinomial,new_known,nested,3,0.025427399298387096,0.027228233449920442,0.9338615134600806,,,reference_ratio_v1
cnn_dailymail,1024,1024,1.0,source_same_lag,new_known,nested,3,0.02263732301171774,0.027228233449920442,0.8313915426556577,,,reference_ratio_v1
cnn_dailymail,1024,1024,1.0,source_full,new_known,nested,3,0.022873412982327257,0.027228233449920442,0.8400623207670526,,,reference_ratio_v1
cnn_dailymail,1024,4096,4.0,multinomial,new_known,nested,3,0.02663453034963178,0.027228233449920442,0.9781953132809503,,,reference_ratio_v1
cnn_dailymail,1024,4096,4.0,source_same_lag,new_known,nested,3,0.027386500880474576,0.027228233449920442,1.0058126220654464,,,reference_ratio_v1
cnn_dailymail,1024,4096,4.0,source_full,new_known,nested,3,0.027755211393220947,0.027228233449920442,1.0193540996432893,,,reference_ratio_v1
cnn_dailymail,1024,8192,8.0,multinomial,new_known,nested,3,0.026849490371882626,0.027228233449920442,0.9860900605713396,,,reference_ratio_v1
cnn_dailymail,1024,8192,8.0,source_same_lag,new_known,nested,3,0.028311377532926514,0.027228233449920442,1.0397801820304737,,,reference_ratio_v1
cnn_dailymail,1024,8192,8.0,source_full,new_known,nested,3,0.028656477773344402,0.027228233449920442,1.0524545349609573,,,reference_ratio_v1
cnn_dailymail,2048,4096,2.0,multinomial,new_known,nested,3,0.023798705993404994,0.024803634901309716,0.9594846113521991,,,reference_ratio_v1
cnn_dailymail,2048,4096,2.0,source_same_lag,new_known,nested,3,0.023434233880255975,0.024803634901309716,0.9447903089001913,,,reference_ratio_v1
cnn_dailymail,2048,4096,2.0,source_full,new_known,nested,3,0.023744361971371693,0.024803634901309716,0.9572936412685993,,,reference_ratio_v1
cnn_dailymail,2048,6144,3.0,multinomial,new_known,nested,3,0.023936181861126758,0.024803634901309716,0.96502718074853,,,reference_ratio_v1
cnn_dailymail,2048,6144,3.0,source_same_lag,new_known,nested,3,0.02429968467501246,0.024803634901309716,0.979682404280566,,,reference_ratio_v1
cnn_dailymail,2048,6144,3.0,source_full,new_known,nested,3,0.02461611713554672,0.024803634901309716,0.992439907839754,,,reference_ratio_v1
cnn_dailymail,2048,8192,4.0,multinomial,new_known,nested,3,0.02414470039014427,0.024803634901309716,0.9734339537818849,,,reference_ratio_v1
cnn_dailymail,2048,8192,4.0,source_same_lag,new_known,nested,3,0.024871184571445038,0.024803634901309716,1.002723377859902,,,reference_ratio_v1
cnn_dailymail,2048,8192,4.0,source_full,new_known,nested,3,0.025182790737837083,0.024803634901309716,1.0152863013036588,,,reference_ratio_v1
cnn_dailymail,2048,2048,1.0,multinomial,fresh_nested,nested,3,0.0234630823701002,0.024930878019138247,0.9411253928597585,0.9175024332139757,0.9659969419159204,reference_ratio_v1
cnn_dailymail,2048,2048,1.0,source_same_lag,fresh_nested,nested,3,0.0212191362724842,0.024930878019138247,0.851118691294999,0.8297549679795138,0.873611592287539,reference_ratio_v1
cnn_dailymail,2048,2048,1.0,source_full,fresh_nested,nested,3,0.021484902191722118,0.024930878019138247,0.8617788019831946,0.8401475018213961,0.8845534225722275,reference_ratio_v1
cnn_dailymail,2048,4096,2.0,multinomial,fresh_nested,nested,3,0.023798705993404994,0.024930878019138247,0.9545875590557165,0.9306266888496569,0.979814878904469,reference_ratio_v1
cnn_dailymail,2048,4096,2.0,source_same_lag,fresh_nested,nested,3,0.023434233880255975,0.024930878019138247,0.939968253916554,0.9163743393340192,0.9648092227352587,reference_ratio_v1
cnn_dailymail,2048,4096,2.0,source_full,fresh_nested,nested,3,0.023744361971371693,0.024930878019138247,0.952407771324551,0.9285016154403027,0.9775774849309272,reference_ratio_v1
cnn_dailymail,2048,6144,3.0,multinomial,fresh_nested,nested,3,0.023936181861126758,0.024930878019138247,0.9601018400856998,0.9360025572523378,0.9854748883487395,reference_ratio_v1
cnn_dailymail,2048,6144,3.0,source_same_lag,fresh_nested,nested,3,0.02429968467501246,0.024930878019138247,0.9746822657572971,0.9502170032044719,1.0004406375650017,reference_ratio_v1
cnn_dailymail,2048,6144,3.0,source_full,fresh_nested,nested,3,0.02461611713554672,0.024930878019138247,0.9873746571079486,0.9625908059260633,1.0134684565180883,reference_ratio_v1
cnn_dailymail,2048,8192,4.0,multinomial,fresh_nested,nested,3,0.02414470039014427,0.024930878019138247,0.9684657063264893,0.9441564841203425,0.9940597902890067,reference_ratio_v1
cnn_dailymail,2048,8192,4.0,source_same_lag,fresh_nested,nested,3,0.024871184571445038,0.024930878019138247,0.9976056419815065,0.9725649853360364,1.0239698202849437,reference_ratio_v1
cnn_dailymail,2048,8192,4.0,source_full,fresh_nested,nested,3,0.025182790737837083,0.024930878019138247,1.0101044463217643,0.9847500602277101,1.036798936215613,reference_ratio_v1
cnn_dailymail,4096,4096,1.0,multinomial,fresh_nested,nested,3,0.020028058919851807,0.02166450944555708,0.9244639935274015,0.8991335163333299,0.9512630695844648,reference_ratio_v1
cnn_dailymail,4096,4096,1.0,source_same_lag,fresh_nested,nested,3,0.018419629461805906,0.02166450944555708,0.8502213958776422,0.8269251790114611,0.8748682701885909,reference_ratio_v1
cnn_dailymail,4096,4096,1.0,source_full,fresh_nested,nested,3,0.01864747834749631,0.02166450944555708,0.8607385454241386,0.8371541567972405,0.8856902989868196,reference_ratio_v1
cnn_dailymail,4096,8192,2.0,multinomial,fresh_nested,nested,3,0.0205800973745407,0.02166450944555708,0.9499452284510984,0.9239165609060445,0.9774829742211297,reference_ratio_v1
cnn_dailymail,4096,8192,2.0,source_same_lag,fresh_nested,nested,3,0.020408472283252224,0.02166450944555708,0.9420232816505134,0.9162116768511909,0.9693313799098625,reference_ratio_v1
cnn_dailymail,4096,8192,2.0,source_full,fresh_nested,nested,3,0.020664264208925302,0.02166450944555708,0.9538302383838695,0.9276951208784171,0.9814806058215912,reference_ratio_v1
cnn_dailymail,4096,12288,3.0,multinomial,fresh_nested,nested,3,0.020812659309625278,0.02166450944555708,0.9606799250141111,0.9343571248815487,0.9885288564567656,reference_ratio_v1
cnn_dailymail,4096,12288,3.0,source_same_lag,fresh_nested,nested,3,0.021157869235074442,0.02166450944555708,0.9766142772927389,0.9498548730849263,1.0049251260427463,reference_ratio_v1
cnn_dailymail,4096,12288,3.0,source_full,fresh_nested,nested,3,0.021400315269013412,0.02166450944555708,0.987805208458212,0.9607391707539601,1.016440468561774,reference_ratio_v1
cnn_dailymail,2048,4096,2.0,multinomial,fresh_separate,separate,3,0.02414681203691521,0.024930878019138247,0.9685504063827537,0.9442390581410899,0.9941467287522043,reference_ratio_v1
cnn_dailymail,2048,4096,2.0,source_same_lag,fresh_separate,separate,3,0.02368701802628828,0.024930878019138247,0.9501076539745166,0.9262592327765838,0.9752165813329173,reference_ratio_v1
cnn_dailymail,2048,4096,2.0,source_full,fresh_separate,separate,3,0.023888542895293526,0.024930878019138247,0.9581909982053352,0.9341396789493793,0.9835135477803928,reference_ratio_v1
cnn_dailymail,4096,4096,1.0,multinomial,fresh_separate,separate,3,0.020628814235443188,0.02166450944555708,0.9521939228434139,0.9261036406736479,0.9797968555027894,reference_ratio_v1
cnn_dailymail,4096,4096,1.0,source_same_lag,fresh_separate,separate,3,0.01896967271635766,0.02166450944555708,0.8756105354717796,0.8516186516829608,0.9009934097651727,reference_ratio_v1
cnn_dailymail,4096,4096,1.0,source_full,fresh_separate,separate,3,0.019117189375591162,0.02166450944555708,0.88241967461265,0.8582412192051132,0.9079999374890458,reference_ratio_v1
