corpus,n,m,low_count_position_percent,low_count_observed_energy_percent,low_count_error_percent,other_error_percent,total_error_percent
tinystories,4096,4096,4.5371475910819825,14.651520771174651,-5.045610996381377,-10.405730843862667,-15.451341840244044
tinystories,4096,8192,2.0675372482570937,4.614371656174736,-0.7066200848817132,-3.4786613809144735,-4.185281465796187
tinystories,4096,12288,1.593918684778934,3.8275788920670135,-0.7149804418435798,1.681120319217689,0.9661398773741091
wikitext,4096,4096,23.575036802420037,37.26591403898531,-9.56742679253354,-6.648204669209616,-16.215631461743158
wikitext,4096,8192,15.097250184406361,21.22032946837382,-2.987494717382146,-1.9531180085377282,-4.940612725919874
wikitext,4096,12288,11.182366339412226,14.23155907961207,-0.3777191602569096,1.6243963753084218,1.2466772150515122
cnn_dailymail,4096,4096,22.122834342864,36.891943279024275,-8.235435504814632,-5.690709952771566,-13.926145457586198
cnn_dailymail,4096,8192,14.95125386507517,23.085095697210924,-2.620206802035651,-1.9967693595774492,-4.6169761616131
cnn_dailymail,4096,12288,10.012674097876777,13.442806327204757,-0.8093178070566539,-0.41016134712221186,-1.2194791541788659
