corpus,arm,alpha,n,observed,both_seen,one_sided,one_sided_share,cross_lag,same_lag
tinystories,fixed,0.5,512,0.10051214018811813,0.08273122228218847,0.016497731516047238,0.1662592507988386,0.0012831863898824381,0.09922895379823571
tinystories,fixed,0.5,1024,0.0725102888409343,0.06060198317597949,0.01117189188660585,0.1556540158499759,0.0007364137783489863,0.07177387506258534
tinystories,fixed,0.5,2048,0.05096288917389604,0.04358927036452017,0.007003582427652445,0.13843027307477693,0.0003700363817234209,0.05059285279217261
tinystories,fixed,0.5,4096,0.034150079480629945,0.03040209071720807,0.003499865758174343,0.10323491981106571,0.000248123005247536,0.03390195647538241
tinystories,fixed,1,512,0.08000620192941442,0.0675088828408383,0.011279850885458857,0.14316578464941118,0.0012174682031172931,0.07878873372629715
tinystories,fixed,1,1024,0.05898107606711932,0.050541011768372036,0.007753066425020957,0.13299921133154968,0.0006869978737263259,0.058294078193392995
tinystories,fixed,1,2048,0.04216232583785366,0.03686197626567381,0.004952648503992303,0.1184429737507806,0.00034770106818756764,0.04181462476966611
tinystories,fixed,1,4096,0.028839117088251143,0.026156792032982528,0.0024558348565360253,0.08583045751159787,0.0002264901987325877,0.028612626889518555
tinystories,fixed,2,512,0.059182624993223985,0.05138283455680702,0.006675909750396292,0.1149854312224251,0.0011238806860206715,0.058058744307203314
tinystories,fixed,2,1024,0.04491732655965179,0.0396188988555853,0.0046697042104174875,0.10543805600412103,0.0006287234936490128,0.04428860306600278
tinystories,fixed,2,2048,0.03289970255839231,0.029507841302944864,0.0030690738872575013,0.09421008310143918,0.0003227873681899317,0.032576915190202366
tinystories,fixed,2,4096,0.023108284479828857,0.021392494904108227,0.0015123743658983226,0.06602850896332098,0.0002034152098223054,0.02290486927000655
tinystories,fixed,5,512,0.03596601707906662,0.03231367839723855,0.002692418280706568,0.07691283908276672,0.0009599204011214925,0.035006096677945124
tinystories,fixed,5,1024,0.028557302755562224,0.0260829442357551,0.0019285150701785756,0.06884736168565334,0.000545843449628546,0.028011459305933677
tinystories,fixed,5,2048,0.02180476609488361,0.020189340179786956,0.001324151621949727,0.06154982343883546,0.00029127429314692796,0.021513491801736683
tinystories,fixed,5,4096,0.015957617554149713,0.015128718130748033,0.0006532130520749157,0.04138993159378826,0.00017568637132676915,0.01578193118282295
tinystories,fixed,10,512,0.023144287239768958,0.021176845404782936,0.001159227379388896,0.051899337479342715,0.0008082144555971232,0.022336072784171834
tinystories,fixed,10,1024,0.01899215024785962,0.017666197215461362,0.0008465699857081657,0.04572898132995938,0.0004793830466900873,0.01851276720116953
tinystories,fixed,10,2048,0.015028906630613306,0.014165696747840382,0.0005950453736525271,0.04031270032054079,0.0002681645091204006,0.01476074212149291
tinystories,fixed,10,4096,0.011378621833083594,0.010925113218858478,0.0002959044297104434,0.026370552028155993,0.00015760418451466802,0.011221017648568922
tinystories,fixed,20,512,0.014237424263503953,0.013163456148478483,0.0004384405317485289,0.03223377901303184,0.0006355275832769414,0.013601896680227012
tinystories,fixed,20,1024,0.012018750274841044,0.011285557925661775,0.0003273300262550953,0.028186789333575275,0.00040586232292417655,0.01161288795191687
tinystories,fixed,20,2048,0.009852756642814767,0.009379493358735069,0.00023145398442588142,0.024082327804093286,0.00024180929965381543,0.00961094734316095
tinystories,fixed,20,4096,0.0077273512639973365,0.0074702600169315085,0.00011622625070943833,0.015320168864627686,0.0001408649963563884,0.007586486267640947
tinystories,fixed,50,512,0.0070550389854625705,0.006551848325831872,0.00010106883677190703,0.01519165717860093,0.0004021218228587928,0.006652917162603779
tinystories,fixed,50,1024,0.0061765928919972355,0.005806318848815524,7.777513642955429e-05,0.013217861003679205,0.0002924989067521545,0.005884093985245079
tinystories,fixed,50,2048,0.005278457892631814,0.0050262947838096966,5.4154516894560625e-05,0.010659395200942891,0.00019800859192755808,0.005080449300704257
tinystories,fixed,50,4096,0.004321169939747505,0.004175241348922913,2.7480693859797836e-05,0.006538784525850368,0.00011844789696479267,0.00420272204278271
tinystories,refit,0.5,512,0.06822678912197984,0.056016736080575356,0.011347920912981287,0.16845511310280556,0.0008621321284231827,0.06736465699355665
tinystories,refit,0.5,1024,0.04922518521481745,0.04102988831048311,0.007699399809386704,0.1580035355830943,0.000495897094947639,0.04872928811986982
tinystories,refit,0.5,2048,0.03463849009161209,0.029548549836112842,0.004842200806246403,0.14079950904829164,0.0002477394492528432,0.03439075064235925
tinystories,refit,0.5,4096,0.023252970182158834,0.02064969982801485,0.002436243270019174,0.10552929372101942,0.0001670270841248071,0.023085943098034026
tinystories,refit,1,512,0.06003464490910414,0.050572669238434745,0.008553833387225148,0.14467003809410045,0.0009081422834442421,0.059126502625659896
tinystories,refit,1,1024,0.04426094609831975,0.03786109781897986,0.005887113652351421,0.13456809900010006,0.00051273462698847,0.04374821147133128
tinystories,refit,1,2048,0.03166097993676685,0.027633948210634158,0.0037686512605341616,0.12001080560207365,0.00025838046559853635,0.031402599471168316
tinystories,refit,1,4096,0.021678586645495303,0.01963257580379545,0.0018771714586456403,0.08727073525049893,0.00016883938305421644,0.02150974726244109
tinystories,refit,2,512,0.04995259193712383,0.0433335487870082,0.005672701128723806,0.11575464636609041,0.000946342021391815,0.049006249915732006
tinystories,refit,2,1024,0.03791272073918181,0.0334128088649746,0.003970675578910146,0.10621469983276735,0.0005292362952970607,0.03738348444388475
tinystories,refit,2,2048,0.027776447394602638,0.024893134570738697,0.0026122884490923214,0.09497357838157583,0.00027102437477162354,0.02750542301983102
tinystories,refit,2,4096,0.019517647969012123,0.018056617161706957,0.0012900284051937786,0.06667969394140488,0.0001710024021113832,0.019346645566900737
tinystories,refit,5,512,0.03596601707906662,0.03231367839723856,0.002692418280706568,0.0769128390827667,0.00095992040112149,0.03500609667794513
tinystories,refit,5,1024,0.02855730275556223,0.026082944235755114,0.0019285150701785756,0.0688473616856533,0.0005458434496285463,0.02801145930593369
tinystories,refit,5,2048,0.02180476609488361,0.020189340179786956,0.001324151621949727,0.06154982343883546,0.00029127429314692725,0.021513491801736683
tinystories,refit,5,4096,0.015957617554149716,0.015128718130748032,0.0006532130520749159,0.04138993159378828,0.00017568637132676896,0.015781931182822947
tinystories,refit,10,512,0.026546090543439364,0.024296698395068914,0.0013216375152109946,0.05158951462888185,0.0009277546331594585,0.02561833591027991
tinystories,refit,10,1024,0.02178567984677355,0.020270122755548618,0.000964840560492491,0.04543641286931918,0.0005507165307324393,0.02123496331604111
tinystories,refit,10,2048,0.017239826043261762,0.0162533358715248,0.0006779699981769025,0.040042392677467294,0.00030852017356005604,0.016931305869701704
tinystories,refit,10,4096,0.01305224909159074,0.012533964887513077,0.00033696189113178744,0.026180079875123417,0.0001813223129458733,0.012870926778644863
tinystories,refit,20,512,0.018966570023832834,0.01754094512668127,0.0005767508890958548,0.03183356694988219,0.0008488740080557153,0.018117696015777122
tinystories,refit,20,1024,0.016013867707261435,0.015040704586174191,0.0004303042203885915,0.027813585123554255,0.0005428589006986545,0.015471008806562783
tinystories,refit,20,2048,0.013129922923193121,0.012501490751343967,0.00030422816034183944,0.023757210543190767,0.00032420401150731645,0.012805718911685806
tinystories,refit,20,4096,0.010298993439943093,0.009957350945133489,0.0001526831188764738,0.015102136937401651,0.00018895937593313046,0.010110034064009963
tinystories,refit,50,512,0.011909040710220403,0.01105720352504226,0.00016681978031107697,0.014862743578901133,0.000685017404867066,0.011224023305353336
tinystories,refit,50,1024,0.01042682709942408,0.009799676411716082,0.00012818438206416253,0.012911581329229494,0.0004989663056438356,0.009927860793780245
tinystories,refit,50,2048,0.008911459005602747,0.008483452535792723,8.936920719903295e-05,0.010424713108270551,0.0003386372626109911,0.008572821742991756
tinystories,refit,50,4096,0.007298818364137788,0.00705050894033442,4.532517440343154e-05,0.006387575254795262,0.00020298424939993475,0.007095834114737852
wikitext,fixed,0.5,512,0.1512241134725454,0.11024600229845061,0.03991024794209344,0.2657914530907564,0.001067863232001348,0.15015625024054405
wikitext,fixed,0.5,1024,0.13880461371679187,0.10588116549221487,0.03203142824769624,0.23225890673990368,0.0008920199768808215,0.1379125937399111
wikitext,fixed,0.5,2048,0.11977045685700594,0.09549904980040483,0.023538168514329945,0.19773789111985932,0.000733238542271182,0.11903721831473477
wikitext,fixed,0.5,4096,0.09754060854196181,0.08152017434261838,0.015272359221195414,0.1577844763318091,0.0007480749781480264,0.09679253356381379
wikitext,fixed,1,512,0.1080610779007077,0.08213332968280615,0.02509231465044683,0.23401411860450966,0.0008354335674547034,0.10722564433325298
wikitext,fixed,1,1024,0.10106905024496912,0.08011604231684585,0.02025286819646883,0.20178427854691255,0.0007001397316544207,0.10036891051331469
wikitext,fixed,1,2048,0.08936778824581516,0.07377427484539885,0.015007705796898854,0.16903999762479788,0.0005858076035174687,0.0887819806422977
wikitext,fixed,1,4096,0.07454567984039606,0.0641169982242295,0.00985279342796239,0.13320023225549305,0.0005758881882041766,0.07396979165219189
wikitext,fixed,2,512,0.06876698962087638,0.05507838194736543,0.013084436760739398,0.19195856346215928,0.0006041709127715726,0.06816281870810482
wikitext,fixed,2,1024,0.06608898859190135,0.0549295233057391,0.010653646896655832,0.16244482942465,0.0005058183895064212,0.06558317020239493
wikitext,fixed,2,2048,0.060412625795083295,0.05200336863139883,0.007981029354494717,0.13305175383058115,0.00042822780918974244,0.05998439798589355
wikitext,fixed,2,4096,0.05204694576148933,0.04632497643114462,0.005318528353123927,0.10298542624752373,0.0004034409772208019,0.051643504784268546
wikitext,fixed,5,512,0.03249432047726136,0.027921001350464214,0.004209535531237817,0.13101354473896448,0.000363783595559327,0.03213053688170203
wikitext,fixed,5,1024,0.032670733082925535,0.028890867194889057,0.003480057024209409,0.10750564304729417,0.0002998088638270658,0.032370924219098464
wikitext,fixed,5,2048,0.03147074504003421,0.028568591556247597,0.0026507736222116268,0.08490799242902641,0.0002513798615749865,0.031219365178459225
wikitext,fixed,5,4096,0.028591347651841632,0.02656682916422557,0.001799702468241613,0.06344457234178558,0.00022481601937445714,0.028366531632467183
wikitext,fixed,10,512,0.016886726853353722,0.015148064694949628,0.0014947478353338633,0.08981341540764216,0.00024391432307022798,0.01664281253028349
wikitext,fixed,10,1024,0.017529409632057985,0.016083715425103423,0.0012501995916692978,0.0721244791185127,0.00019549461528526967,0.01733391501677272
wikitext,fixed,10,2048,0.017578430515956905,0.016454485163960603,0.0009648745546198582,0.05539093113684707,0.00015907079737645068,0.01741935971858046
wikitext,fixed,10,4096,0.016716252438730088,0.015917327948916222,0.0006610219953561315,0.03987260478745701,0.00013790249445773758,0.016578349944272354
wikitext,fixed,20,512,0.008412273830462705,0.007776197643649454,0.00047007654305706843,0.057004719029941954,0.00016599964375618032,0.008246274186706523
wikitext,fixed,20,1024,0.008863011370231166,0.008337851631482637,0.00039693419145985247,0.04544292207111463,0.00012822554728867725,0.00873478582294249
wikitext,fixed,20,2048,0.009187855247159317,0.00877776258032224,0.0003100539388506614,0.03411753947678512,0.00010003872798641988,0.009087816519172901
wikitext,fixed,20,4096,0.009149832686873477,0.008852458367132781,0.0002133503858084238,0.02353351936077483,8.402393393227066e-05,0.009065808752941206
wikitext,fixed,50,512,0.003365279358890429,0.003174234483388315,8.916720864011774e-05,0.02732339351846511,0.00010187766686199722,0.0032634016920284324
wikitext,fixed,50,1024,0.0034450897738680353,0.003292560949009195,7.591575182445182e-05,0.02253711649709907,7.661307303438898e-05,0.0033684767008336468
wikitext,fixed,50,2048,0.003612977985170928,0.0034961672428030304,5.999153090085471e-05,0.01686975602564873,5.6819211467043325e-05,0.003556158773703885
wikitext,fixed,50,4096,0.003770730469846651,0.003684554955824744,4.1358379948873666e-05,0.01110019912481039,4.481713407303359e-05,0.0037259133357736176
wikitext,refit,0.5,512,0.04874923432900984,0.03553181911521852,0.01287818873980863,0.26602327308796936,0.00033922647398268934,0.04841000785502715
wikitext,refit,0.5,1024,0.04465296676381281,0.03404582767429616,0.010330749082748173,0.23279734124846102,0.0002763900067684805,0.04437657675704433
wikitext,refit,0.5,2048,0.03848144124313171,0.030657981899773357,0.007596295948633075,0.19857376418751338,0.00022716339472526846,0.03825427784840643
wikitext,refit,0.5,4096,0.031302942514827986,0.026142330302567275,0.004929531791054152,0.15864938432724662,0.0002310804212065594,0.03107186209362143
wikitext,refit,1,512,0.04704091143989177,0.03574647748632266,0.010934109303981886,0.2342324734069726,0.00036032464958723267,0.04668058679030455
wikitext,refit,1,1024,0.04392640446386276,0.03480847125810299,0.008821585871741838,0.20219056430497992,0.0002963473340179358,0.04363005712984483
wikitext,refit,1,2048,0.03879873706313406,0.03201137567537064,0.006539830580246035,0.16964010248818664,0.0002475308075173807,0.03855120625561668
wikitext,refit,1,4096,0.032330738272181275,0.027792193907285732,0.0042954497529910304,0.13386616351354674,0.00024309461190450635,0.03208764366027676
wikitext,refit,2,512,0.04273073464073417,0.03421855434202079,0.008138123481784141,0.1921331865458632,0.0003740568169292455,0.042356677823804936
wikitext,refit,2,1024,0.041028874024941056,0.03409470230489571,0.00662439344166591,0.16268518050834374,0.00030977827837944913,0.04071909574656162
wikitext,refit,2,2048,0.03747743621155033,0.03225222472035106,0.004963518106993267,0.1333714640608037,0.00026169338420598996,0.03721574282734433
wikitext,refit,2,4096,0.03226465213462518,0.028708642080403086,0.0033095995225791686,0.10336606124775148,0.0002464105316429202,0.03201824160298226
wikitext,refit,5,512,0.03249432047726136,0.02792100135046422,0.004209535531237818,0.13101354473896445,0.0003637835955593256,0.03213053688170204
wikitext,refit,5,1024,0.03267073308292555,0.028890867194889064,0.003480057024209409,0.10750564304729414,0.0002998088638270655,0.03237092421909847
wikitext,refit,5,2048,0.03147074504003422,0.0285685915562476,0.002650773622211627,0.08490799242902641,0.0002513798615749865,0.03121936517845923
wikitext,refit,5,4096,0.028591347651841643,0.026566829164225574,0.001799702468241613,0.06344457234178556,0.0002248160193744561,0.028366531632467187
wikitext,refit,10,512,0.023066177066393374,0.020697055713433225,0.002037132745163055,0.08960657420752452,0.0003319886077970933,0.02273418845859628
wikitext,refit,10,1024,0.023946888833122095,0.02197516816233375,0.0017041043256061494,0.0719660760892915,0.00026761634518219417,0.023679272487939898
wikitext,refit,10,2048,0.02402348097789191,0.02248977956834141,0.001315187722852566,0.05524845746539149,0.00021851368669793467,0.023804967291193975
wikitext,refit,10,4096,0.02285677070407479,0.02176670967955629,0.0008998178798825948,0.03969809127238323,0.00019024314463591264,0.022666527559438883
wikitext,refit,20,512,0.014710162976465047,0.013606604625481458,0.0008169139811408969,0.056637634922578624,0.00028664436984269246,0.014423518606622355
wikitext,refit,20,1024,0.015488746452920771,0.014575729585691064,0.0006899047976853601,0.04519332641928296,0.00022311206954434516,0.015265634383376425
wikitext,refit,20,2048,0.016060293155003312,0.015346108694033245,0.0005388275615852032,0.033920662501533284,0.00017535689938486272,0.01588493625561845
wikitext,refit,20,4096,0.01600347240185582,0.015484858571348856,0.0003695620469810106,0.02330971631683258,0.00014905178352594747,0.015854420618329867
wikitext,refit,50,512,0.007507108356026582,0.007088897846294034,0.000196381086458629,0.02695587749917882,0.00022182942327391713,0.007285278932752663
wikitext,refit,50,1024,0.00766926528908584,0.007334536962403197,0.00016720626196298623,0.02228898763421929,0.00016752206471966078,0.007501743224366184
wikitext,refit,50,2048,0.008036467820208731,0.0077790292237905736,0.0001320231584328154,0.01668844447667663,0.00012541543798534225,0.007911052382223388
wikitext,refit,50,4096,0.008386882706510921,0.008195262760782177,9.048374617239886e-05,0.010920409657289425,0.00010113619955634595,0.008285746506954576
cnn_dailymail,fixed,0.5,512,0.13347460884760348,0.10115344459171231,0.031565905241361006,0.23783951082538277,0.0007552590145301838,0.13271934983307332
cnn_dailymail,fixed,0.5,1024,0.11771329418508233,0.09308516438149964,0.02406249743516525,0.20540313875681834,0.000565632368417466,0.11714766181666489
cnn_dailymail,fixed,0.5,2048,0.09774250410254019,0.08005025136740256,0.01711433240146329,0.17613755689186808,0.000577920333674331,0.09716458376886584
cnn_dailymail,fixed,0.5,4096,0.07609288091827585,0.06456437859322836,0.011089499389588715,0.14658203498976513,0.00043900293545877237,0.07565387798281707
cnn_dailymail,fixed,1,512,0.09506903903660033,0.07487400272905943,0.019627402441520517,0.20769429201705555,0.0005676338660203569,0.09450140517057995
cnn_dailymail,fixed,1,1024,0.08600888018327044,0.07054234830147563,0.015036047044954945,0.17569910003672545,0.000430484836839886,0.08557839534643057
cnn_dailymail,fixed,1,2048,0.07299896984015827,0.06182095241248421,0.01074597918604061,0.14808369252116843,0.000432038241633452,0.07256693159852481
cnn_dailymail,fixed,1,4096,0.05833002622776519,0.05096461903812184,0.007036448426885453,0.1213158435597866,0.00032895876275788465,0.05800106746500729
cnn_dailymail,fixed,2,512,0.0602716083679609,0.04981144171181321,0.010067124883385474,0.16812568262435157,0.00039304177276222217,0.05987856659519868
cnn_dailymail,fixed,2,1024,0.05643639404267352,0.0483727894353618,0.0077620682853747295,0.1382753711426506,0.0003015363219369922,0.05613485772073653
cnn_dailymail,fixed,2,2048,0.049480026824373066,0.04360230852001244,0.005583092221144124,0.11351116666764076,0.00029462608321651764,0.049185400741156564
cnn_dailymail,fixed,2,4096,0.04096695501759039,0.03703459650247533,0.003708506162119855,0.09102169249723001,0.00022385235299520362,0.04074310266459518
cnn_dailymail,fixed,5,512,0.028460234063411315,0.02509308245507864,0.0031453472311653483,0.11138534493996904,0.00022180437716733375,0.028238429686243988
cnn_dailymail,fixed,5,1024,0.027999670222479456,0.025379592260930072,0.00244658061504295,0.08792371936837534,0.0001734973465064283,0.027826172875973023
cnn_dailymail,fixed,5,2048,0.025971302392368622,0.02403422407230476,0.0017765088991315565,0.06882830104428055,0.0001605694209323048,0.025810732971436316
cnn_dailymail,fixed,5,4096,0.022803851202905807,0.021477010410436037,0.0012056517761925044,0.05315301027157375,0.00012118901627726393,0.022682662186628542
cnn_dailymail,fixed,10,512,0.014919528117437556,0.013691852368607708,0.001089700964045409,0.07372032827146863,0.00013797478478444358,0.014781553332653116
cnn_dailymail,fixed,10,1024,0.015098375732816444,0.01413580247864193,0.0008519678683903424,0.056844203551533634,0.0001106053857841717,0.014987770347032272
cnn_dailymail,fixed,10,2048,0.014632718288891608,0.013912298629206449,0.0006225969037734912,0.04283463216923765,9.782275591166712e-05,0.01453489553297994
cnn_dailymail,fixed,10,4096,0.013510253886637916,0.01300757940370085,0.00042879896227182915,0.03191328426399131,7.387552066523461e-05,0.01343637836597268
cnn_dailymail,fixed,20,512,0.007542759411071603,0.007123903317179904,0.0003350892157238884,0.044924192408788734,8.376687816781074e-05,0.0074589925329037925
cnn_dailymail,fixed,20,1024,0.007730119508184641,0.007398216726450297,0.00026281144325,0.034304983277496724,6.90913384843444e-05,0.007661028169700297
cnn_dailymail,fixed,20,2048,0.007739415248270291,0.0074870843153284515,0.00019295830960946796,0.025124640452243285,5.9372623332372595e-05,0.00768004262493792
cnn_dailymail,fixed,20,4096,0.00750287600405945,0.007322967179151349,0.0001344095554416638,0.018023704611592112,4.549926946643573e-05,0.007457376734593012
cnn_dailymail,fixed,50,512,0.003010267120838992,0.002906486007623957,6.221827348178216e-05,0.020958056980538334,4.156283973325403e-05,0.002968704281105739
cnn_dailymail,fixed,50,1024,0.003073194594090557,0.00298841736331427,4.888385684142227e-05,0.016094504067303696,3.589337393486499e-05,0.0030373012201556924
cnn_dailymail,fixed,50,2048,0.003118875558288912,0.003052376058396749,3.6016054846722205e-05,0.011661749391303055,3.048344504544033e-05,0.003088392113243471
cnn_dailymail,fixed,50,4096,0.0031610322912672697,0.003111256666931895,2.532214304497005e-05,0.008073172899219078,2.4453481290405768e-05,0.0031365788099768648
cnn_dailymail,refit,0.5,512,0.03938389709847063,0.029792102532493335,0.00939283782866349,0.23970529856859,0.00019895673731380216,0.03918494036115683
cnn_dailymail,refit,0.5,1024,0.03476567945808559,0.027463106238239464,0.007158575340674956,0.20676567440429383,0.0001439978791711736,0.03462168157891442
cnn_dailymail,refit,0.5,2048,0.028855903811508127,0.023622015245896195,0.00508470427088817,0.1771259257929219,0.00014918429472376217,0.028706719516784364
cnn_dailymail,refit,0.5,4096,0.02243341491298157,0.019024271180818543,0.003297598984551879,0.14772951191462844,0.00011154474761114145,0.022321870165370423
cnn_dailymail,refit,1,512,0.03838248735829931,0.030187503684414856,0.007986347105850231,0.20920988950600894,0.0002086365680342178,0.038173850790265085
cnn_dailymail,refit,1,1024,0.03475678889997187,0.02848421346096927,0.0061183141913184165,0.17681697281770437,0.00015426124768418218,0.03460252765228769
cnn_dailymail,refit,1,2048,0.029499363195311924,0.02497506293493932,0.004367516581852836,0.14884569297506364,0.00015678367851977326,0.029342579516792155
cnn_dailymail,refit,1,4096,0.023550541757112957,0.020570658940413298,0.002862004264810847,0.12213738744697117,0.00011787855188881164,0.023432663205224146
cnn_dailymail,refit,2,512,0.035480054801471074,0.029301246117479064,0.005961309285611756,0.1690549427705185,0.0002174993983802491,0.03526255540309082
cnn_dailymail,refit,2,1024,0.0332438491282646,0.02848211562291152,0.004597125106886311,0.1389731144205258,0.0001646083984667663,0.03307924072979783
cnn_dailymail,refit,2,2048,0.02915309323325286,0.02568687610883757,0.0033040291019070744,0.1139677798222917,0.00016218802250822766,0.02899090521074464
cnn_dailymail,refit,2,4096,0.024129665141274004,0.021811690645726058,0.0021958259788556313,0.09146410323037282,0.00012214851669232059,0.024007516624581688
cnn_dailymail,refit,5,512,0.028460234063411315,0.02509308245507864,0.0031453472311653483,0.11138534493996904,0.00022180437716733375,0.028238429686243988
cnn_dailymail,refit,5,1024,0.027999670222479456,0.025379592260930072,0.00244658061504295,0.08792371936837534,0.0001734973465064283,0.027826172875973023
cnn_dailymail,refit,5,2048,0.025971302392368622,0.02403422407230476,0.0017765088991315565,0.06882830104428055,0.0001605694209323048,0.025810732971436316
cnn_dailymail,refit,5,4096,0.022803851202905807,0.021477010410436037,0.0012056517761925044,0.05315301027157375,0.00012118901627726393,0.022682662186628542
cnn_dailymail,refit,10,512,0.021974708800046858,0.020166741994331903,0.0015937327117837804,0.07323979523920353,0.00021423409393117842,0.021760474706115685
cnn_dailymail,refit,10,1024,0.02223488159525918,0.0208166427113117,0.0012456432939078165,0.05646030033393281,0.00017259559003966803,0.022062286005219516
cnn_dailymail,refit,10,2048,0.0215445509324244,0.020481939971795947,0.0009107186419076091,0.042571550285209876,0.00015189231872084625,0.021392658613703555
cnn_dailymail,refit,10,4096,0.01988429807286935,0.01914152068261863,0.0006268238281337606,0.031708463386644174,0.0001159535621169631,0.019768344510752392
cnn_dailymail,refit,20,512,0.01591429989635109,0.015022550079033045,0.0006966408025834904,0.04431785375150614,0.00019510901473455288,0.015719190881616534
cnn_dailymail,refit,20,1024,0.016313022946875998,0.015605094874045553,0.0005460330300640671,0.03380773363358296,0.00016189504276637907,0.016151127904109622
cnn_dailymail,refit,20,2048,0.01633743796344252,0.015798241434217434,0.00040115437409262886,0.0247635392603249,0.00013804215513245655,0.016199395808310063
cnn_dailymail,refit,20,4096,0.01582559023648645,0.015438476052243313,0.00027901110464059525,0.017751635605338774,0.00010810307960253491,0.015717487156883907
cnn_dailymail,refit,50,512,0.009701255492462812,0.009350712789841066,0.00019594226519428396,0.02052470358096105,0.00015460043742746227,0.00954665505503535
cnn_dailymail,refit,50,1024,0.009907936237753646,0.009620412907857322,0.00015380987402256263,0.015736276679482464,0.00013371345587376396,0.009774222781879885
cnn_dailymail,refit,50,2048,0.010075388856188444,0.00984952675282598,0.00011336304069745062,0.011378530029624986,0.00011249906266501148,0.00996288979352343
cnn_dailymail,refit,50,4096,0.010208906513023759,0.010036605484415099,7.949479180338249e-05,0.007858244741826401,9.28062368052784e-05,0.010116100276218482
