corpus,arm,test,method,estimate,low,high
tinystories,fixed,beta20_minus_beta1,observed,0.19689378090433013,0.18793742503527233,0.2059306145735512
tinystories,fixed,slope_error_minus_inverse_size,multinomial,-0.5518627424537872,-0.5585915458647857,-0.5447246965532089
tinystories,fixed,slope_error_minus_inverse_size,source_full,-0.503012994362629,-0.5039563146810974,-0.502121233611719
tinystories,refit,beta20_minus_beta1,observed,0.19625724423754953,0.18738128218023403,0.20523298963150852
tinystories,refit,slope_error_minus_inverse_size,multinomial,-0.5525829842484358,-0.5591579808147915,-0.545595951242746
tinystories,refit,slope_error_minus_inverse_size,source_full,-0.5030306205574979,-0.5040398797659676,-0.5020849962577733
wikitext,fixed,beta20_minus_beta1,observed,0.2200145246410678,0.21523787195714308,0.22507394635733494
wikitext,fixed,slope_error_minus_inverse_size,multinomial,-0.8490246466605404,-0.8519780045886644,-0.8457415727720008
wikitext,fixed,slope_error_minus_inverse_size,source_full,-0.7886146515163058,-0.7903376981765398,-0.7868916511289836
wikitext,refit,beta20_minus_beta1,observed,0.2219100471680491,0.21722859818547696,0.2268909093766347
wikitext,refit,slope_error_minus_inverse_size,multinomial,-0.848607845012529,-0.8514143857617522,-0.8456534413850674
wikitext,refit,slope_error_minus_inverse_size,source_full,-0.7877388335802209,-0.7896185447665277,-0.7859362807292657
cnn_dailymail,fixed,beta20_minus_beta1,observed,0.23296078495309933,0.22824300298634273,0.23754320956743274
cnn_dailymail,fixed,slope_error_minus_inverse_size,multinomial,-0.8137757311338305,-0.8177965546458524,-0.809372743514068
cnn_dailymail,fixed,slope_error_minus_inverse_size,source_full,-0.7738894820558347,-0.7764621854648303,-0.7710635596412804
cnn_dailymail,refit,beta20_minus_beta1,observed,0.2328639325946341,0.228027794400649,0.2375712292879774
cnn_dailymail,refit,slope_error_minus_inverse_size,multinomial,-0.8143772002423982,-0.8182360259139967,-0.8101693601629779
cnn_dailymail,refit,slope_error_minus_inverse_size,source_full,-0.7735798594927956,-0.7761283744607992,-0.7708326649772845
