corpus,arm,alpha,method,comparator,regime,error_difference,low,high
tinystories,fixed,0.5,source_same_lag,multinomial,full,0.1659899245938291,0.1613255188793155,0.17079837243383147
tinystories,fixed,0.5,source_same_lag,multinomial,m>n,0.07760018572989667,0.07525330957259956,0.07994478093592104
tinystories,fixed,0.5,source_full,multinomial,full,0.15788845013728736,0.15276739369086056,0.163034484471553
tinystories,fixed,0.5,source_full,multinomial,m>n,0.0725532883847244,0.07022968012302423,0.07495062117453381
tinystories,fixed,0.5,multinomial_jackknife,multinomial,full,-0.08395777160857007,-0.08953262599663184,-0.07857339509474692
tinystories,fixed,0.5,multinomial_jackknife,multinomial,m>n,-0.015121117771543874,-0.023029762448242275,-0.006583130297468168
tinystories,fixed,0.5,source_jackknife,multinomial,full,0.04523969282586249,0.04025291708089531,0.05000248647924867
tinystories,fixed,0.5,source_jackknife,multinomial,m>n,0.05109674590789777,0.045042828170524594,0.057564309229809256
tinystories,fixed,0.5,source_same_lag,multinomial,m=n,0.24397150061402473,0.23492095066569474,0.2534206879902225
tinystories,fixed,0.5,source_full,multinomial,m=n,0.23129148853549442,0.22162976899095116,0.24137076432276944
tinystories,fixed,0.5,multinomial_jackknife,multinomial,m=n,-0.17385360200053127,-0.18336580664303093,-0.1652907814386701
tinystories,fixed,0.5,source_jackknife,multinomial,m=n,-0.023224776112882706,-0.030195592093974377,-0.01608386227882283
tinystories,fixed,0.5,source_same_lag,multinomial,m<n,0.3826408114534081,0.37138951702506984,0.3931016017679876
tinystories,fixed,0.5,source_full,multinomial,m<n,0.3689359509142902,0.35693958633423883,0.37976296037352
tinystories,fixed,0.5,multinomial_jackknife,multinomial,m<n,-0.22351745400669615,-0.23173782861640874,-0.21644566276449922
tinystories,fixed,0.5,source_jackknife,multinomial,m<n,0.09418065149115684,0.0852871517597854,0.10145901135901636
tinystories,fixed,1,source_same_lag,multinomial,full,0.14955993744689705,0.14572094929450058,0.15393558391674642
tinystories,fixed,1,source_same_lag,multinomial,m>n,0.05552258528957202,0.052713786698333875,0.05808987834477156
tinystories,fixed,1,source_full,multinomial,full,0.14123146853601443,0.13690789711339094,0.1459588634970116
tinystories,fixed,1,source_full,multinomial,m>n,0.050506243057787156,0.0475824787372642,0.05332982714040754
tinystories,fixed,1,multinomial_jackknife,multinomial,full,-0.07611103755726087,-0.08171730725095525,-0.07109661724385298
tinystories,fixed,1,multinomial_jackknife,multinomial,m>n,-0.028634807328946868,-0.03499584051347544,-0.022499956986432153
tinystories,fixed,1,source_jackknife,multinomial,full,0.04309208124943853,0.03568806127722225,0.050954705690179944
tinystories,fixed,1,source_jackknife,multinomial,m>n,0.044844167076736205,0.03379335391080539,0.0569235692466485
tinystories,fixed,1,bootstrap,multinomial,full,0.053031121020657684,0.04825020703046768,0.05860622913314459
tinystories,fixed,1,bootstrap,multinomial,m>n,0.005791345452201363,0.0011194090559630701,0.010344022606242653
tinystories,fixed,1,bootstrap_jackknife,multinomial,full,-0.08585771162775203,-0.0913178121135085,-0.07971946135006172
tinystories,fixed,1,bootstrap_jackknife,multinomial,m>n,-0.061764023330216175,-0.06685707980045347,-0.054645065395319804
tinystories,fixed,1,source_same_lag,multinomial,m=n,0.21019836935058017,0.2036255641079762,0.21859600791334877
tinystories,fixed,1,source_full,multinomial,m=n,0.19666345077823094,0.18943376739504325,0.20511562404573275
tinystories,fixed,1,multinomial_jackknife,multinomial,m=n,-0.12420222120073117,-0.13291617648298526,-0.1162655777042421
tinystories,fixed,1,source_jackknife,multinomial,m=n,-0.038932000092913116,-0.0440842936433363,-0.03374723432606952
tinystories,fixed,1,bootstrap,multinomial,m=n,0.0397082569598361,0.03409390788075087,0.04525943721927951
tinystories,fixed,1,bootstrap_jackknife,multinomial,m=n,-0.1712120398253467,-0.17798601079852502,-0.16462827516264641
tinystories,fixed,1,source_same_lag,multinomial,m<n,0.4023793460676307,0.39045545592802194,0.4141372508792819
tinystories,fixed,1,source_full,multinomial,m<n,0.3882169045545557,0.3752875986224879,0.400411582558528
tinystories,fixed,1,multinomial_jackknife,multinomial,m<n,-0.18627395467483712,-0.19524807254726237,-0.17879912990565452
tinystories,fixed,1,source_jackknife,multinomial,m<n,0.11927587650079818,0.11051708708113273,0.12733789159404071
tinystories,fixed,1,bootstrap,multinomial,m<n,0.22381990364300075,0.2139108975875102,0.23646919931563712
tinystories,fixed,1,bootstrap_jackknife,multinomial,m<n,-0.08081567775527682,-0.09175704431314373,-0.07045330288862284
tinystories,fixed,2,source_same_lag,multinomial,full,0.09957764343951953,0.09469116439113866,0.1049092196437194
tinystories,fixed,2,source_same_lag,multinomial,m>n,0.008711041479509088,0.0021681286025130074,0.015459372179397596
tinystories,fixed,2,source_full,multinomial,full,0.0927834181071657,0.08744120665032988,0.09849536198585068
tinystories,fixed,2,source_full,multinomial,m>n,0.006825594801389764,-0.0003383205105511159,0.014949466622500797
tinystories,fixed,2,multinomial_jackknife,multinomial,full,-0.06432623783387453,-0.06759444085307707,-0.061123513684445505
tinystories,fixed,2,multinomial_jackknife,multinomial,m>n,-0.03716509211663943,-0.038975073501248084,-0.03554311751782524
tinystories,fixed,2,source_jackknife,multinomial,full,0.017858185559546574,0.008722541600841249,0.026914068875115108
tinystories,fixed,2,source_jackknife,multinomial,m>n,0.023381989403657946,0.00836197404025459,0.03835184863394557
tinystories,fixed,2,source_same_lag,multinomial,m=n,0.14642151770151668,0.14088702971028297,0.15385191327365036
tinystories,fixed,2,source_full,multinomial,m=n,0.13143509686326732,0.1264608767624825,0.1387568736046109
tinystories,fixed,2,multinomial_jackknife,multinomial,m=n,-0.07848760186876465,-0.08464565845374784,-0.07260702979842895
tinystories,fixed,2,source_jackknife,multinomial,m=n,-0.06986933388048498,-0.07677616791271843,-0.06344441606858904
tinystories,fixed,2,source_same_lag,multinomial,m<n,0.3556224423775572,0.3462826249283303,0.36676499533771106
tinystories,fixed,2,source_full,multinomial,m<n,0.3406578170369838,0.3307777261097201,0.35199685132076963
tinystories,fixed,2,multinomial_jackknife,multinomial,m<n,-0.1407020261897682,-0.14944794717809637,-0.13397511233195686
tinystories,fixed,2,source_jackknife,multinomial,m<n,0.08717302551920675,0.081271017099806,0.09490969142863942
tinystories,fixed,5,source_same_lag,multinomial,full,0.01614285015626557,0.010264436310969629,0.021921612876376437
tinystories,fixed,5,source_same_lag,multinomial,m>n,-0.06174522026321202,-0.0691134529580105,-0.053659158354255464
tinystories,fixed,5,source_full,multinomial,full,0.011292179169243466,0.00483799930075954,0.017733541512287756
tinystories,fixed,5,source_full,multinomial,m>n,-0.05887530705188819,-0.06818526624820492,-0.04921428272594872
tinystories,fixed,5,multinomial_jackknife,multinomial,full,-0.02944754846004713,-0.031521161417756835,-0.02748880608394133
tinystories,fixed,5,multinomial_jackknife,multinomial,m>n,-0.011206423292239462,-0.0126000111436042,-0.010029839711991244
tinystories,fixed,5,source_jackknife,multinomial,full,-0.037375843622876714,-0.04683466212280941,-0.027576090890140258
tinystories,fixed,5,source_jackknife,multinomial,m>n,-0.02919687831551815,-0.045282171078336084,-0.013335711073097839
tinystories,fixed,5,bootstrap,multinomial,full,-0.0090829201127572,-0.01514717993611403,-0.0036646990591100723
tinystories,fixed,5,bootstrap,multinomial,m>n,-0.06974345381529842,-0.07414843380263657,-0.0650026508300467
tinystories,fixed,5,bootstrap_jackknife,multinomial,full,-0.09153219028763082,-0.09892803452972292,-0.08345509293499853
tinystories,fixed,5,bootstrap_jackknife,multinomial,m>n,-0.10077575741189809,-0.10881541487692976,-0.09056707589215038
tinystories,fixed,5,source_same_lag,multinomial,m=n,0.05514603556678421,0.04700402869624884,0.06222504906099466
tinystories,fixed,5,source_full,multinomial,m=n,0.03686959533967879,0.029909496159226112,0.04309809484475525
tinystories,fixed,5,multinomial_jackknife,multinomial,m=n,-0.03672084708236742,-0.040406714064941535,-0.033278340784320584
tinystories,fixed,5,source_jackknife,multinomial,m=n,-0.11119378549266065,-0.11976061891568886,-0.10269583702961027
tinystories,fixed,5,bootstrap,multinomial,m=n,0.013458554225788871,0.00557742748916687,0.020112160772413734
tinystories,fixed,5,bootstrap_jackknife,multinomial,m=n,-0.11038519376821149,-0.12050892887021382,-0.10057843352094818
tinystories,fixed,5,source_same_lag,multinomial,m<n,0.23676656614400557,0.2295621004415321,0.2443858838045002
tinystories,fixed,5,source_full,multinomial,m<n,0.2196063837359137,0.2131130826652731,0.22701774285853324
tinystories,fixed,5,multinomial_jackknife,multinomial,m<n,-0.08297800039708565,-0.08982074707789049,-0.07821952885705334
tinystories,fixed,5,source_jackknife,multinomial,m<n,0.009178880555712116,0.0014792964971330202,0.016502228310658174
tinystories,fixed,5,bootstrap,multinomial,m<n,0.1705773845571675,0.15900439580827358,0.18332057499815618
tinystories,fixed,5,bootstrap_jackknife,multinomial,m<n,-0.04186729639282588,-0.05833369920310269,-0.027391871707190873
tinystories,fixed,10,source_same_lag,multinomial,full,-0.04151999105131293,-0.047684953287724444,-0.03537154685986818
tinystories,fixed,10,source_same_lag,multinomial,m>n,-0.10888369128487162,-0.11643953392389383,-0.10044560003219395
tinystories,fixed,10,source_full,multinomial,full,-0.047451241360732005,-0.05466525005965703,-0.04029091686053843
tinystories,fixed,10,source_full,multinomial,m>n,-0.10565390314050545,-0.11622213055608169,-0.09460893985672011
tinystories,fixed,10,multinomial_jackknife,multinomial,full,-0.011373266755524691,-0.012648735264647937,-0.010179456091281291
tinystories,fixed,10,multinomial_jackknife,multinomial,m>n,0.0016638323588504256,0.0005763899529087901,0.002602012090030693
tinystories,fixed,10,source_jackknife,multinomial,full,-0.07929509349660578,-0.09132617425438393,-0.06662864345586789
tinystories,fixed,10,source_jackknife,multinomial,m>n,-0.07693921203825092,-0.09543471458237952,-0.05891773904408123
tinystories,fixed,10,source_same_lag,multinomial,m=n,-0.004022856827816251,-0.012431299541900476,0.0033882844970591634
tinystories,fixed,10,source_full,multinomial,m=n,-0.026302420789234823,-0.03357892499754957,-0.019798394911911293
tinystories,fixed,10,multinomial_jackknife,multinomial,m=n,-0.01592901508373873,-0.018145718076523806,-0.013797284143809888
tinystories,fixed,10,source_jackknife,multinomial,m=n,-0.12334626916002267,-0.13215557827969138,-0.11264600144911233
tinystories,fixed,10,source_same_lag,multinomial,m<n,0.14552854217038597,0.13870778879125117,0.15167073983691096
tinystories,fixed,10,source_full,multinomial,m<n,0.1254088106670156,0.11953780324750707,0.1307755357865595
tinystories,fixed,10,multinomial_jackknife,multinomial,m<n,-0.05027451547522775,-0.05434796526730587,-0.04695907408910589
tinystories,fixed,10,source_jackknife,multinomial,m<n,-0.04309685602770506,-0.051230752664021266,-0.03531175401875532
tinystories,fixed,20,source_same_lag,multinomial,full,-0.08928639063834103,-0.09493553372928702,-0.08318288418104128
tinystories,fixed,20,source_same_lag,multinomial,m>n,-0.14811900903198807,-0.1538408627489563,-0.14095780709079905
tinystories,fixed,20,source_full,multinomial,full,-0.09916937432277242,-0.10744393652499244,-0.08961488936329759
tinystories,fixed,20,source_full,multinomial,m>n,-0.14808643515325634,-0.16086304606053461,-0.13261441538877985
tinystories,fixed,20,multinomial_jackknife,multinomial,full,0.0007777605670177268,-8.529241121998932e-05,0.0016049704695089435
tinystories,fixed,20,multinomial_jackknife,multinomial,m>n,0.010042228275063098,0.009381678010773718,0.010650585181038813
tinystories,fixed,20,source_jackknife,multinomial,full,-0.11768976187215766,-0.1324812485975454,-0.10198074966913237
tinystories,fixed,20,source_jackknife,multinomial,m>n,-0.12582059926133832,-0.14722261459825572,-0.10421536967922444
tinystories,fixed,20,bootstrap,multinomial,full,-0.10084720042018873,-0.10696626834401822,-0.09377679535494313
tinystories,fixed,20,bootstrap,multinomial,m>n,-0.15359596541896436,-0.15913607029942703,-0.14462820489467879
tinystories,fixed,20,bootstrap_jackknife,multinomial,full,-0.13465231394658916,-0.14347488669094383,-0.12400707661279337
tinystories,fixed,20,bootstrap_jackknife,multinomial,m>n,-0.15660866883893998,-0.16816115337724047,-0.14135048471128436
tinystories,fixed,20,source_same_lag,multinomial,m=n,-0.05075074687013098,-0.05825662024762783,-0.04330218578441933
tinystories,fixed,20,source_full,multinomial,m=n,-0.07897394568667487,-0.08562385888500382,-0.0723240324883459
tinystories,fixed,20,multinomial_jackknife,multinomial,m=n,-0.0017007149281563494,-0.0033824140428715677,-0.00019282532123915397
tinystories,fixed,20,source_jackknife,multinomial,m=n,-0.12441299615403388,-0.1373242678495818,-0.10835776359889944
tinystories,fixed,20,bootstrap,multinomial,m=n,-0.0676653895182507,-0.07543041835336385,-0.05973190528121981
tinystories,fixed,20,bootstrap_jackknife,multinomial,m=n,-0.11800094736076851,-0.12698591299289,-0.10854874445042247
tinystories,fixed,20,source_same_lag,multinomial,m<n,0.06828669357227243,0.061582453623182765,0.07470776216607011
tinystories,fixed,20,source_full,multinomial,m<n,0.04369206647607626,0.038029724151924016,0.049354408800228566
tinystories,fixed,20,multinomial_jackknife,multinomial,m<n,-0.027625322964626123,-0.029078711523422646,-0.025789729930410205
tinystories,fixed,20,source_jackknife,multinomial,m<n,-0.08386373629301255,-0.09166508863076867,-0.07624034800701021
tinystories,fixed,20,bootstrap,multinomial,m<n,0.04180020534045867,0.02956261387715131,0.0528839597100419
tinystories,fixed,20,bootstrap_jackknife,multinomial,m<n,-0.07811583089124047,-0.09440347325017676,-0.06350209092117046
tinystories,fixed,50,source_same_lag,multinomial,full,-0.13484670038157837,-0.14050257581542355,-0.1289858732714917
tinystories,fixed,50,source_same_lag,multinomial,m>n,-0.18292242584617646,-0.18846230812648695,-0.17736677666711131
tinystories,fixed,50,source_full,multinomial,full,-0.1569551927710071,-0.1676124361701318,-0.14331283634079345
tinystories,fixed,50,source_full,multinomial,m>n,-0.19637109210024004,-0.2131551143414805,-0.17432522674943943
tinystories,fixed,50,multinomial_jackknife,multinomial,full,0.010263405373949541,0.009759303029766214,0.010750400224230558
tinystories,fixed,50,multinomial_jackknife,multinomial,m>n,0.016123783953472554,0.015816618627765597,0.01642874166559713
tinystories,fixed,50,source_jackknife,multinomial,full,-0.1659328090377555,-0.18243234877821443,-0.1461466750360561
tinystories,fixed,50,source_jackknife,multinomial,m>n,-0.1848467511052295,-0.2074769238783932,-0.1593758287224835
tinystories,fixed,50,source_same_lag,multinomial,m=n,-0.09783508774660353,-0.10460243458032334,-0.09098723992705217
tinystories,fixed,50,source_full,multinomial,m=n,-0.13716510656948538,-0.1429481402013533,-0.13059552545383823
tinystories,fixed,50,multinomial_jackknife,multinomial,m=n,0.00939041236316504,0.008486722291998592,0.010145129123310243
tinystories,fixed,50,source_jackknife,multinomial,m=n,-0.14884489448741736,-0.16349196635258312,-0.12796377946473803
tinystories,fixed,50,source_same_lag,multinomial,m<n,-0.01160589480122623,-0.018113412379433286,-0.005069426846709465
tinystories,fixed,50,source_full,multinomial,m<n,-0.04535894787508572,-0.05091787758907115,-0.0395563698125703
tinystories,fixed,50,multinomial_jackknife,multinomial,m<n,-0.008398196880342323,-0.009761682622610374,-0.007275570146586557
tinystories,fixed,50,source_jackknife,multinomial,m<n,-0.11997425002984695,-0.1262344612544728,-0.11278743427384784
tinystories,refit,0.5,source_same_lag,multinomial,full,0.16646909260071596,0.16219829936923344,0.17097464266288528
tinystories,refit,0.5,source_same_lag,multinomial,m>n,0.07795627341152818,0.07573450726346595,0.08025303170190466
tinystories,refit,0.5,source_full,multinomial,full,0.15838862664406267,0.15369298489611788,0.16320544769107395
tinystories,refit,0.5,source_full,multinomial,m>n,0.07291991079878453,0.0707469995782333,0.07529951012826543
tinystories,refit,0.5,multinomial_jackknife,multinomial,full,-0.0855339366467984,-0.0911329736827549,-0.08030355309768614
tinystories,refit,0.5,multinomial_jackknife,multinomial,m>n,-0.01775584677809361,-0.02556550461284488,-0.009728253692769943
tinystories,refit,0.5,source_jackknife,multinomial,full,0.04556652973198988,0.04074380476257269,0.05017041309786139
tinystories,refit,0.5,source_jackknife,multinomial,m>n,0.05132733355218873,0.044866680513977665,0.057910962100952035
tinystories,refit,0.5,source_same_lag,multinomial,m=n,0.24388605671022356,0.2355599747326778,0.2525515086429419
tinystories,refit,0.5,source_full,multinomial,m=n,0.23123825727589553,0.22227323155286222,0.2404228259473452
tinystories,refit,0.5,multinomial_jackknife,multinomial,m=n,-0.17349670873887835,-0.182638948728199,-0.1651673192276699
tinystories,refit,0.5,source_jackknife,multinomial,m=n,-0.023663607292304656,-0.02975212327023169,-0.017006999347326746
tinystories,refit,0.5,source_same_lag,multinomial,m<n,0.38409485912183405,0.3740403753266355,0.39369124280434364
tinystories,refit,0.5,source_full,multinomial,m<n,0.3704347154964899,0.3599023538044289,0.3803696290229831
tinystories,refit,0.5,multinomial_jackknife,multinomial,m<n,-0.22349813078373437,-0.23156134379619706,-0.21651977274357587
tinystories,refit,0.5,source_jackknife,multinomial,m<n,0.09559398735562175,0.08800390870915117,0.10163833373809728
tinystories,refit,1,source_same_lag,multinomial,full,0.1494027788011729,0.1456719425176979,0.1536721158901318
tinystories,refit,1,source_same_lag,multinomial,m>n,0.05483869633780887,0.051695678374829246,0.05761377246890321
tinystories,refit,1,source_full,multinomial,full,0.14112008796736789,0.136890373441232,0.14572997407895272
tinystories,refit,1,source_full,multinomial,m>n,0.04988518557272638,0.04663139217228765,0.052882373746034765
tinystories,refit,1,multinomial_jackknife,multinomial,full,-0.07728725976943447,-0.08286462511591797,-0.0722446568346933
tinystories,refit,1,multinomial_jackknife,multinomial,m>n,-0.030667932596758124,-0.03692687035946503,-0.024561918524359887
tinystories,refit,1,source_jackknife,multinomial,full,0.04286132446559923,0.03529300592545452,0.05094200802629513
tinystories,refit,1,source_jackknife,multinomial,m>n,0.04418915218787249,0.03267207324887716,0.05675021480315992
tinystories,refit,1,bootstrap,multinomial,full,0.05197616280586739,0.04710480071646237,0.057538836498062136
tinystories,refit,1,bootstrap,multinomial,m>n,0.004374909131716273,-0.0004331318117790035,0.009032894143740805
tinystories,refit,1,bootstrap_jackknife,multinomial,full,-0.0869833171731906,-0.09266121488346903,-0.08085467423129532
tinystories,refit,1,bootstrap_jackknife,multinomial,m>n,-0.06301945518737563,-0.0683344819989052,-0.05595677648556016
tinystories,refit,1,source_same_lag,multinomial,m=n,0.21013001409786974,0.2039366674859899,0.21851702632894415
tinystories,refit,1,source_full,multinomial,m=n,0.1966085380434781,0.18980358001472264,0.2048658430498214
tinystories,refit,1,multinomial_jackknife,multinomial,m=n,-0.12377460401436613,-0.13210038546180541,-0.11617864337390131
tinystories,refit,1,source_jackknife,multinomial,m=n,-0.03937174742288266,-0.044451305011641074,-0.033916721514877624
tinystories,refit,1,bootstrap,multinomial,m=n,0.038267403262849775,0.03298966176501243,0.04375782548265189
tinystories,refit,1,bootstrap_jackknife,multinomial,m=n,-0.17313456846497505,-0.1798333220646714,-0.16657410924552163
tinystories,refit,1,source_same_lag,multinomial,m<n,0.40388915171568945,0.39233604202550526,0.4153151555332509
tinystories,refit,1,source_full,multinomial,m<n,0.38974797920672904,0.377598149063365,0.4014440126645489
tinystories,refit,1,multinomial_jackknife,multinomial,m<n,-0.18619767276675733,-0.19503448186335912,-0.17874813629875524
tinystories,refit,1,source_jackknife,multinomial,m<n,0.12066830394650357,0.11249298456345978,0.1282760498706551
tinystories,refit,1,bootstrap,multinomial,m<n,0.22435576792938866,0.21455548561505428,0.23707758764064063
tinystories,refit,1,bootstrap_jackknife,multinomial,m<n,-0.08071160583412273,-0.09239722854012944,-0.06994603687826062
tinystories,refit,2,source_same_lag,multinomial,full,0.0988485271028777,0.0938202455617619,0.10421946437789804
tinystories,refit,2,source_same_lag,multinomial,m>n,0.007340366278824714,0.0006850362437794571,0.014171205949062128
tinystories,refit,2,source_full,multinomial,full,0.09206646161255277,0.08663286630890306,0.09784195938144699
tinystories,refit,2,source_full,multinomial,m>n,0.005472481710482244,-0.0018015865243640311,0.013682806250020382
tinystories,refit,2,multinomial_jackknife,multinomial,full,-0.06411254425884073,-0.06727369660788649,-0.06101551688743858
tinystories,refit,2,multinomial_jackknife,multinomial,m>n,-0.03695750362144374,-0.03858468050880473,-0.03532790410957275
tinystories,refit,2,source_jackknife,multinomial,full,0.01709284430411881,0.007811406878432816,0.026287196373441124
tinystories,refit,2,source_jackknife,multinomial,m>n,0.022072054690982265,0.006679844271664543,0.03728415761800256
tinystories,refit,2,source_same_lag,multinomial,m=n,0.1462212220781962,0.14061189920432104,0.1539230225417277
tinystories,refit,2,source_full,multinomial,m=n,0.13123581853146465,0.12618480351766395,0.13862547305518103
tinystories,refit,2,multinomial_jackknife,multinomial,m=n,-0.07814799537927176,-0.08416377552428177,-0.07236923794724821
tinystories,refit,2,source_jackknife,multinomial,m=n,-0.07033779832693081,-0.07748540547913454,-0.06361986502126486
tinystories,refit,2,source_same_lag,multinomial,m<n,0.3565030348744023,0.3473715050986837,0.3675045496742065
tinystories,refit,2,source_full,multinomial,m<n,0.3415437043672092,0.33205644652697935,0.35272616153024555
tinystories,refit,2,multinomial_jackknife,multinomial,m<n,-0.14059389526306657,-0.1493186409017028,-0.13393251640825868
tinystories,refit,2,source_jackknife,multinomial,m<n,0.0879261189789568,0.08210688675289984,0.09567587597765209
tinystories,refit,5,source_same_lag,multinomial,full,0.01614285015626557,0.010264436310969655,0.02192161287637652
tinystories,refit,5,source_same_lag,multinomial,m>n,-0.06174522026321201,-0.06911345295801044,-0.05365915835425548
tinystories,refit,5,source_full,multinomial,full,0.011292179169243521,0.004837999300759512,0.01773354151228781
tinystories,refit,5,source_full,multinomial,m>n,-0.058875307051888176,-0.0681852662482049,-0.04921428272594868
tinystories,refit,5,multinomial_jackknife,multinomial,full,-0.0294475484600471,-0.03152116141775681,-0.02748880608394136
tinystories,refit,5,multinomial_jackknife,multinomial,m>n,-0.01120642329223949,-0.012600011143604213,-0.01002983971199123
tinystories,refit,5,source_jackknife,multinomial,full,-0.03737584362287666,-0.04683466212280931,-0.02757609089014019
tinystories,refit,5,source_jackknife,multinomial,m>n,-0.02919687831551812,-0.0452821710783359,-0.013335711073097712
tinystories,refit,5,bootstrap,multinomial,full,-0.009082920112756965,-0.015147179936113586,-0.0036646990591099327
tinystories,refit,5,bootstrap,multinomial,m>n,-0.0697434538152985,-0.07414843380263642,-0.06500265083004696
tinystories,refit,5,bootstrap_jackknife,multinomial,full,-0.09153219028763046,-0.0989280345297225,-0.0834550929349976
tinystories,refit,5,bootstrap_jackknife,multinomial,m>n,-0.10077575741189843,-0.10881541487693014,-0.09056707589215005
tinystories,refit,5,source_same_lag,multinomial,m=n,0.055146035566784296,0.047004028696248756,0.06222504906099474
tinystories,refit,5,source_full,multinomial,m=n,0.03686959533967887,0.02990949615922614,0.0430980948447553
tinystories,refit,5,multinomial_jackknife,multinomial,m=n,-0.036720847082367405,-0.04040671406494155,-0.033278340784320626
tinystories,refit,5,source_jackknife,multinomial,m=n,-0.11119378549266055,-0.11976061891568886,-0.10269583702961016
tinystories,refit,5,bootstrap,multinomial,m=n,0.013458554225789315,0.005577427489168173,0.02011216077241401
tinystories,refit,5,bootstrap_jackknife,multinomial,m=n,-0.1103851937682111,-0.12050892887021349,-0.10057843352094883
tinystories,refit,5,source_same_lag,multinomial,m<n,0.2367665661440054,0.2295621004415321,0.24438588380450016
tinystories,refit,5,source_full,multinomial,m<n,0.21960638373591365,0.21311308266527298,0.2270177428585332
tinystories,refit,5,multinomial_jackknife,multinomial,m<n,-0.08297800039708562,-0.08982074707789052,-0.07821952885705334
tinystories,refit,5,source_jackknife,multinomial,m<n,0.009178880555712032,0.0014792964971329647,0.01650222831065823
tinystories,refit,5,bootstrap,multinomial,m<n,0.17057738455716867,0.15900439580827413,0.18332057499815788
tinystories,refit,5,bootstrap_jackknife,multinomial,m<n,-0.04186729639282333,-0.05833369920310147,-0.027391871707187293
tinystories,refit,10,source_same_lag,multinomial,full,-0.04067659255725416,-0.04674944758398616,-0.03463936243147523
tinystories,refit,10,source_same_lag,multinomial,m>n,-0.10762765680590945,-0.1150728207821141,-0.09930494495615765
tinystories,refit,10,source_full,multinomial,full,-0.046643930203317405,-0.05379517374241156,-0.0395410695483727
tinystories,refit,10,source_full,multinomial,m>n,-0.1044492440001151,-0.11491138989417642,-0.09352106912028635
tinystories,refit,10,multinomial_jackknife,multinomial,full,-0.011640485886154572,-0.012932093486056645,-0.010435683843850768
tinystories,refit,10,multinomial_jackknife,multinomial,m>n,0.0013739467189948784,0.00028948445617951735,0.002310336273313146
tinystories,refit,10,source_jackknife,multinomial,full,-0.07850950583266053,-0.09049887896953346,-0.06584450233762855
tinystories,refit,10,source_jackknife,multinomial,m>n,-0.07584885215655865,-0.09410908259665599,-0.05795898894684276
tinystories,refit,10,source_same_lag,multinomial,m=n,-0.003468013836828099,-0.011663247394649051,0.003789840142617463
tinystories,refit,10,source_full,multinomial,m=n,-0.025760200820155982,-0.03283807858876629,-0.01939856835277129
tinystories,refit,10,multinomial_jackknife,multinomial,m=n,-0.016217913378715892,-0.018431112015492288,-0.01407047948539615
tinystories,refit,10,source_jackknife,multinomial,m=n,-0.12271973345799543,-0.1315376610591569,-0.11209948384022948
tinystories,refit,10,source_same_lag,multinomial,m<n,0.14528504288450397,0.13863563863695724,0.1512107730558054
tinystories,refit,10,source_full,multinomial,m<n,0.12515671973618006,0.1194707375224199,0.1304268172034033
tinystories,refit,10,multinomial_jackknife,multinomial,m<n,-0.05044450041075825,-0.05457582860574306,-0.04706380054747851
tinystories,refit,10,source_jackknife,multinomial,m<n,-0.04316812379433203,-0.051019116436415775,-0.0356430959672986
tinystories,refit,20,source_same_lag,multinomial,full,-0.087372390228437,-0.0928309460741511,-0.08146015572523155
tinystories,refit,20,source_same_lag,multinomial,m>n,-0.14546789817358105,-0.15100853093761799,-0.13858440889933166
tinystories,refit,20,source_full,multinomial,full,-0.09749261111804941,-0.10556988450166112,-0.08810023020154656
tinystories,refit,20,source_full,multinomial,m>n,-0.1457679669279296,-0.15830812161544722,-0.13066061843415241
tinystories,refit,20,multinomial_jackknife,multinomial,full,0.0002746592814879545,-0.0006004293661043547,0.0011126440156666584
tinystories,refit,20,multinomial_jackknife,multinomial,m>n,0.009499604694177793,0.008840239674501649,0.010108612416103419
tinystories,refit,20,source_jackknife,multinomial,full,-0.11603054142938111,-0.13060784914778506,-0.1003717574567139
tinystories,refit,20,source_jackknife,multinomial,m>n,-0.12365408396673924,-0.1446396352728946,-0.10236033488139597
tinystories,refit,20,bootstrap,multinomial,full,-0.09904137607724889,-0.1049881861794976,-0.09210274373614542
tinystories,refit,20,bootstrap,multinomial,m>n,-0.15111843991151505,-0.15649194495369217,-0.14236069209439645
tinystories,refit,20,bootstrap_jackknife,multinomial,full,-0.13286645387665763,-0.14161678448434942,-0.12231975298039499
tinystories,refit,20,bootstrap_jackknife,multinomial,m>n,-0.15426102563326494,-0.16561857420359036,-0.13934401327396875
tinystories,refit,20,source_same_lag,multinomial,m=n,-0.049380197550691826,-0.05656162614881348,-0.04219789351511398
tinystories,refit,20,source_full,multinomial,m=n,-0.07769103987761586,-0.08408809497360939,-0.07125566729434515
tinystories,refit,20,multinomial_jackknife,multinomial,m=n,-0.0022351041399299443,-0.0039063919761450905,-0.0007263148374901385
tinystories,refit,20,source_jackknife,multinomial,m=n,-0.12310142668605428,-0.13609401239008584,-0.10711224489366952
tinystories,refit,20,bootstrap,multinomial,m=n,-0.06633317788986905,-0.07401660327418375,-0.05857455156469052
tinystories,refit,20,bootstrap_jackknife,multinomial,m=n,-0.11653047703609797,-0.12545663088654146,-0.10722950635144714
tinystories,refit,20,source_same_lag,multinomial,m<n,0.06828711024429812,0.061861448395687135,0.07434064254629841
tinystories,refit,20,source_full,multinomial,m<n,0.04362367034111772,0.03824014106032014,0.04895122006829214
tinystories,refit,20,multinomial_jackknife,multinomial,m<n,-0.027965395339393573,-0.02943961339050169,-0.026100994472743486
tinystories,refit,20,source_jackknife,multinomial,m<n,-0.0835478477148475,-0.09080900070887522,-0.07637607202043054
tinystories,refit,20,bootstrap,multinomial,m<n,0.04184063851625855,0.029879224897456202,0.05259326600518412
tinystories,refit,20,bootstrap_jackknife,multinomial,m<n,-0.07788719152852613,-0.09396838714317494,-0.06350302167562984
tinystories,refit,50,source_same_lag,multinomial,full,-0.13129016976021818,-0.13692414161520958,-0.12556966745429246
tinystories,refit,50,source_same_lag,multinomial,m>n,-0.17830093418559517,-0.1839509222806258,-0.17281698289193284
tinystories,refit,50,source_full,multinomial,full,-0.15431204810439872,-0.16473103671438036,-0.14086939032308998
tinystories,refit,50,source_full,multinomial,m>n,-0.19298243775980387,-0.20931006302926652,-0.1713138444534612
tinystories,refit,50,multinomial_jackknife,multinomial,full,0.009524540814300264,0.00901639063749865,0.010011534084997208
tinystories,refit,50,multinomial_jackknife,multinomial,m>n,0.015326733010078447,0.015022822071746583,0.01563279854268762
tinystories,refit,50,source_jackknife,multinomial,full,-0.16332814169709514,-0.17969038696757775,-0.14374557411889954
tinystories,refit,50,source_jackknife,multinomial,m>n,-0.18157444607290393,-0.20389933585074815,-0.15637289497667653
tinystories,refit,50,source_same_lag,multinomial,m=n,-0.09521362252225025,-0.1017705435788901,-0.08865670146561043
tinystories,refit,50,source_full,multinomial,m=n,-0.13494569934783313,-0.14044629954661278,-0.1286485825522187
tinystories,refit,50,multinomial_jackknife,multinomial,m=n,0.008626982661465027,0.007728325979313082,0.009375893871391138
tinystories,refit,50,source_jackknife,multinomial,m=n,-0.14674530259973323,-0.16145104673506352,-0.12605387159228187
tinystories,refit,50,source_same_lag,multinomial,m<n,-0.010664168913595784,-0.016781095163979548,-0.004498022242760148
tinystories,refit,50,source_full,multinomial,m<n,-0.044777098009613575,-0.04995996232161669,-0.03926552124121538
tinystories,refit,50,multinomial_jackknife,multinomial,m<n,-0.008918541685458331,-0.010277654860795765,-0.007752072485057687
tinystories,refit,50,source_jackknife,multinomial,m<n,-0.11908996620842753,-0.12523707804184808,-0.11209297144189487
wikitext,fixed,0.5,source_same_lag,multinomial,full,0.23189115908536057,0.2281282920179279,0.2362920690622093
wikitext,fixed,0.5,source_same_lag,multinomial,m>n,0.08797081580342136,0.08693096465433878,0.08901164595593064
wikitext,fixed,0.5,source_full,multinomial,full,0.23081466363471287,0.22734679916391487,0.23485035692776235
wikitext,fixed,0.5,source_full,multinomial,m>n,0.0896519578260353,0.08855333523697625,0.09077109027036942
wikitext,fixed,0.5,multinomial_jackknife,multinomial,full,-0.06728091862081303,-0.07155984927959624,-0.06302244168893029
wikitext,fixed,0.5,multinomial_jackknife,multinomial,m>n,0.07235086159856538,0.06511309067837881,0.07953922200833657
wikitext,fixed,0.5,source_jackknife,multinomial,full,0.11216968544938904,0.10545144978343703,0.11945576803737475
wikitext,fixed,0.5,source_jackknife,multinomial,m>n,0.1266524153277844,0.12006638723235949,0.13363589495946593
wikitext,fixed,0.5,source_same_lag,multinomial,m=n,0.35835912824609734,0.3509645805172949,0.3656368081004821
wikitext,fixed,0.5,source_full,multinomial,m=n,0.3525696069662783,0.3460327252036083,0.3590075054730671
wikitext,fixed,0.5,multinomial_jackknife,multinomial,m=n,-0.27180244283080957,-0.2758104477005094,-0.26784913824002027
wikitext,fixed,0.5,source_jackknife,multinomial,m=n,-0.013089276953162143,-0.020497727878733663,-0.006040654051858219
wikitext,fixed,0.5,source_same_lag,multinomial,m<n,0.5851576675310884,0.5714246852957429,0.6014923334349533
wikitext,fixed,0.5,source_full,multinomial,m<n,0.5796020729987389,0.5662940624881484,0.5956782244853042
wikitext,fixed,0.5,multinomial_jackknife,multinomial,m<n,-0.3281986618087447,-0.33387048204359804,-0.3229065406029493
wikitext,fixed,0.5,source_jackknife,multinomial,m<n,0.18915288159062216,0.17503917298261673,0.20614868962551922
wikitext,fixed,1,source_same_lag,multinomial,full,0.21835955649359176,0.21537506001169424,0.22189856507180664
wikitext,fixed,1,source_same_lag,multinomial,m>n,0.08018796740620007,0.0785385278744984,0.08148595904081082
wikitext,fixed,1,source_full,multinomial,full,0.21724637991478427,0.21456288639253318,0.22045118494933985
wikitext,fixed,1,source_full,multinomial,m>n,0.08202100781289826,0.08038528108115028,0.08333342219193794
wikitext,fixed,1,multinomial_jackknife,multinomial,full,-0.06668718900551651,-0.07047331135377054,-0.0631091759952281
wikitext,fixed,1,multinomial_jackknife,multinomial,m>n,0.041707772796242076,0.03514753182155117,0.0482258681058426
wikitext,fixed,1,source_jackknife,multinomial,full,0.11753318331584953,0.11178692507558255,0.12379059406431513
wikitext,fixed,1,source_jackknife,multinomial,m>n,0.14012735823474612,0.13253831004653402,0.1476994443829757
wikitext,fixed,1,bootstrap,multinomial,full,0.1254942328243893,0.11939559734277051,0.13200504854948103
wikitext,fixed,1,bootstrap,multinomial,m>n,0.03808478761880313,0.030208217286126826,0.0464961323808857
wikitext,fixed,1,bootstrap_jackknife,multinomial,full,-0.07761433375760698,-0.0832021363488842,-0.07101513272276481
wikitext,fixed,1,bootstrap_jackknife,multinomial,m>n,-0.07694456741152597,-0.08161301149810654,-0.07031735803848181
wikitext,fixed,1,source_same_lag,multinomial,m=n,0.29806010889861334,0.29319029967250654,0.3028930670282717
wikitext,fixed,1,source_full,multinomial,m=n,0.29186459072993254,0.28781464376120314,0.29591453769866216
wikitext,fixed,1,multinomial_jackknife,multinomial,m=n,-0.2073924965755395,-0.21096208681033726,-0.2037438454028762
wikitext,fixed,1,source_jackknife,multinomial,m=n,-0.04851279801221853,-0.05322335656489893,-0.04319009846602148
wikitext,fixed,1,bootstrap,multinomial,m=n,0.1610018981553024,0.1549120083226463,0.16789481132714248
wikitext,fixed,1,bootstrap_jackknife,multinomial,m=n,-0.12987069688302885,-0.13918991777093098,-0.11908034239915732
wikitext,fixed,1,source_same_lag,multinomial,m<n,0.5992309677132087,0.5869846726718111,0.6141359532012881
wikitext,fixed,1,source_full,multinomial,m<n,0.5933794094392565,0.5817371568693426,0.6074010461816919
wikitext,fixed,1,multinomial_jackknife,multinomial,m<n,-0.287298420774689,-0.29389903399886635,-0.2814597658423103
wikitext,fixed,1,source_jackknife,multinomial,m<n,0.20826524824759596,0.19640851997876863,0.2220720075337953
wikitext,fixed,1,bootstrap,multinomial,m<n,0.3813513848454293,0.3712849844786185,0.3920519908434762
wikitext,fixed,1,bootstrap_jackknife,multinomial,m<n,-0.027590525119121967,-0.03848105495755716,-0.017423302502275417
wikitext,fixed,2,source_same_lag,multinomial,full,0.16936485361222384,0.16622627562769315,0.17279866774737898
wikitext,fixed,2,source_same_lag,multinomial,m>n,0.061330667970381246,0.057616846343986575,0.06472090836438289
wikitext,fixed,2,source_full,multinomial,full,0.16818201853105727,0.165395371995289,0.17118534254197204
wikitext,fixed,2,source_full,multinomial,m>n,0.06335130782609649,0.05968494045182609,0.06669558549252662
wikitext,fixed,2,multinomial_jackknife,multinomial,full,-0.07054405520253568,-0.0742990479830001,-0.06658414216495437
wikitext,fixed,2,multinomial_jackknife,multinomial,m>n,-0.0012810573404963416,-0.007910623985851626,0.006066546298973046
wikitext,fixed,2,source_jackknife,multinomial,full,0.08250152470005775,0.07599174495627455,0.08936087020045604
wikitext,fixed,2,source_jackknife,multinomial,m>n,0.12259224419350404,0.11124126920062134,0.1333522689347472
wikitext,fixed,2,source_same_lag,multinomial,m=n,0.196188070962347,0.19323527409117108,0.19942778417637858
wikitext,fixed,2,source_full,multinomial,m=n,0.1893785141132526,0.18704807754389507,0.19226923401383883
wikitext,fixed,2,multinomial_jackknife,multinomial,m=n,-0.14037463156722044,-0.14358775459623357,-0.13702066820941528
wikitext,fixed,2,source_jackknife,multinomial,m=n,-0.09907160961035547,-0.10347528921513431,-0.09391498478961886
wikitext,fixed,2,source_same_lag,multinomial,m<n,0.5026555884015755,0.4943910900277328,0.5128971900720043
wikitext,fixed,2,source_full,multinomial,m<n,0.49642122529873084,0.48880094880848196,0.5056767488776347
wikitext,fixed,2,multinomial_jackknife,multinomial,m<n,-0.2315901383779822,-0.2379019278304185,-0.22568451483243762
wikitext,fixed,2,source_jackknife,multinomial,m<n,0.13043892736565005,0.12270957169984986,0.13864405874056313
wikitext,fixed,5,source_same_lag,multinomial,full,0.06653262223667508,0.061597480103805904,0.07180144280925134
wikitext,fixed,5,source_same_lag,multinomial,m>n,-0.004716297069251071,-0.012824171166026624,0.003475406314353857
wikitext,fixed,5,source_full,multinomial,full,0.06526451154829854,0.0604938418564272,0.0703065578174478
wikitext,fixed,5,source_full,multinomial,m>n,-0.002196786882065982,-0.010331347812819837,0.005972956203545493
wikitext,fixed,5,multinomial_jackknife,multinomial,full,-0.06035788636210651,-0.06257401401623616,-0.05813458570624874
wikitext,fixed,5,multinomial_jackknife,multinomial,m>n,-0.028904590158388276,-0.030143217960178104,-0.02768834427112899
wikitext,fixed,5,source_jackknife,multinomial,full,0.0022714047410174187,-0.007850616471784528,0.012894542298170657
wikitext,fixed,5,source_jackknife,multinomial,m>n,0.045243127510581155,0.028440488207569614,0.061124329310245536
wikitext,fixed,5,bootstrap,multinomial,full,0.06567994351540368,0.06233389855037237,0.06951937200058175
wikitext,fixed,5,bootstrap,multinomial,m>n,0.0032484954988640374,-0.0005652708221248054,0.008006261893009861
wikitext,fixed,5,bootstrap_jackknife,multinomial,full,-0.06066242004616418,-0.06495783237901767,-0.055756522669125536
wikitext,fixed,5,bootstrap_jackknife,multinomial,m>n,-0.059860156823301244,-0.06485626454725471,-0.05378781834903774
wikitext,fixed,5,source_same_lag,multinomial,m=n,0.07063866183561857,0.06671903610744018,0.07454534001926169
wikitext,fixed,5,source_full,multinomial,m=n,0.06257229273505249,0.05893921658632617,0.06640489615517917
wikitext,fixed,5,multinomial_jackknife,multinomial,m=n,-0.07514099602498367,-0.07832475299203948,-0.07186725803994785
wikitext,fixed,5,source_jackknife,multinomial,m=n,-0.1282965007430679,-0.13508940622042884,-0.12101624897903586
wikitext,fixed,5,bootstrap,multinomial,m=n,0.08134226314095996,0.07772788845130094,0.08506206935468658
wikitext,fixed,5,bootstrap_jackknife,multinomial,m=n,-0.08999027074547111,-0.09730346340718708,-0.08251765593829521
wikitext,fixed,5,source_same_lag,multinomial,m<n,0.29992298032415204,0.29537808929662346,0.30490095223550717
wikitext,fixed,5,source_full,multinomial,m<n,0.2928277251294264,0.2887423617136095,0.2966798631532321
wikitext,fixed,5,multinomial_jackknife,multinomial,m<n,-0.15041909737829023,-0.15570325502052138,-0.1451253043059928
wikitext,fixed,5,source_jackknife,multinomial,m<n,-0.010399765673443306,-0.015910293689951924,-0.005483400458221488
wikitext,fixed,5,bootstrap,multinomial,m<n,0.25812245061164635,0.2528649266175431,0.2626786819382331
wikitext,fixed,5,bootstrap_jackknife,multinomial,m<n,-0.03400878008973379,-0.04202541820716152,-0.026518449256101556
wikitext,fixed,10,source_same_lag,multinomial,full,-0.007250481193053007,-0.011774574721143152,-0.0024864052783829253
wikitext,fixed,10,source_same_lag,multinomial,m>n,-0.060714763578332616,-0.06751728526704466,-0.05323473433212135
wikitext,fixed,10,source_full,multinomial,full,-0.008688366195158226,-0.013446439456342725,-0.0038691701614242974
wikitext,fixed,10,source_full,multinomial,m>n,-0.05771064266097331,-0.06514055088629053,-0.04999651402906171
wikitext,fixed,10,multinomial_jackknife,multinomial,full,-0.03545659699459108,-0.03718791126884759,-0.03358726214544844
wikitext,fixed,10,multinomial_jackknife,multinomial,m>n,-0.013582370253762563,-0.014482501734252529,-0.0127318628557639
wikitext,fixed,10,source_jackknife,multinomial,full,-0.05065100721124598,-0.06133434796266399,-0.039920797433086144
wikitext,fixed,10,source_jackknife,multinomial,m>n,-0.021497869450731552,-0.037075926344812084,-0.007078061435750553
wikitext,fixed,10,source_same_lag,multinomial,m=n,0.00020288952853877995,-0.005015061556762624,0.005452201772619237
wikitext,fixed,10,source_full,multinomial,m=n,-0.009294124813516158,-0.014814567410396037,-0.003948080773556517
wikitext,fixed,10,multinomial_jackknife,multinomial,m=n,-0.0445487136894331,-0.04688611593083401,-0.04216001939249776
wikitext,fixed,10,source_jackknife,multinomial,m=n,-0.11740503997014663,-0.12830577522135705,-0.10467771157315953
wikitext,fixed,10,source_same_lag,multinomial,m<n,0.16351042270295385,0.15841712609842254,0.16706063098737875
wikitext,fixed,10,source_full,multinomial,m<n,0.1553249806425832,0.15033362171372133,0.15876537550590217
wikitext,fixed,10,multinomial_jackknife,multinomial,m<n,-0.09927856943584416,-0.10344886226330485,-0.09478204231552817
wikitext,fixed,10,source_jackknife,multinomial,m<n,-0.08107410032072687,-0.08870663897056975,-0.07399746531180286
wikitext,fixed,20,source_same_lag,multinomial,full,-0.061788150030137545,-0.06704548294045208,-0.05686277431607476
wikitext,fixed,20,source_same_lag,multinomial,m>n,-0.10240694461357111,-0.10906080028894057,-0.09549239671957456
wikitext,fixed,20,source_full,multinomial,full,-0.06341729741281131,-0.06875551256908322,-0.05805177451346256
wikitext,fixed,20,source_full,multinomial,m>n,-0.09855223291338353,-0.10587520052787586,-0.09054052930119066
wikitext,fixed,20,multinomial_jackknife,multinomial,full,-0.018953707861278035,-0.020132148125410892,-0.017626303230885362
wikitext,fixed,20,multinomial_jackknife,multinomial,m>n,-0.004055366719381198,-0.0046126494518595185,-0.0035286905075152942
wikitext,fixed,20,source_jackknife,multinomial,full,-0.08961900769786595,-0.09965364970990327,-0.07946152876575346
wikitext,fixed,20,source_jackknife,multinomial,m>n,-0.07306144499720957,-0.0869475101852749,-0.05966196653738402
wikitext,fixed,20,bootstrap,multinomial,full,-0.05451275429627124,-0.05889315066470788,-0.050335650063928705
wikitext,fixed,20,bootstrap,multinomial,m>n,-0.0955453763813512,-0.09951376349302277,-0.09047464777781164
wikitext,fixed,20,bootstrap_jackknife,multinomial,full,-0.11160344438635894,-0.11671297484442292,-0.10516315939750095
wikitext,fixed,20,bootstrap_jackknife,multinomial,m>n,-0.11369186729874325,-0.11963674836485988,-0.10481219073381787
wikitext,fixed,20,source_same_lag,multinomial,m=n,-0.05013225698980764,-0.056502298613751584,-0.04376221536586364
wikitext,fixed,20,source_full,multinomial,m=n,-0.06184089944250552,-0.06837564180334534,-0.05547370355631459
wikitext,fixed,20,multinomial_jackknife,multinomial,m=n,-0.02496196208913297,-0.02642971623406333,-0.023344729361103114
wikitext,fixed,20,source_jackknife,multinomial,m=n,-0.11507796079711208,-0.12699015557374482,-0.10174039842588921
wikitext,fixed,20,bootstrap,multinomial,m=n,-0.03471499564140697,-0.03958210472697836,-0.030138097310855733
wikitext,fixed,20,bootstrap_jackknife,multinomial,m=n,-0.1146058289739262,-0.11943626780837653,-0.1104561838289875
wikitext,fixed,20,source_same_lag,multinomial,m<n,0.06195193887431116,0.0554769815839653,0.0668532591181572
wikitext,fixed,20,source_full,multinomial,m<n,0.05212275628545704,0.04551108939537163,0.05739753769943545
wikitext,fixed,20,multinomial_jackknife,multinomial,m<n,-0.06260659077307908,-0.06578033536295604,-0.05894290759355175
wikitext,fixed,20,source_jackknife,multinomial,m<n,-0.11935193026747432,-0.12849962550438027,-0.11029821813739957
wikitext,fixed,20,bootstrap,multinomial,m<n,0.06246489399913113,0.055070777967285545,0.06794708872346389
wikitext,fixed,20,bootstrap_jackknife,multinomial,m<n,-0.10163965009084391,-0.11290942649744906,-0.09159538300482875
wikitext,fixed,50,source_same_lag,multinomial,full,-0.10867253151902226,-0.11286572630821992,-0.10335818412817535
wikitext,fixed,50,source_same_lag,multinomial,m>n,-0.13814219815386233,-0.14105231574957544,-0.13261284539631799
wikitext,fixed,50,source_full,multinomial,full,-0.1132692144637065,-0.12106236212787147,-0.10507280653305129
wikitext,fixed,50,source_full,multinomial,m>n,-0.13641337256233135,-0.14754277190370033,-0.12395266395767175
wikitext,fixed,50,multinomial_jackknife,multinomial,full,-0.005812875464961842,-0.00643847632828462,-0.005115275437091753
wikitext,fixed,50,multinomial_jackknife,multinomial,m>n,0.0029568220875168805,0.0027147815571850753,0.0031991478544045613
wikitext,fixed,50,source_jackknife,multinomial,full,-0.12589421392657912,-0.1379788582755903,-0.11358920238629783
wikitext,fixed,50,source_jackknife,multinomial,m>n,-0.12297214004210666,-0.13845116287753806,-0.10812136684457074
wikitext,fixed,50,source_same_lag,multinomial,m=n,-0.0925712078537913,-0.09901881937029358,-0.08615876812527187
wikitext,fixed,50,source_full,multinomial,m=n,-0.1093808418531125,-0.11609725946894842,-0.10289882528556335
wikitext,fixed,50,multinomial_jackknife,multinomial,m=n,-0.009001326319025643,-0.009681134545552444,-0.008237022973758557
wikitext,fixed,50,source_jackknife,multinomial,m=n,-0.12518258173198354,-0.13773156794563868,-0.1109420662770111
wikitext,fixed,50,source_same_lag,multinomial,m<n,-0.026541633068119797,-0.034059569153050945,-0.020264679384862705
wikitext,fixed,50,source_full,multinomial,m<n,-0.04001039341221786,-0.04800806231447605,-0.0332273928260528
wikitext,fixed,50,multinomial_jackknife,multinomial,m<n,-0.03185674978582731,-0.03375373349147946,-0.029681918160011644
wikitext,fixed,50,source_jackknife,multinomial,m<n,-0.13634609240274978,-0.14460485951416024,-0.1285587324311726
wikitext,refit,0.5,source_same_lag,multinomial,full,0.23203601187812917,0.2280888315057399,0.23658402997821515
wikitext,refit,0.5,source_same_lag,multinomial,m>n,0.08996420767602309,0.08879470124831026,0.09101568074415317
wikitext,refit,0.5,source_full,multinomial,full,0.23100017833398845,0.2273202366113939,0.2351621581526928
wikitext,refit,0.5,source_full,multinomial,m>n,0.09157220590626855,0.09035859092935183,0.09269885180748323
wikitext,refit,0.5,multinomial_jackknife,multinomial,full,-0.0698219577037888,-0.07402441054088521,-0.06548455674281183
wikitext,refit,0.5,multinomial_jackknife,multinomial,m>n,0.06771999418804672,0.060507351093799865,0.07512136443725274
wikitext,refit,0.5,source_jackknife,multinomial,full,0.11197363492080042,0.10518720099947866,0.11942316478953204
wikitext,refit,0.5,source_jackknife,multinomial,m>n,0.1277340474176624,0.12125196306508308,0.1348060911947622
wikitext,refit,0.5,source_same_lag,multinomial,m=n,0.35503114011738485,0.34709136979750144,0.3629972192385358
wikitext,refit,0.5,source_full,multinomial,m=n,0.34947160443479647,0.3421867939641526,0.35666753297938775
wikitext,refit,0.5,multinomial_jackknife,multinomial,m=n,-0.2707904183836262,-0.2751476435333821,-0.2665850566688994
wikitext,refit,0.5,source_jackknife,multinomial,m=n,-0.015825798759546816,-0.02401237350723462,-0.007944577928189643
wikitext,refit,0.5,source_same_lag,multinomial,m<n,0.5826135643125606,0.5681969348178074,0.6002026129167694
wikitext,refit,0.5,source_full,multinomial,m<n,0.5772886603255795,0.5632787324577676,0.5942258398372756
wikitext,refit,0.5,multinomial_jackknife,multinomial,m<n,-0.3273266699967362,-0.333055351193413,-0.3217483764337108
wikitext,refit,0.5,source_jackknife,multinomial,m<n,0.18723836027827423,0.17222162315115097,0.20508640860658156
wikitext,refit,1,source_same_lag,multinomial,full,0.2184829750372197,0.2151322185833918,0.22222277044846797
wikitext,refit,1,source_same_lag,multinomial,m>n,0.08165676705136658,0.07975409196706895,0.0831931444004452
wikitext,refit,1,source_full,multinomial,full,0.2173961034078538,0.21433114587847607,0.22081333885351212
wikitext,refit,1,source_full,multinomial,m>n,0.08343125816833889,0.08154798181972692,0.0849712092073385
wikitext,refit,1,multinomial_jackknife,multinomial,full,-0.06868046767390384,-0.07262981780442078,-0.06494198320166313
wikitext,refit,1,multinomial_jackknife,multinomial,m>n,0.03804397773024064,0.03107096843471457,0.04495964970574446
wikitext,refit,1,source_jackknife,multinomial,full,0.11748286629830929,0.1113364248751573,0.12399045788274562
wikitext,refit,1,source_jackknife,multinomial,m>n,0.14107956024367402,0.13290198821851038,0.14909422442953327
wikitext,refit,1,bootstrap,multinomial,full,0.12561974460992242,0.11922972996475156,0.1326274509193495
wikitext,refit,1,bootstrap,multinomial,m>n,0.03973313859712381,0.03166729503314541,0.04855154196008432
wikitext,refit,1,bootstrap_jackknife,multinomial,full,-0.07756444522630099,-0.08356455411238996,-0.0703470764925996
wikitext,refit,1,bootstrap_jackknife,multinomial,m>n,-0.07551916601412328,-0.08053824547310681,-0.06835878850508144
wikitext,refit,1,source_same_lag,multinomial,m=n,0.29549902473956374,0.29012889158171934,0.30083471664308226
wikitext,refit,1,source_full,multinomial,m=n,0.289474203059712,0.2849366419625029,0.29402239979941325
wikitext,refit,1,multinomial_jackknife,multinomial,m=n,-0.20659188236258255,-0.2102960297255145,-0.2026872837303433
wikitext,refit,1,source_jackknife,multinomial,m=n,-0.050709292499629466,-0.0560380061574548,-0.04493738063154892
wikitext,refit,1,bootstrap,multinomial,m=n,0.15798112269971332,0.15159102865964644,0.16546731207191098
wikitext,refit,1,bootstrap_jackknife,multinomial,m=n,-0.13277699736776344,-0.14244923500782833,-0.12153400862737912
wikitext,refit,1,source_same_lag,multinomial,m<n,0.5975542852877193,0.5848298819789564,0.6131115532265237
wikitext,refit,1,source_full,multinomial,m<n,0.5918674878877118,0.5797216204597296,0.606383339115232
wikitext,refit,1,multinomial_jackknife,multinomial,m<n,-0.2865172043323733,-0.2931740923722402,-0.280438583003542
wikitext,refit,1,source_jackknife,multinomial,m<n,0.20701937861169895,0.19454322562138882,0.22143325021681703
wikitext,refit,1,bootstrap,multinomial,m<n,0.37954705322946025,0.36901019871030616,0.3906200406297011
wikitext,refit,1,bootstrap_jackknife,multinomial,m<n,-0.029169490458764158,-0.04075657740358729,-0.018575921239821214
wikitext,refit,2,source_same_lag,multinomial,full,0.16879033401651838,0.1655433235945447,0.17234105351345744
wikitext,refit,2,source_same_lag,multinomial,m>n,0.061211562236380065,0.05723049252766034,0.06482435803960566
wikitext,refit,2,source_full,multinomial,full,0.1676204831102962,0.16472542239952148,0.17073200866518912
wikitext,refit,2,source_full,multinomial,m>n,0.06319878622459202,0.05926883921707611,0.06675952589830338
wikitext,refit,2,multinomial_jackknife,multinomial,full,-0.07216003456181269,-0.07590104451133764,-0.06822011060164937
wikitext,refit,2,multinomial_jackknife,multinomial,m>n,-0.004166369267160797,-0.010857455453546438,0.0031205857223357563
wikitext,refit,2,source_jackknife,multinomial,full,0.08188275574332948,0.07509481404008393,0.08893329918549796
wikitext,refit,2,source_jackknife,multinomial,m>n,0.12231060239288301,0.11042329233454047,0.13350064313216561
wikitext,refit,2,source_same_lag,multinomial,m=n,0.19447797504175282,0.19130004411027396,0.1978755381066933
wikitext,refit,2,source_full,multinomial,m=n,0.18776410956719145,0.1851627292901234,0.19086620596752005
wikitext,refit,2,multinomial_jackknife,multinomial,m=n,-0.13991447592708794,-0.14321965543158122,-0.1366138295465327
wikitext,refit,2,source_jackknife,multinomial,m=n,-0.10067333429032951,-0.10528258572712089,-0.09527861313061413
wikitext,refit,2,source_same_lag,multinomial,m<n,0.5016985989250782,0.49320607313522163,0.5120833082322118
wikitext,refit,2,source_full,multinomial,m<n,0.49554917960574807,0.48768804310888775,0.5051363957715949
wikitext,refit,2,multinomial_jackknife,multinomial,m<n,-0.2310511441787105,-0.23757581090979443,-0.22515221396197535
wikitext,refit,2,source_jackknife,multinomial,m<n,0.12967935694514354,0.121623765817294,0.13819408776866365
wikitext,refit,5,source_same_lag,multinomial,full,0.06653262223667514,0.06159748010380599,0.07180144280925138
wikitext,refit,5,source_same_lag,multinomial,m>n,-0.0047162970692510575,-0.012824171166026488,0.003475406314353819
wikitext,refit,5,source_full,multinomial,full,0.06526451154829854,0.06049384185642729,0.07030655781744782
wikitext,refit,5,source_full,multinomial,m>n,-0.0021967868820660236,-0.010331347812819865,0.00597295620354548
wikitext,refit,5,multinomial_jackknife,multinomial,full,-0.06035788636210652,-0.06257401401623622,-0.058134585706248756
wikitext,refit,5,multinomial_jackknife,multinomial,m>n,-0.02890459015838829,-0.03014321796017809,-0.027688344271128984
wikitext,refit,5,source_jackknife,multinomial,full,0.0022714047410173355,-0.007850616471784415,0.012894542298170698
wikitext,refit,5,source_jackknife,multinomial,m>n,0.0452431275105811,0.02844048820756957,0.061124329310245334
wikitext,refit,5,bootstrap,multinomial,full,0.06567994351540382,0.06233389855037248,0.06951937200058202
wikitext,refit,5,bootstrap,multinomial,m>n,0.0032484954988641485,-0.0005652708221246805,0.008006261893010055
wikitext,refit,5,bootstrap_jackknife,multinomial,full,-0.06066242004616411,-0.06495783237901769,-0.05575652266912521
wikitext,refit,5,bootstrap_jackknife,multinomial,m>n,-0.05986015682330119,-0.06485626454725459,-0.05378781834903769
wikitext,refit,5,source_same_lag,multinomial,m=n,0.07063866183561865,0.06671903610744026,0.07454534001926172
wikitext,refit,5,source_full,multinomial,m=n,0.06257229273505252,0.05893921658632617,0.06640489615517922
wikitext,refit,5,multinomial_jackknife,multinomial,m=n,-0.07514099602498368,-0.07832475299203953,-0.0718672580399479
wikitext,refit,5,source_jackknife,multinomial,m=n,-0.12829650074306803,-0.13508940622042875,-0.12101624897903585
wikitext,refit,5,bootstrap,multinomial,m=n,0.08134226314095994,0.07772788845130066,0.08506206935468663
wikitext,refit,5,bootstrap_jackknife,multinomial,m=n,-0.08999027074547111,-0.09730346340718746,-0.0825176559382951
wikitext,refit,5,source_same_lag,multinomial,m<n,0.29992298032415216,0.2953780892966234,0.3049009522355073
wikitext,refit,5,source_full,multinomial,m<n,0.2928277251294264,0.28874236171360956,0.2966798631532321
wikitext,refit,5,multinomial_jackknife,multinomial,m<n,-0.15041909737829023,-0.1557032550205214,-0.14512530430599296
wikitext,refit,5,source_jackknife,multinomial,m<n,-0.010399765673443195,-0.015910293689951976,-0.005483400458221376
wikitext,refit,5,bootstrap,multinomial,m<n,0.25812245061164646,0.2528649266175429,0.2626786819382331
wikitext,refit,5,bootstrap_jackknife,multinomial,m<n,-0.03400878008973354,-0.04202541820716141,-0.026518449256101445
wikitext,refit,10,source_same_lag,multinomial,full,-0.0048101251934736244,-0.0092518299231121,-0.00013203689374519966
wikitext,refit,10,source_same_lag,multinomial,m>n,-0.05771922307889033,-0.06442110016868123,-0.05038011630417539
wikitext,refit,10,source_full,multinomial,full,-0.006246352330337823,-0.010885800650024646,-0.0015517353126276823
wikitext,refit,10,source_full,multinomial,m>n,-0.05469607371904403,-0.061988142686950194,-0.04722157555272302
wikitext,refit,10,multinomial_jackknife,multinomial,full,-0.035812440986472766,-0.037540339264659606,-0.03394028291677523
wikitext,refit,10,multinomial_jackknife,multinomial,m>n,-0.013934838510107836,-0.01484410002210644,-0.013094572487895945
wikitext,refit,10,source_jackknife,multinomial,full,-0.04817973688547758,-0.058565641769350696,-0.03763054334312404
wikitext,refit,10,source_jackknife,multinomial,m>n,-0.018552237025417126,-0.03371041266533782,-0.004476775905898249
wikitext,refit,10,source_same_lag,multinomial,m=n,0.0021590370579278595,-0.0029091995760669185,0.0073122517562910225
wikitext,refit,10,source_full,multinomial,m=n,-0.007370590119878839,-0.012677967459190073,-0.002188029621168987
wikitext,refit,10,multinomial_jackknife,multinomial,m=n,-0.04491069760548881,-0.04724932669860117,-0.04251830866010685
wikitext,refit,10,source_jackknife,multinomial,m=n,-0.11527505937232532,-0.12606775618416668,-0.10273927111310985
wikitext,refit,10,source_same_lag,multinomial,m<n,0.16458437217318064,0.15954874789386878,0.16796251923165834
wikitext,refit,10,source_full,multinomial,m<n,0.15637695675489058,0.15143174380742294,0.15973866907904233
wikitext,refit,10,multinomial_jackknife,multinomial,m<n,-0.09963952595533983,-0.1037832888075044,-0.09515408020198186
wikitext,refit,10,source_jackknife,multinomial,m<n,-0.07984274726549802,-0.08732250834102853,-0.07272584448596922
wikitext,refit,20,source_same_lag,multinomial,full,-0.05687040011905958,-0.06187986890552335,-0.05222578808092948
wikitext,refit,20,source_same_lag,multinomial,m>n,-0.09655422183753282,-0.10283080031495268,-0.0899496094083343
wikitext,refit,20,source_full,multinomial,full,-0.058501538224202024,-0.06355954674223334,-0.05334509810243516
wikitext,refit,20,source_full,multinomial,m>n,-0.09269747484020843,-0.09959123342411061,-0.0851647406669872
wikitext,refit,20,multinomial_jackknife,multinomial,full,-0.0195611040369318,-0.0207291542940084,-0.018240077197621662
wikitext,refit,20,multinomial_jackknife,multinomial,m>n,-0.004697400648330088,-0.0052626423602724496,-0.004174596340250353
wikitext,refit,20,source_jackknife,multinomial,full,-0.08457911583155034,-0.09405309735080193,-0.07479860769861335
wikitext,refit,20,source_jackknife,multinomial,m>n,-0.06729896276835137,-0.08059881161938222,-0.0544765276656277
wikitext,refit,20,bootstrap,multinomial,full,-0.049797065262545015,-0.05387268285004992,-0.045788026954365686
wikitext,refit,20,bootstrap,multinomial,m>n,-0.0899810103968039,-0.09378272793192471,-0.08507939125187444
wikitext,refit,20,bootstrap_jackknife,multinomial,full,-0.10637885755230479,-0.11135363969984148,-0.10018267915993238
wikitext,refit,20,bootstrap_jackknife,multinomial,m>n,-0.10766115290877842,-0.11348069962364143,-0.09920160940813769
wikitext,refit,20,source_same_lag,multinomial,m=n,-0.04600535583013153,-0.05205279635781375,-0.039949893559760134
wikitext,refit,20,source_full,multinomial,m=n,-0.0577232124391579,-0.06397096447976146,-0.05157234549745358
wikitext,refit,20,multinomial_jackknife,multinomial,m=n,-0.025538177494309103,-0.027004617530722627,-0.023916995965014246
wikitext,refit,20,source_jackknife,multinomial,m=n,-0.1105917785089088,-0.12215647598722135,-0.09784589386395072
wikitext,refit,20,bootstrap,multinomial,m=n,-0.0307048385853,-0.035125278133563864,-0.02655868005173699
wikitext,refit,20,bootstrap_jackknife,multinomial,m=n,-0.10993453738538146,-0.11433457852809496,-0.10626261195523938
wikitext,refit,20,source_same_lag,multinomial,m<n,0.06454396132025647,0.058324292365173586,0.06913723877437242
wikitext,refit,20,source_full,multinomial,m<n,0.05470659137744191,0.048302106112408205,0.059706553986695776
wikitext,refit,20,multinomial_jackknife,multinomial,m<n,-0.06312970854156015,-0.0662478980236263,-0.05948085301485147
wikitext,refit,20,source_jackknife,multinomial,m<n,-0.11616696336485516,-0.12495338302628137,-0.10736993876147755
wikitext,refit,20,bootstrap,multinomial,m<n,0.06505719184107289,0.057956748981880024,0.07046742508286066
wikitext,refit,20,bootstrap_jackknife,multinomial,m<n,-0.09854885986431598,-0.10940719265242771,-0.08894963857815905
wikitext,refit,50,source_same_lag,multinomial,full,-0.10126142016193193,-0.1052145069848759,-0.09639423799144778
wikitext,refit,50,source_same_lag,multinomial,m>n,-0.12961440107857972,-0.13239659306150942,-0.12474688131828963
wikitext,refit,50,source_full,multinomial,full,-0.10584101368713446,-0.11291396735936657,-0.09862096215185057
wikitext,refit,50,source_full,multinomial,m>n,-0.12789357756800634,-0.13775810164047733,-0.11684418373034276
wikitext,refit,50,multinomial_jackknife,multinomial,full,-0.006604751175921936,-0.007221973240896462,-0.005901595921030871
wikitext,refit,50,multinomial_jackknife,multinomial,m>n,0.0020615452639490828,0.001823856360082643,0.00229247639295005
wikitext,refit,50,source_jackknife,multinomial,full,-0.11829521807737556,-0.12926490394345572,-0.10704446485557678
wikitext,refit,50,source_jackknife,multinomial,m>n,-0.1146006134607679,-0.12858106920559642,-0.10117508282190986
wikitext,refit,50,source_same_lag,multinomial,m=n,-0.08618447765073908,-0.0920692327737062,-0.08018613244423371
wikitext,refit,50,source_full,multinomial,m=n,-0.1028964495368882,-0.10901147297399795,-0.09662908197511519
wikitext,refit,50,multinomial_jackknife,multinomial,m=n,-0.009719858517130614,-0.01041541229164046,-0.008957254776302687
wikitext,refit,50,source_jackknife,multinomial,m=n,-0.1181791474150037,-0.1298675083685988,-0.10493780436903516
wikitext,refit,50,source_same_lag,multinomial,m<n,-0.021828426284298902,-0.028674370469738836,-0.01602996038497642
wikitext,refit,50,source_full,multinomial,m<n,-0.03527703156780772,-0.042829385397348624,-0.028830320984335207
wikitext,refit,50,multinomial_jackknife,multinomial,m<n,-0.03237729863428335,-0.03422557737375152,-0.030252550034395503
wikitext,refit,50,source_jackknife,multinomial,m<n,-0.13072663746177288,-0.13872495787441336,-0.12319864219915665
cnn_dailymail,fixed,0.5,source_same_lag,multinomial,full,0.19671167235470038,0.19049135841583492,0.20409987820345793
cnn_dailymail,fixed,0.5,source_same_lag,multinomial,m>n,0.06941944011776396,0.06766852454166816,0.07125891802668918
cnn_dailymail,fixed,0.5,source_full,multinomial,full,0.19604117177241642,0.18979321149344114,0.20337810811538137
cnn_dailymail,fixed,0.5,source_full,multinomial,m>n,0.07062790623481388,0.06881560027221253,0.07253162864221929
cnn_dailymail,fixed,0.5,multinomial_jackknife,multinomial,full,-0.06153435036918503,-0.06683475316386811,-0.055958827587791325
cnn_dailymail,fixed,0.5,multinomial_jackknife,multinomial,m>n,0.06742399361264734,0.0577772284462718,0.0778833448177548
cnn_dailymail,fixed,0.5,source_jackknife,multinomial,full,0.08326682641093364,0.07374715614768805,0.09462666498333837
cnn_dailymail,fixed,0.5,source_jackknife,multinomial,m>n,0.1070436856922454,0.09779372206630159,0.11748954811944332
cnn_dailymail,fixed,0.5,source_same_lag,multinomial,m=n,0.3101612670948,0.3005052815161913,0.31991814474757596
cnn_dailymail,fixed,0.5,source_full,multinomial,m=n,0.3061397704599393,0.2968562293050555,0.3155011097499735
cnn_dailymail,fixed,0.5,multinomial_jackknife,multinomial,m=n,-0.24812521729834752,-0.25203852507316993,-0.24421190952352512
cnn_dailymail,fixed,0.5,source_jackknife,multinomial,m=n,-0.040174322775761495,-0.04618098670915671,-0.03384333594502187
cnn_dailymail,fixed,0.5,source_same_lag,multinomial,m<n,0.5075695184043888,0.4887442554665865,0.5308267395564623
cnn_dailymail,fixed,0.5,source_full,multinomial,m<n,0.5039867915435686,0.485148182135439,0.5272527366612207
cnn_dailymail,fixed,0.5,multinomial_jackknife,multinomial,m<n,-0.30480463004613095,-0.3091004114840941,-0.3007565828588193
cnn_dailymail,fixed,0.5,source_jackknife,multinomial,m<n,0.12745177799325602,0.1102347447384521,0.15237430699266252
cnn_dailymail,fixed,1,source_same_lag,multinomial,full,0.18582843577941638,0.18055210112869763,0.19193251314655216
cnn_dailymail,fixed,1,source_same_lag,multinomial,m>n,0.05928090091536359,0.058114495207324875,0.0604685106387032
cnn_dailymail,fixed,1,source_full,multinomial,full,0.18505111952999276,0.1798663485309727,0.19111000611158063
cnn_dailymail,fixed,1,source_full,multinomial,m>n,0.060494268487043784,0.05928177093119815,0.06173954025304468
cnn_dailymail,fixed,1,multinomial_jackknife,multinomial,full,-0.05508915661884592,-0.05929043494999693,-0.05069869624099431
cnn_dailymail,fixed,1,multinomial_jackknife,multinomial,m>n,0.04475472083350798,0.03765794961067994,0.052376142612530006
cnn_dailymail,fixed,1,source_jackknife,multinomial,full,0.08883074685347025,0.08142126913693572,0.09786717892483865
cnn_dailymail,fixed,1,source_jackknife,multinomial,m>n,0.11290131915711965,0.10572316029923785,0.1208699651996581
cnn_dailymail,fixed,1,bootstrap,multinomial,full,0.12087814613693432,0.11402903498522607,0.12720060081594053
cnn_dailymail,fixed,1,bootstrap,multinomial,m>n,0.03993326801433021,0.03185484487130327,0.048031060774538316
cnn_dailymail,fixed,1,bootstrap_jackknife,multinomial,full,-0.06844589326357356,-0.07352380617134266,-0.06350314388259577
cnn_dailymail,fixed,1,bootstrap_jackknife,multinomial,m>n,-0.06543637102916702,-0.07165299349482242,-0.05842888034176927
cnn_dailymail,fixed,1,source_same_lag,multinomial,m=n,0.2647258772818125,0.25754017578413846,0.2720616783792331
cnn_dailymail,fixed,1,source_full,multinomial,m=n,0.2603803483298919,0.2536196907678785,0.2673104440247399
cnn_dailymail,fixed,1,multinomial_jackknife,multinomial,m=n,-0.18152439465643908,-0.18556808844658368,-0.17731863480522478
cnn_dailymail,fixed,1,source_jackknife,multinomial,m=n,-0.058199504607266944,-0.06186722968402392,-0.054355237666538214
cnn_dailymail,fixed,1,bootstrap,multinomial,m=n,0.1595971083374533,0.15417732447160218,0.16572439994086216
cnn_dailymail,fixed,1,bootstrap_jackknife,multinomial,m=n,-0.11032268650663916,-0.11455959827143163,-0.10594542866043516
cnn_dailymail,fixed,1,source_same_lag,multinomial,m<n,0.5287561104905302,0.5111943003969422,0.550073073233398
cnn_dailymail,fixed,1,source_full,multinomial,m<n,0.5249113942065905,0.5074553271907571,0.5461831882429113
cnn_dailymail,fixed,1,multinomial_jackknife,multinomial,m<n,-0.2614668434224322,-0.2662057971424361,-0.2569620800091849
cnn_dailymail,fixed,1,source_jackknife,multinomial,m<n,0.15562575730204298,0.13946758669884307,0.1780311936418384
cnn_dailymail,fixed,1,bootstrap,multinomial,m<n,0.3519754443450961,0.33484540686282593,0.37206078310260743
cnn_dailymail,fixed,1,bootstrap_jackknife,multinomial,m<n,-0.03660084080186288,-0.05204894863170687,-0.01771865187689326
cnn_dailymail,fixed,2,source_same_lag,multinomial,full,0.14785568930298407,0.1440726498508197,0.1521132397053153
cnn_dailymail,fixed,2,source_same_lag,multinomial,m>n,0.046108495604037764,0.04461063280647075,0.047423446659774264
cnn_dailymail,fixed,2,source_full,multinomial,full,0.1469915279345754,0.1432847105203572,0.15112927058176281
cnn_dailymail,fixed,2,source_full,multinomial,m>n,0.04738972005522249,0.04585393695052069,0.04875575307206736
cnn_dailymail,fixed,2,multinomial_jackknife,multinomial,full,-0.0484176062761494,-0.05157335216285518,-0.045138169740351314
cnn_dailymail,fixed,2,multinomial_jackknife,multinomial,m>n,0.018053870199019564,0.013479673230011528,0.022712849264525478
cnn_dailymail,fixed,2,source_jackknife,multinomial,full,0.06427831024356156,0.05924031218147052,0.07015356387143716
cnn_dailymail,fixed,2,source_jackknife,multinomial,m>n,0.09870012517702577,0.09295615637597301,0.10438336568611482
cnn_dailymail,fixed,2,source_same_lag,multinomial,m=n,0.18385829275283752,0.17972943773407155,0.18796985593864535
cnn_dailymail,fixed,2,source_full,multinomial,m=n,0.17914899057162356,0.17529219114415948,0.18287683234856372
cnn_dailymail,fixed,2,multinomial_jackknife,multinomial,m=n,-0.11321237906723705,-0.11902604387457667,-0.10623570758863753
cnn_dailymail,fixed,2,source_jackknife,multinomial,m=n,-0.08530608688875707,-0.0870291950911935,-0.0836749543300257
cnn_dailymail,fixed,2,source_same_lag,multinomial,m<n,0.4510103981829514,0.43829526725716944,0.4669366114664966
cnn_dailymail,fixed,2,source_full,multinomial,m<n,0.4468400915620372,0.43417046538049436,0.462729461879212
cnn_dailymail,fixed,2,multinomial_jackknife,multinomial,m<n,-0.20519442173562502,-0.20950260351696692,-0.20097143573037746
cnn_dailymail,fixed,2,source_jackknife,multinomial,m<n,0.09912332426433262,0.08784491168322374,0.11426730778921163
cnn_dailymail,fixed,5,source_same_lag,multinomial,full,0.08438499903972677,0.08155332384411382,0.08700790503206426
cnn_dailymail,fixed,5,source_same_lag,multinomial,m>n,0.023510906405275773,0.019419395455583882,0.027175536125826294
cnn_dailymail,fixed,5,source_full,multinomial,full,0.08346711535941778,0.08066171525741966,0.08608693207116665
cnn_dailymail,fixed,5,source_full,multinomial,m>n,0.025071977895614012,0.02098355078728401,0.028702078392036808
cnn_dailymail,fixed,5,multinomial_jackknife,multinomial,full,-0.04120447648444271,-0.044240956902273774,-0.037637371042765676
cnn_dailymail,fixed,5,multinomial_jackknife,multinomial,m>n,-0.009890749448820103,-0.014072031464608187,-0.005082446235094908
cnn_dailymail,fixed,5,source_jackknife,multinomial,full,0.027862929663885698,0.02154282634173619,0.03385515808060523
cnn_dailymail,fixed,5,source_jackknife,multinomial,m>n,0.06348812621745678,0.055888345921980984,0.07078164184304112
cnn_dailymail,fixed,5,bootstrap,multinomial,full,0.09226579458901962,0.08929281773056666,0.0951373831647216
cnn_dailymail,fixed,5,bootstrap,multinomial,m>n,0.038562830480501284,0.035182706374940684,0.04139507381441507
cnn_dailymail,fixed,5,bootstrap_jackknife,multinomial,full,-0.018128222742751464,-0.019630494859958457,-0.01626056497001267
cnn_dailymail,fixed,5,bootstrap_jackknife,multinomial,m>n,-0.012040024678013031,-0.013558592162492495,-0.009772179587952746
cnn_dailymail,fixed,5,source_same_lag,multinomial,m=n,0.08914694792615636,0.08770318545165644,0.09054422768257629
cnn_dailymail,fixed,5,source_full,multinomial,m=n,0.08377385397871397,0.08245132406089706,0.08490388285212164
cnn_dailymail,fixed,5,multinomial_jackknife,multinomial,m=n,-0.058993586934453,-0.06079414869047716,-0.05617104459157317
cnn_dailymail,fixed,5,source_jackknife,multinomial,m=n,-0.05929385303925376,-0.06814301689769633,-0.050600803825862364
cnn_dailymail,fixed,5,bootstrap,multinomial,m=n,0.1072368963820698,0.10499601371406635,0.1092691459164146
cnn_dailymail,fixed,5,bootstrap_jackknife,multinomial,m=n,-0.04331962098970286,-0.04706260972372012,-0.04011689521886412
cnn_dailymail,fixed,5,source_same_lag,multinomial,m<n,0.2825366922681336,0.2763887830306686,0.2892925097763217
cnn_dailymail,fixed,5,source_full,multinomial,m<n,0.2778108349528009,0.27185988110828807,0.2843700375641036
cnn_dailymail,fixed,5,multinomial_jackknife,multinomial,m<n,-0.12779445615317447,-0.13074242690193566,-0.12509957329632623
cnn_dailymail,fixed,5,source_jackknife,multinomial,m<n,-0.0037309428115450127,-0.008849605888129608,0.0025679731641894696
cnn_dailymail,fixed,5,bootstrap,multinomial,m<n,0.25630457315769695,0.24679074392462355,0.2658258995963232
cnn_dailymail,fixed,5,bootstrap_jackknife,multinomial,m<n,-0.013230818044928205,-0.021767396104024728,-0.004001454704719132
cnn_dailymail,fixed,10,source_same_lag,multinomial,full,0.03472353086381737,0.03129753390641653,0.03816862593058108
cnn_dailymail,fixed,10,source_same_lag,multinomial,m>n,-0.008914947452810212,-0.01460277507478558,-0.003301886955140671
cnn_dailymail,fixed,10,source_full,multinomial,full,0.033736999983355054,0.030143437823913904,0.03722659170040265
cnn_dailymail,fixed,10,source_full,multinomial,m>n,-0.007044157799656104,-0.012969721121196019,-0.0013693721707735294
cnn_dailymail,fixed,10,multinomial_jackknife,multinomial,full,-0.026430488775398418,-0.026953444597473737,-0.02578951001802923
cnn_dailymail,fixed,10,multinomial_jackknife,multinomial,m>n,-0.007697870360694397,-0.008269901482577346,-0.007111901853877627
cnn_dailymail,fixed,10,source_jackknife,multinomial,full,-0.001990123486425549,-0.00918367828058163,0.005385012340342309
cnn_dailymail,fixed,10,source_jackknife,multinomial,m>n,0.019744131335949003,0.010528593534443815,0.02899642228421868
cnn_dailymail,fixed,10,source_same_lag,multinomial,m=n,0.04155742389209629,0.04074720985035597,0.04236317628881933
cnn_dailymail,fixed,10,source_full,multinomial,m=n,0.03539991731588347,0.03462576424330927,0.036206518517732926
cnn_dailymail,fixed,10,multinomial_jackknife,multinomial,m=n,-0.033364267640090386,-0.033933646117608324,-0.03228710283135765
cnn_dailymail,fixed,10,source_jackknife,multinomial,m=n,-0.032134302209274095,-0.041459468400398686,-0.021396714814553457
cnn_dailymail,fixed,10,source_same_lag,multinomial,m<n,0.17335123222429705,0.17047705204152153,0.17620987884227063
cnn_dailymail,fixed,10,source_full,multinomial,m<n,0.16801127526086373,0.1651723317504451,0.17075025045892023
cnn_dailymail,fixed,10,multinomial_jackknife,multinomial,m<n,-0.08193877129305314,-0.08414860077657584,-0.07990293317758239
cnn_dailymail,fixed,10,source_jackknife,multinomial,m<n,-0.044293460838158896,-0.04705885087178711,-0.040645453138607776
cnn_dailymail,fixed,20,source_same_lag,multinomial,full,-0.00125334110915757,-0.003966778895584111,0.0019385873014650737
cnn_dailymail,fixed,20,source_same_lag,multinomial,m>n,-0.03461631414987951,-0.03908003375659708,-0.029369170362762338
cnn_dailymail,fixed,20,source_full,multinomial,full,-0.0028878896336192866,-0.006538207558498349,0.0009347270028335525
cnn_dailymail,fixed,20,source_full,multinomial,m>n,-0.03315526719670897,-0.03917840225261864,-0.026895820314404857
cnn_dailymail,fixed,20,multinomial_jackknife,multinomial,full,-0.012328160438182495,-0.01259562316278566,-0.01210037530966819
cnn_dailymail,fixed,20,multinomial_jackknife,multinomial,m>n,0.00035269247071501725,7.568864478221092e-05,0.0005869052733470036
cnn_dailymail,fixed,20,source_jackknife,multinomial,full,-0.025091038905136934,-0.032871567572373674,-0.017132548718493137
cnn_dailymail,fixed,20,source_jackknife,multinomial,m>n,-0.017268884532694366,-0.027084894725484848,-0.00782756423551255
cnn_dailymail,fixed,20,bootstrap,multinomial,full,0.010879561316017243,0.009374625661935927,0.012315150942211646
cnn_dailymail,fixed,20,bootstrap,multinomial,m>n,-0.02137849847405294,-0.022718476022492308,-0.020216008611435847
cnn_dailymail,fixed,20,bootstrap_jackknife,multinomial,full,-0.03573968791623936,-0.038429562183375565,-0.03174744611295303
cnn_dailymail,fixed,20,bootstrap_jackknife,multinomial,m>n,-0.0358920271855909,-0.04020906631888764,-0.029954066049475796
cnn_dailymail,fixed,20,source_same_lag,multinomial,m=n,0.01132335047971627,0.010528815445525586,0.012200258174657575
cnn_dailymail,fixed,20,source_full,multinomial,m=n,0.003995145876401353,0.0030578914668739354,0.004932631307984791
cnn_dailymail,fixed,20,multinomial_jackknife,multinomial,m=n,-0.016691807549455207,-0.016934254619136096,-0.01643451454221736
cnn_dailymail,fixed,20,source_jackknife,multinomial,m=n,-0.026396192797318963,-0.03640398777328766,-0.015246135755533016
cnn_dailymail,fixed,20,bootstrap,multinomial,m=n,0.026233880541637097,0.023912701797403055,0.02866290885511861
cnn_dailymail,fixed,20,bootstrap_jackknife,multinomial,m=n,-0.03590439262423368,-0.03912980955267442,-0.03179266367564208
cnn_dailymail,fixed,20,source_same_lag,multinomial,m<n,0.09737987743770839,0.09596055702447666,0.09910087371182133
cnn_dailymail,fixed,20,source_full,multinomial,m<n,0.09112033339999236,0.0896411568241647,0.09273285454479864
cnn_dailymail,fixed,20,multinomial_jackknife,multinomial,m<n,-0.05023402302323482,-0.05197823433875222,-0.048454644208862904
cnn_dailymail,fixed,20,source_jackknife,multinomial,m<n,-0.049859732921096786,-0.054229030893806235,-0.044319925107320954
cnn_dailymail,fixed,20,bootstrap,multinomial,m<n,0.10305210805729802,0.09761568096682002,0.10828922312217194
cnn_dailymail,fixed,20,bootstrap_jackknife,multinomial,m<n,-0.03506718564373993,-0.040045886479699,-0.029871397217894582
cnn_dailymail,fixed,50,source_same_lag,multinomial,full,-0.025024700334503595,-0.025490978998063837,-0.024408762371390978
cnn_dailymail,fixed,50,source_same_lag,multinomial,m>n,-0.04761369941492973,-0.0480571922002357,-0.047007680902508356
cnn_dailymail,fixed,50,source_full,multinomial,full,-0.0333931530674115,-0.0352217168862101,-0.028200606362293802
cnn_dailymail,fixed,50,source_full,multinomial,m>n,-0.05568163476256795,-0.058583839746282035,-0.04732431443998379
cnn_dailymail,fixed,50,multinomial_jackknife,multinomial,full,-0.0020375261436639744,-0.002160632082399278,-0.001900222578978698
cnn_dailymail,fixed,50,multinomial_jackknife,multinomial,m>n,0.005195109638323009,0.005039397859187389,0.005357899759965479
cnn_dailymail,fixed,50,source_jackknife,multinomial,full,-0.04585804858929281,-0.053618144324125955,-0.03619834153084124
cnn_dailymail,fixed,50,source_jackknife,multinomial,m>n,-0.05188757424790733,-0.061652595050821685,-0.03897085563491002
cnn_dailymail,fixed,50,source_same_lag,multinomial,m=n,-0.011742353420692256,-0.012447691318608338,-0.011058400424131296
cnn_dailymail,fixed,50,source_full,multinomial,m=n,-0.021330221086298794,-0.022210677583104365,-0.02054165029511924
cnn_dailymail,fixed,50,multinomial_jackknife,multinomial,m=n,-0.004150208621070586,-0.004372304409161226,-0.003923794895298982
cnn_dailymail,fixed,50,source_jackknife,multinomial,m=n,-0.03389742927219693,-0.04183177746430551,-0.024132924175760066
cnn_dailymail,fixed,50,source_same_lag,multinomial,m<n,0.036989616353105485,0.03570260978783373,0.03873211969817423
cnn_dailymail,fixed,50,source_full,multinomial,m<n,0.028838853935330637,0.027592738586221424,0.030570491434690664
cnn_dailymail,fixed,50,multinomial_jackknife,multinomial,m<n,-0.024033629606214045,-0.02495024080497778,-0.02295098196014889
cnn_dailymail,fixed,50,source_jackknife,multinomial,m<n,-0.03772024904434029,-0.04511971634737474,-0.028482594566181622
cnn_dailymail,refit,0.5,source_same_lag,multinomial,full,0.19733393449290693,0.1907681251939935,0.20502327416473853
cnn_dailymail,refit,0.5,source_same_lag,multinomial,m>n,0.07044372266325907,0.06861875576510723,0.07231014135147464
cnn_dailymail,refit,0.5,source_full,multinomial,full,0.19676064104618907,0.19018990881431924,0.20442458418298942
cnn_dailymail,refit,0.5,source_full,multinomial,m>n,0.07142642285933898,0.06957096546398614,0.0733317756645531
cnn_dailymail,refit,0.5,multinomial_jackknife,multinomial,full,-0.06252218648107494,-0.06794607162388623,-0.05678268074874062
cnn_dailymail,refit,0.5,multinomial_jackknife,multinomial,m>n,0.06556990058984347,0.05579089126097153,0.07625332800983248
cnn_dailymail,refit,0.5,source_jackknife,multinomial,full,0.0830659056517119,0.07319688335830049,0.09497306119451439
cnn_dailymail,refit,0.5,source_jackknife,multinomial,m>n,0.10684859632108887,0.09742674933418896,0.11742324044106027
cnn_dailymail,refit,0.5,source_same_lag,multinomial,m=n,0.3094520075584302,0.2994388910721521,0.3196524977044919
cnn_dailymail,refit,0.5,source_full,multinomial,m=n,0.30610193337067054,0.29629975094675215,0.31599792816451083
cnn_dailymail,refit,0.5,multinomial_jackknife,multinomial,m=n,-0.2474643795202257,-0.2513796989552708,-0.2435490600851808
cnn_dailymail,refit,0.5,source_jackknife,multinomial,m=n,-0.04069998806677694,-0.04703679260378524,-0.034053596933135755
cnn_dailymail,refit,0.5,source_same_lag,multinomial,m<n,0.5081832341928764,0.4884561976430274,0.5327041013804852
cnn_dailymail,refit,0.5,source_full,multinomial,m<n,0.5052000760112073,0.48545734089364867,0.5295231616952115
cnn_dailymail,refit,0.5,multinomial_jackknife,multinomial,m<n,-0.30455361701165196,-0.3088180711283584,-0.3004744266969005
cnn_dailymail,refit,0.5,source_jackknife,multinomial,m<n,0.12755616380561097,0.10921049171673947,0.15357331236191119
cnn_dailymail,refit,1,source_same_lag,multinomial,full,0.1865517413547707,0.1810339886204494,0.19296914147421806
cnn_dailymail,refit,1,source_same_lag,multinomial,m>n,0.06017478172388881,0.05894446247981759,0.06139449940232268
cnn_dailymail,refit,1,source_full,multinomial,full,0.1858769770905475,0.1804267236495497,0.19219005557694915
cnn_dailymail,refit,1,source_full,multinomial,m>n,0.06122681057020561,0.05995333540006401,0.06250427539693693
cnn_dailymail,refit,1,multinomial_jackknife,multinomial,full,-0.05574354796559197,-0.05998531365497743,-0.05128135996122429
cnn_dailymail,refit,1,multinomial_jackknife,multinomial,m>n,0.04350240448183322,0.036240191700489664,0.05131024462109987
cnn_dailymail,refit,1,source_jackknife,multinomial,full,0.08909965116726276,0.0813940175117164,0.09852711453612063
cnn_dailymail,refit,1,source_jackknife,multinomial,m>n,0.1131046462069152,0.10568651787870167,0.12131479438993581
cnn_dailymail,refit,1,bootstrap,multinomial,full,0.12163229613538296,0.11457727375344019,0.12808318692254003
cnn_dailymail,refit,1,bootstrap,multinomial,m>n,0.0408765843016716,0.032487561621497775,0.049140956140557676
cnn_dailymail,refit,1,bootstrap_jackknife,multinomial,full,-0.06801900670503394,-0.0732737776298765,-0.06290954788918166
cnn_dailymail,refit,1,bootstrap_jackknife,multinomial,m>n,-0.06471267949064785,-0.07111589645140197,-0.05749010087722951
cnn_dailymail,refit,1,source_same_lag,multinomial,m=n,0.264573282048959,0.25716093566852233,0.27215099621051286
cnn_dailymail,refit,1,source_full,multinomial,m=n,0.26079990803281095,0.2537538173633559,0.26806291637855145
cnn_dailymail,refit,1,multinomial_jackknife,multinomial,m=n,-0.1811861528596079,-0.18534204977637692,-0.17685898877905046
cnn_dailymail,refit,1,source_jackknife,multinomial,m=n,-0.058151471138069344,-0.06204216713375782,-0.05399087534767602
cnn_dailymail,refit,1,bootstrap,multinomial,m=n,0.15946832325259178,0.15395651336973365,0.1656622348653944
cnn_dailymail,refit,1,bootstrap_jackknife,multinomial,m=n,-0.11074076238474241,-0.11488860921319162,-0.10636980938760811
cnn_dailymail,refit,1,source_same_lag,multinomial,m<n,0.5297867327635221,0.51121442978028,0.5521336699312802
cnn_dailymail,refit,1,source_full,multinomial,m<n,0.5264546012160903,0.5079713251564482,0.5485359586624104
cnn_dailymail,refit,1,multinomial_jackknife,multinomial,m<n,-0.2611207845629932,-0.26584991328742447,-0.25660459863377544
cnn_dailymail,refit,1,source_jackknife,multinomial,m<n,0.15633412334041996,0.13930146385213782,0.17947707106370359
cnn_dailymail,refit,1,bootstrap,multinomial,m<n,0.3529819751305454,0.3355842854230521,0.373321658170899
cnn_dailymail,refit,1,bootstrap_jackknife,multinomial,m<n,-0.0363183417399458,-0.05244146064985857,-0.016947127581596243
cnn_dailymail,refit,2,source_same_lag,multinomial,full,0.14836433381437003,0.1444875656968919,0.15278064229181887
cnn_dailymail,refit,2,source_same_lag,multinomial,m>n,0.0466114377218535,0.045043820851191116,0.04800999927567984
cnn_dailymail,refit,2,source_full,multinomial,full,0.147571894461901,0.14376185496566907,0.15188374707087407
cnn_dailymail,refit,2,source_full,multinomial,m>n,0.047784967518371926,0.04618912397672671,0.049217028552946976
cnn_dailymail,refit,2,multinomial_jackknife,multinomial,full,-0.04883126737047824,-0.052068236708528774,-0.04544849226594563
cnn_dailymail,refit,2,multinomial_jackknife,multinomial,m>n,0.017268296873676633,0.012655824745256035,0.022060491174833892
cnn_dailymail,refit,2,source_jackknife,multinomial,full,0.06461869772348401,0.05937178047468117,0.07074137115901317
cnn_dailymail,refit,2,source_jackknife,multinomial,m>n,0.09893615694129937,0.09296787388045405,0.10485022391316264
cnn_dailymail,refit,2,source_same_lag,multinomial,m=n,0.18394355238279886,0.17974295822089786,0.18819829959306855
cnn_dailymail,refit,2,source_full,multinomial,m=n,0.17962460716427614,0.1756950654913064,0.18353054656207798
cnn_dailymail,refit,2,multinomial_jackknife,multinomial,m=n,-0.11303553407432014,-0.11880758164871542,-0.10597811847169519
cnn_dailymail,refit,2,source_jackknife,multinomial,m=n,-0.08508974751723056,-0.08690456414607281,-0.08341669985966639
cnn_dailymail,refit,2,source_same_lag,multinomial,m<n,0.4519614355543297,0.43885918217820863,0.46831452150691755
cnn_dailymail,refit,2,source_full,multinomial,m<n,0.4481422715712899,0.43519322915783965,0.46443382991708326
cnn_dailymail,refit,2,multinomial_jackknife,multinomial,m<n,-0.20495888148048585,-0.20931013147448924,-0.20074279698978587
cnn_dailymail,refit,2,source_jackknife,multinomial,m<n,0.09993561223814762,0.08837482782515413,0.11544437614950798
cnn_dailymail,refit,5,source_same_lag,multinomial,full,0.08438499903972677,0.08155332384411382,0.08700790503206426
cnn_dailymail,refit,5,source_same_lag,multinomial,m>n,0.023510906405275773,0.019419395455583882,0.027175536125826294
cnn_dailymail,refit,5,source_full,multinomial,full,0.08346711535941778,0.08066171525741966,0.08608693207116665
cnn_dailymail,refit,5,source_full,multinomial,m>n,0.025071977895614012,0.02098355078728401,0.028702078392036808
cnn_dailymail,refit,5,multinomial_jackknife,multinomial,full,-0.04120447648444271,-0.044240956902273774,-0.037637371042765676
cnn_dailymail,refit,5,multinomial_jackknife,multinomial,m>n,-0.009890749448820103,-0.014072031464608187,-0.005082446235094908
cnn_dailymail,refit,5,source_jackknife,multinomial,full,0.027862929663885698,0.02154282634173619,0.03385515808060523
cnn_dailymail,refit,5,source_jackknife,multinomial,m>n,0.06348812621745678,0.055888345921980984,0.07078164184304112
cnn_dailymail,refit,5,bootstrap,multinomial,full,0.09226579458901962,0.08929281773056666,0.0951373831647216
cnn_dailymail,refit,5,bootstrap,multinomial,m>n,0.038562830480501284,0.035182706374940684,0.04139507381441507
cnn_dailymail,refit,5,bootstrap_jackknife,multinomial,full,-0.018128222742751464,-0.019630494859958457,-0.01626056497001267
cnn_dailymail,refit,5,bootstrap_jackknife,multinomial,m>n,-0.012040024678013031,-0.013558592162492495,-0.009772179587952746
cnn_dailymail,refit,5,source_same_lag,multinomial,m=n,0.08914694792615636,0.08770318545165644,0.09054422768257629
cnn_dailymail,refit,5,source_full,multinomial,m=n,0.08377385397871397,0.08245132406089706,0.08490388285212164
cnn_dailymail,refit,5,multinomial_jackknife,multinomial,m=n,-0.058993586934453,-0.06079414869047716,-0.05617104459157317
cnn_dailymail,refit,5,source_jackknife,multinomial,m=n,-0.05929385303925376,-0.06814301689769633,-0.050600803825862364
cnn_dailymail,refit,5,bootstrap,multinomial,m=n,0.1072368963820698,0.10499601371406635,0.1092691459164146
cnn_dailymail,refit,5,bootstrap_jackknife,multinomial,m=n,-0.04331962098970286,-0.04706260972372012,-0.04011689521886412
cnn_dailymail,refit,5,source_same_lag,multinomial,m<n,0.2825366922681336,0.2763887830306686,0.2892925097763217
cnn_dailymail,refit,5,source_full,multinomial,m<n,0.2778108349528009,0.27185988110828807,0.2843700375641036
cnn_dailymail,refit,5,multinomial_jackknife,multinomial,m<n,-0.12779445615317447,-0.13074242690193566,-0.12509957329632623
cnn_dailymail,refit,5,source_jackknife,multinomial,m<n,-0.0037309428115450127,-0.008849605888129608,0.0025679731641894696
cnn_dailymail,refit,5,bootstrap,multinomial,m<n,0.25630457315769695,0.24679074392462355,0.2658258995963232
cnn_dailymail,refit,5,bootstrap_jackknife,multinomial,m<n,-0.013230818044928205,-0.021767396104024728,-0.004001454704719132
cnn_dailymail,refit,10,source_same_lag,multinomial,full,0.03497408617207302,0.03161568460189991,0.038338928070916524
cnn_dailymail,refit,10,source_same_lag,multinomial,m>n,-0.008246893472421912,-0.01375907336113267,-0.0027514643397068862
cnn_dailymail,refit,10,source_full,multinomial,full,0.03391651087313303,0.030403991432159296,0.037347587495118975
cnn_dailymail,refit,10,source_full,multinomial,m>n,-0.006256458898004927,-0.012005484019841799,-0.0006894575440027653
cnn_dailymail,refit,10,multinomial_jackknife,multinomial,full,-0.02678720578234933,-0.02731435118013975,-0.026150480000767213
cnn_dailymail,refit,10,multinomial_jackknife,multinomial,m>n,-0.008121248083245214,-0.008697279861793462,-0.007523604617924033
cnn_dailymail,refit,10,source_jackknife,multinomial,full,-0.0016029677095362113,-0.008576033439297588,0.005535624248693499
cnn_dailymail,refit,10,source_jackknife,multinomial,m>n,0.020595349871303827,0.011580970917688957,0.029650291413570888
cnn_dailymail,refit,10,source_same_lag,multinomial,m=n,0.04156863941299865,0.0406777427627503,0.04244302454004719
cnn_dailymail,refit,10,source_full,multinomial,m=n,0.03499825945503226,0.03416629082780866,0.03584544172867068
cnn_dailymail,refit,10,multinomial_jackknife,multinomial,m=n,-0.03371170843124762,-0.0342657136882141,-0.0327001619029348
cnn_dailymail,refit,10,source_jackknife,multinomial,m=n,-0.031998382932609704,-0.041100325848023485,-0.021527427797933017
cnn_dailymail,refit,10,source_same_lag,multinomial,m<n,0.1724494650794639,0.16963189717199773,0.1752203938147252
cnn_dailymail,refit,10,source_full,multinomial,m<n,0.16674466152836037,0.16394855412179277,0.16939527371705332
cnn_dailymail,refit,10,multinomial_jackknife,multinomial,m<n,-0.0820825621304647,-0.08429365833987837,-0.08006717412922673
cnn_dailymail,refit,10,source_jackknife,multinomial,m<n,-0.04520194442259612,-0.04791321210836945,-0.041616037956620305
cnn_dailymail,refit,20,source_same_lag,multinomial,full,-0.0005165835356551879,-0.0029091680573812883,0.002430079497871099
cnn_dailymail,refit,20,source_same_lag,multinomial,m>n,-0.033047358881389634,-0.03697810408209092,-0.028139336737553894
cnn_dailymail,refit,20,source_full,multinomial,full,-0.002369971927510657,-0.0058296206038026665,0.0012260806742913732
cnn_dailymail,refit,20,source_full,multinomial,m>n,-0.031424124241537385,-0.037157862591045185,-0.025483490089164448
cnn_dailymail,refit,20,multinomial_jackknife,multinomial,full,-0.013115908151335107,-0.013381426241262664,-0.012898803182519868
cnn_dailymail,refit,20,multinomial_jackknife,multinomial,m>n,-0.0005795792787461548,-0.0008557801373687143,-0.0003524940640687105
cnn_dailymail,refit,20,source_jackknife,multinomial,full,-0.02422163119539938,-0.03158416081275093,-0.016653565515274336
cnn_dailymail,refit,20,source_jackknife,multinomial,m>n,-0.015310321588288399,-0.024510097055172084,-0.006434001016646264
cnn_dailymail,refit,20,bootstrap,multinomial,full,0.010962326296274506,0.009465230126118478,0.0123818787955969
cnn_dailymail,refit,20,bootstrap,multinomial,m>n,-0.02030863039189235,-0.021648367012244426,-0.019186838299219282
cnn_dailymail,refit,20,bootstrap_jackknife,multinomial,full,-0.035185862738265544,-0.03779392326356931,-0.031317555212070226
cnn_dailymail,refit,20,bootstrap_jackknife,multinomial,m>n,-0.03441463330523343,-0.03869563149772756,-0.028712266675652753
cnn_dailymail,refit,20,source_same_lag,multinomial,m=n,0.011515099833379505,0.010661615308438468,0.012469829372947744
cnn_dailymail,refit,20,source_full,multinomial,m=n,0.003276217795186921,0.0022641043773404916,0.004262308058968496
cnn_dailymail,refit,20,multinomial_jackknife,multinomial,m=n,-0.017444352427561722,-0.017684282492333732,-0.017200911752968086
cnn_dailymail,refit,20,source_jackknife,multinomial,m=n,-0.026484578381349183,-0.03631650353356899,-0.01566910654515594
cnn_dailymail,refit,20,bootstrap,multinomial,m=n,0.025389865463399844,0.022954686630526695,0.027896110483055722
cnn_dailymail,refit,20,bootstrap_jackknife,multinomial,m=n,-0.03627167448538409,-0.03945957672958684,-0.032167060290242334
cnn_dailymail,refit,20,source_same_lag,multinomial,m<n,0.09588765091442501,0.09452748868075272,0.09752732288795361
cnn_dailymail,refit,20,source_full,multinomial,m<n,0.0888310127298809,0.08741677255880305,0.09040975411230269
cnn_dailymail,refit,20,multinomial_jackknife,multinomial,m<n,-0.0505752267837383,-0.05227373050483298,-0.04886346836947944
cnn_dailymail,refit,20,source_jackknife,multinomial,m<n,-0.05166304936648615,-0.05579560044661571,-0.046362606058258135
cnn_dailymail,refit,20,bootstrap,multinomial,m<n,0.10077130942303876,0.09527156409626765,0.10597113917561396
cnn_dailymail,refit,20,bootstrap_jackknife,multinomial,m<n,-0.03667081576792067,-0.04152498931998125,-0.031641092382193876
cnn_dailymail,refit,50,source_same_lag,multinomial,full,-0.022982735396544593,-0.02346089238445871,-0.02240195332361697
cnn_dailymail,refit,50,source_same_lag,multinomial,m>n,-0.04403876241906598,-0.04451559214570413,-0.04356579667907444
cnn_dailymail,refit,50,source_full,multinomial,full,-0.03261072794518302,-0.034720427291578586,-0.02805718573377012
cnn_dailymail,refit,50,source_full,multinomial,m>n,-0.05319308174201157,-0.0566024109713923,-0.04581479017285253
cnn_dailymail,refit,50,multinomial_jackknife,multinomial,full,-0.0032307539329636606,-0.003344856941313349,-0.003114345983811065
cnn_dailymail,refit,50,multinomial_jackknife,multinomial,m>n,0.0038268645750732105,0.0036768289817648153,0.003983504286517496
cnn_dailymail,refit,50,source_jackknife,multinomial,full,-0.044486578867184504,-0.05207119735628468,-0.03592196881359125
cnn_dailymail,refit,50,source_jackknife,multinomial,m>n,-0.048659630956936775,-0.058432450037334056,-0.037638777368596395
cnn_dailymail,refit,50,source_same_lag,multinomial,m=n,-0.01114730965047446,-0.011824997246868946,-0.010415019056300115
cnn_dailymail,refit,50,source_full,multinomial,m=n,-0.02238131688387956,-0.02328456833242907,-0.02157457725595086
cnn_dailymail,refit,50,multinomial_jackknife,multinomial,m=n,-0.005290462815337876,-0.00553186813340089,-0.005045820084806379
cnn_dailymail,refit,50,source_jackknife,multinomial,m=n,-0.034544636576192146,-0.04238767448295955,-0.0249279498999
cnn_dailymail,refit,50,source_same_lag,multinomial,m<n,0.03536859559912322,0.034176765694525435,0.03710061210564804
cnn_dailymail,refit,50,source_full,multinomial,m<n,0.025767706982942,0.024618636016721908,0.027431520374172368
cnn_dailymail,refit,50,multinomial_jackknife,multinomial,m<n,-0.02469644007737903,-0.025555927604410025,-0.02374963908921427
cnn_dailymail,refit,50,source_jackknife,multinomial,m<n,-0.040518347525669296,-0.047654943014094835,-0.03191868125518784
