corpus,arm,alpha,n,mse,relative_mse_improvement,relative_mse_low,relative_mse_high,top1_accuracy,top1_low,top1_high,unigram_mse,unigram_accuracy,weight_squared_norm
tinystories,fixed,0.5,512,0.8844051744401717,0.10347756997142488,0.10261468014333648,0.10425883435451976,0.2588662143548097,0.25749684890194546,0.2602411239421381,0.9864841579166991,0.06949038876743058,1.2545691383782258
tinystories,fixed,0.5,1024,0.8678149457345432,0.12029510178122549,0.11957208602630287,0.12097312072014085,0.270086128893084,0.2693005332363781,0.27082027711155005,0.9864841579166991,0.06949038876743058,1.2545691383782258
tinystories,fixed,0.5,2048,0.855792869231353,0.13248189303044233,0.13196680162468424,0.13301005989790893,0.27806305287286026,0.2770675790852929,0.2790631131673505,0.9864841579166991,0.06949038876743058,1.2545691383782258
tinystories,fixed,0.5,4096,0.8462900132601907,0.14211494784931622,0.14165814003049673,0.14256061723973856,0.2858813561424779,0.2850111792516276,0.2867381301050105,0.9864841579166991,0.06949038876743058,1.2545691383782258
tinystories,fixed,1,512,0.8753444379427127,0.11266244782754165,0.11201169270811813,0.1132833776156171,0.2598428323452786,0.2584653462437984,0.26123396968050877,0.9864841579166991,0.06949038876743058,1.2545691383782258
tinystories,fixed,1,1024,0.8618771049915056,0.12631429701653207,0.12574586988516862,0.1268580824994552,0.2707058203612007,0.26985272708119856,0.2714861322668901,0.9864841579166991,0.06949038876743058,1.2545691383782258
tinystories,fixed,1,2048,0.8519108928264375,0.1364170564831566,0.13595265380361052,0.13687846999033074,0.27865883172627515,0.2777313668822948,0.27958264134860644,0.9864841579166991,0.06949038876743058,1.2545691383782258
tinystories,fixed,1,4096,0.8439393269887578,0.14449784092729245,0.14412483533895143,0.1448625521969331,0.28614341024970286,0.28530147723964394,0.28695041769019325,0.9864841579166991,0.06949038876743058,1.2545691383782258
tinystories,fixed,2,512,0.8670824167074521,0.12103766720532527,0.12053835575674432,0.12153922089277266,0.2612526963059792,0.2599055508623683,0.26264713316987365,0.9864841579166991,0.06949038876743058,1.2545691383782258
tinystories,fixed,2,1024,0.8562864077896446,0.13198159248903896,0.13152336321749117,0.13241890042293689,0.27175698480344457,0.27087853303521725,0.27254235698444373,0.9864841579166991,0.06949038876743058,1.2545691383782258
tinystories,fixed,2,2048,0.8481973500225651,0.1401814786221952,0.13976253132305735,0.140589858678933,0.2795925898891155,0.27864614699964346,0.2805387635327588,0.9864841579166991,0.06949038876743058,1.2545691383782258
tinystories,fixed,2,4096,0.841643552541058,0.14682506983337862,0.14651746404161406,0.14712697299311153,0.2866618057833641,0.28577625347036606,0.2875161946278921,0.9864841579166991,0.06949038876743058,1.2545691383782258
tinystories,fixed,5,512,0.8607004602980697,0.12750706294591185,0.12712332011313998,0.12789423375064402,0.2629611465826037,0.26172449135501963,0.26419870813380936,0.9864841579166991,0.06949038876743058,1.2545691383782258
tinystories,fixed,5,1024,0.8515553067698649,0.13677751443244957,0.13643512928633508,0.13712495417343595,0.2730638032542695,0.2721907276639378,0.27386812617568707,0.9864841579166991,0.06949038876743058,1.2545691383782258
tinystories,fixed,5,2048,0.8448734249099459,0.14355094490905262,0.14320459382068917,0.14390697468942512,0.28021473137688513,0.27948580060580713,0.28093956128952874,0.9864841579166991,0.06949038876743058,1.2545691383782258
tinystories,fixed,5,4096,0.8395074917690852,0.14899039682300186,0.14872874007141676,0.1492491066401136,0.28718675858172393,0.2864401792190425,0.28790021111432973,0.9864841579166991,0.06949038876743058,1.2545691383782258
tinystories,fixed,10,512,0.860869170196634,0.12733604154915612,0.12699775192178198,0.12767378754751216,0.2633877082008322,0.26215411473559186,0.26463286377899825,0.9864841579166991,0.06949038876743058,1.2545691383782258
tinystories,fixed,10,1024,0.8512323833490166,0.13710486223449658,0.13682365918377293,0.13739705071226055,0.2729946642904302,0.27208069638247995,0.27386476453040254,0.9864841579166991,0.06949038876743058,1.2545691383782258
tinystories,fixed,10,2048,0.8443929453306088,0.1440380075501312,0.14374132825470606,0.144349569040909,0.28017130903910414,0.2794287448690724,0.28091508106635255,0.9864841579166991,0.06949038876743058,1.2545691383782258
tinystories,fixed,10,4096,0.8391353452699036,0.14936764210990794,0.1491250667412197,0.1496038721357793,0.28685797369563876,0.2860782479450248,0.28768014693955213,0.9864841579166991,0.06949038876743058,1.2545691383782258
tinystories,fixed,20,512,0.8658310760473297,0.12230615251254506,0.1219682675102472,0.12262744710930439,0.26110466671238297,0.2601101981317003,0.26213730527483997,0.9864841579166991,0.06949038876743058,1.2545691383782258
tinystories,fixed,20,1024,0.854516342216199,0.13377590977152187,0.13354017364362647,0.13401502727290962,0.2710412176529505,0.2701119357782443,0.27192937982514787,0.9864841579166991,0.06949038876743058,1.2545691383782258
tinystories,fixed,20,2048,0.8463506402812536,0.14205349017604663,0.14180454481718285,0.14231294244171816,0.2785120397036621,0.27766974383096155,0.2793916110952284,0.9864841579166991,0.06949038876743058,1.2545691383782258
tinystories,fixed,20,4096,0.8403346332697275,0.14815192263767996,0.14793932524373324,0.1483638076756415,0.28559049972899947,0.28489496110644996,0.2863862213496029,0.9864841579166991,0.06949038876743058,1.2545691383782258
tinystories,fixed,50,512,0.8793769240430803,0.1085747125425841,0.10819764785610231,0.10890857123528856,0.25177543591053286,0.25069538841981887,0.2528755870212273,0.9864841579166991,0.06949038876743058,1.2545691383782258
tinystories,fixed,50,1024,0.8649076366620315,0.1232422439620503,0.12302357624975503,0.12345211255148103,0.2643177499590802,0.2636297466224248,0.26503303545420076,0.9864841579166991,0.06949038876743058,1.2545691383782258
tinystories,fixed,50,2048,0.8536646900786524,0.13463923041454684,0.13445568060823307,0.1348291152857019,0.27382322942659404,0.2730566272651127,0.2746028516288073,0.9864841579166991,0.06949038876743058,1.2545691383782258
tinystories,fixed,50,4096,0.8452337559969612,0.14318567691754602,0.14301314842086232,0.14336122441087995,0.2813185313478676,0.2807132129773855,0.28198963470296345,0.9864841579166991,0.06949038876743058,1.2545691383782258
tinystories,refit,0.5,512,0.8714225211275719,0.11663809891495813,0.11598259985389288,0.11723248967996035,0.2578428296098755,0.25645811794644635,0.2592353300054436,0.9864841579166991,0.06949038876743058,0.8552130201800757
tinystories,refit,0.5,1024,0.8586997018519475,0.12953523382941334,0.1289721332917395,0.13007113896576164,0.2688003486410373,0.2679164649984969,0.2696493320734639,0.9864841579166991,0.06949038876743058,0.8552130201800757
tinystories,refit,0.5,2048,0.8495888437370608,0.13877092002038827,0.1383270722416946,0.13922449003711432,0.2765191556407216,0.2755568379159587,0.2775070015546729,0.9864841579166991,0.06949038876743058,0.8552130201800757
tinystories,refit,0.5,4096,0.8424001886207775,0.14605806706536928,0.14567536020901675,0.146443594438888,0.283791375142488,0.28299926474992826,0.2845497487867974,0.9864841579166991,0.06949038876743058,0.8552130201800757
tinystories,refit,1,512,0.8675206220767361,0.12059345797422172,0.1200481703427294,0.12111890295357852,0.2589930316040536,0.2576475989619374,0.2603639844347203,0.9864841579166991,0.06949038876743058,0.9440425674231351
tinystories,refit,1,1024,0.8560100805222846,0.13226170572262963,0.1317677805221386,0.13272390061858308,0.2698465368395042,0.2689556706737929,0.2706940527749103,0.9864841579166991,0.06949038876743058,0.9440425674231351
tinystories,refit,1,2048,0.8475871261940091,0.14080006314142834,0.14038222581700757,0.1412138441011654,0.2774375720465803,0.2764789600837607,0.27840485627076567,0.9864841579166991,0.06949038876743058,0.9440425674231351
tinystories,refit,1,4096,0.8408817955860174,0.14759726363793946,0.14726431637123463,0.14793545302352795,0.28456063676893956,0.28383264146916093,0.2852703155182595,0.9864841579166991,0.06949038876743058,0.9440425674231351
tinystories,refit,2,512,0.8637107759446205,0.12445550289561347,0.12399558638548318,0.1249169842040975,0.26063757360113454,0.25932225832213734,0.26196562216406344,0.9864841579166991,0.06949038876743058,1.060344288801282
tinystories,refit,2,1024,0.8534702729988126,0.13483631120725859,0.13441131568760445,0.13524255987159273,0.2712206462616551,0.2703168558230711,0.2720508913774032,0.9864841579166991,0.06949038876743058,1.060344288801282
tinystories,refit,2,2048,0.845856007726646,0.14255489970263469,0.14215994726722614,0.14293462688464897,0.27879535284545043,0.27785931649528267,0.27974237377687117,0.9864841579166991,0.06949038876743058,1.060344288801282
tinystories,refit,2,4096,0.8397269969709562,0.14876788417532338,0.14847910175678822,0.14906360348952702,0.2858409437955711,0.2850448148119281,0.2866075498675269,0.9864841579166991,0.06949038876743058,1.060344288801282
tinystories,refit,5,512,0.8607004602980698,0.12750706294591174,0.12712332011313995,0.12789423375064402,0.2629611465826037,0.26172449135501963,0.26419870813380936,0.9864841579166991,0.06949038876743058,1.254569138378226
tinystories,refit,5,1024,0.8515553067698649,0.13677751443244957,0.13643512928633508,0.13712495417343595,0.2730638032542695,0.2721907276639378,0.27386812617568707,0.9864841579166991,0.06949038876743058,1.254569138378226
tinystories,refit,5,2048,0.8448734249099459,0.14355094490905262,0.14320459382068917,0.14390697468942512,0.28021473137688513,0.27948580060580713,0.28093956128952874,0.9864841579166991,0.06949038876743058,1.254569138378226
tinystories,refit,5,4096,0.8395074917690852,0.14899039682300186,0.14872874007141676,0.1492491066401136,0.28718675858172393,0.2864401792190425,0.28790021111432973,0.9864841579166991,0.06949038876743058,1.254569138378226
tinystories,refit,10,512,0.8611744066678935,0.12702662302599999,0.12668066128759278,0.12737217423738392,0.2635950196209224,0.26235720273750224,0.26484040197172243,0.9864841579166991,0.06949038876743058,1.4384362538094548
tinystories,refit,10,1024,0.8520278467622543,0.13629850015878164,0.13599929468798533,0.13661116411739546,0.2732659319273184,0.2723654630654629,0.274133245567368,0.9864841579166991,0.06949038876743058,1.4384362538094548
tinystories,refit,10,2048,0.8456652493604555,0.1427482716535775,0.14243977907564295,0.14307295358821703,0.2807864735667758,0.2800052544282873,0.2815487089623567,0.9864841579166991,0.06949038876743058,1.4384362538094548
tinystories,refit,10,4096,0.8407852289975791,0.14769515328742167,0.14744624872782916,0.14793627154987352,0.2874963196212355,0.28671391905093624,0.2883281487255652,0.9864841579166991,0.06949038876743058,1.4384362538094548
tinystories,refit,20,512,0.8645551805339384,0.12359952909964178,0.1232499060033354,0.12394331307233962,0.26219324563610363,0.2611627247155938,0.2632839409197328,0.9864841579166991,0.06949038876743058,1.6707617381387512
tinystories,refit,20,1024,0.8547568574609944,0.13353209922183873,0.1332605743445018,0.133811291598415,0.2721617710116001,0.2711887096788846,0.2731099571245648,0.9864841579166991,0.06949038876743058,1.6707617381387512
tinystories,refit,20,2048,0.8482190060703909,0.1401595258643612,0.1398821071745365,0.14043973118108014,0.27998756776435835,0.2791544127805376,0.2808659811030578,0.9864841579166991,0.06949038876743058,1.6707617381387512
tinystories,refit,20,4096,0.8436914416730164,0.14474912252543282,0.14451783996971965,0.1449748145554251,0.28675921157471856,0.28597804967594614,0.287605303700899,0.9864841579166991,0.06949038876743058,1.6707617381387512
tinystories,refit,50,512,0.8731791813009014,0.1148573707002859,0.11446008122804804,0.11523109826004976,0.2548126071741457,0.25395691962845246,0.2556643636257636,0.9864841579166991,0.06949038876743058,2.1171276321113823
tinystories,refit,50,1024,0.8621472898010426,0.12604041039872005,0.1257737652265396,0.1263080559904256,0.2668545769130118,0.2660552179214499,0.26765767518773487,0.9864841579166991,0.06949038876743058,2.1171276321113823
tinystories,refit,50,2048,0.8550202102750541,0.13326513820483066,0.13302846941345092,0.1334970190053604,0.2761108217023944,0.2751933483956944,0.2770717606738766,0.9864841579166991,0.06949038876743058,2.1171276321113823
tinystories,refit,50,4096,0.8509184008191972,0.13742314664616162,0.1372064261584934,0.13763509597604187,0.28368549164065754,0.2828893921024794,0.28455893823396583,0.9864841579166991,0.06949038876743058,2.1171276321113823
wikitext,fixed,0.5,512,0.996395573820126,-0.005176260406577482,-0.006088367280342416,-0.004247927497757283,0.12968648430034674,0.12871407402159957,0.13069574561563813,0.9912645304785652,0.05840670952012063,0.8902488805977133
wikitext,fixed,0.5,1024,0.9854297751077565,0.00588617386318846,0.00514697094762164,0.00671779521497543,0.13858425932385043,0.1373189976426586,0.13988009357102457,0.9912645304785652,0.05840670952012063,0.8902488805977133
wikitext,fixed,0.5,2048,0.9724327939475055,0.018997690275438517,0.01820096769650233,0.019855513684759594,0.14921922278369046,0.14813297093674965,0.15042417175279946,0.9912645304785652,0.05840670952012063,0.8902488805977133
wikitext,fixed,0.5,4096,0.958920667057025,0.032628892114121344,0.03200769120469742,0.033273081645828526,0.15887256277994427,0.15788962532500211,0.1598071538460313,0.9912645304785652,0.05840670952012063,0.8902488805977133
wikitext,fixed,1,512,0.9771686309214951,0.014220118972949503,0.013456087797093574,0.014972486082892863,0.13208903266397057,0.13111294162194687,0.133071085043441,0.9912645304785652,0.05840670952012063,0.8902488805977133
wikitext,fixed,1,1024,0.9687156554705616,0.022747585850890317,0.022136568081760642,0.02342092602861299,0.1408660364560588,0.13968463485175023,0.14202972815541018,0.9912645304785652,0.05840670952012063,0.8902488805977133
wikitext,fixed,1,2048,0.9589075613239648,0.032642113340804246,0.03203053975213334,0.03329507712903938,0.15126737250033223,0.1501816163213458,0.15246295028430992,0.9912645304785652,0.05840670952012063,0.8902488805977133
wikitext,fixed,1,4096,0.9486756718255739,0.04296417085803539,0.04248365449982735,0.043458554435234914,0.16068507481262634,0.15975606473045073,0.16156617636853166,0.9912645304785652,0.05840670952012063,0.8902488805977133
wikitext,fixed,2,512,0.9608105397139026,0.030722365048167277,0.030118432618897087,0.03131111168611579,0.13509278580656012,0.13417797517219954,0.1360027019060762,0.9912645304785652,0.05840670952012063,0.8902488805977133
wikitext,fixed,2,1024,0.9543091468445951,0.03728105111975377,0.03678191298698525,0.037810491857080276,0.14367386123133893,0.14245655639903446,0.14487539046491058,0.9912645304785652,0.05840670952012063,0.8902488805977133
wikitext,fixed,2,2048,0.9469906700985131,0.044664021579262414,0.04419349852890712,0.04514771257388421,0.15353948911860688,0.15249520359794436,0.15468129004371192,0.9912645304785652,0.05840670952012063,0.8902488805977133
wikitext,fixed,2,4096,0.93940630043528,0.05231522812406997,0.05193166910596798,0.052695886840369924,0.1630409232565201,0.1620936660796595,0.1639447276236609,0.9912645304785652,0.05840670952012063,0.8902488805977133
wikitext,fixed,5,512,0.9482181628187965,0.043425711640248776,0.0429950117702925,0.04383535836258078,0.1402517080332931,0.1392128442421403,0.14123901390281,0.9912645304785652,0.05840670952012063,0.8902488805977133
wikitext,fixed,5,1024,0.9429439718188656,0.048746381186837495,0.04838475268538635,0.049112210237554486,0.14856111948100306,0.14749630083800638,0.14960730675313655,0.9912645304785652,0.05840670952012063,0.8902488805977133
wikitext,fixed,5,2048,0.9372951452495221,0.054444987760217445,0.05412138429369089,0.054772615592436125,0.1579613705583919,0.15704280481545813,0.15897456444261793,0.9912645304785652,0.05840670952012063,0.8902488805977133
wikitext,fixed,5,4096,0.931594809029081,0.060195557910941,0.05990747748761853,0.0604777855649978,0.16712279341214195,0.16618054611737784,0.16800425612106004,0.9912645304785652,0.05840670952012063,0.8902488805977133
wikitext,fixed,10,512,0.9451688549342425,0.046501891399330586,0.046190843407684035,0.046805654769902394,0.14357339608655867,0.14240850076324207,0.1447124719996064,0.9912645304785652,0.05840670952012063,0.8902488805977133
wikitext,fixed,10,1024,0.9400800505069112,0.05163554066334142,0.05137225014021813,0.051904839755124214,0.15198905262645668,0.1510565990522316,0.1530277274164249,0.9912645304785652,0.05840670952012063,0.8902488805977133
wikitext,fixed,10,2048,0.9348109595452853,0.05695106522779059,0.056712712743852305,0.05719334151452226,0.16078002590364737,0.15986619386848427,0.16173609147133908,0.9912645304785652,0.05840670952012063,0.8902488805977133
wikitext,fixed,10,4096,0.9295708682332491,0.06223733458467595,0.06201361435987959,0.06244889101304509,0.1689505738140237,0.1680260098040095,0.1698033348156751,0.9912645304785652,0.05840670952012063,0.8902488805977133
wikitext,fixed,20,512,0.9458528716022547,0.045811846868349604,0.045596019504491096,0.04603061187497143,0.14589410635083316,0.1448175780959794,0.1469853766617166,0.9912645304785652,0.05840670952012063,0.8902488805977133
wikitext,fixed,20,1024,0.9407507405423452,0.0509589402052274,0.050765403928864215,0.051157571715505085,0.15340588630199387,0.15247568287476468,0.15449145538110126,0.9912645304785652,0.05840670952012063,0.8902488805977133
wikitext,fixed,20,2048,0.9355389544735269,0.056216654880342554,0.056041424617529714,0.05639282398513284,0.16214687378963324,0.16147231831893588,0.16285229898476564,0.9912645304785652,0.05840670952012063,0.8902488805977133
wikitext,fixed,20,4096,0.9303525174559392,0.061448797116970155,0.06128792580021563,0.06159432932252174,0.16883133454787264,0.16820126019626302,0.16943909422781203,0.9912645304785652,0.05840670952012063,0.8902488805977133
wikitext,fixed,50,512,0.9498348608044637,0.041794766583749365,0.041654300666203424,0.04193961522148565,0.1421114201994473,0.14138919228166824,0.14285538217089735,0.9912645304785652,0.05840670952012063,0.8902488805977133
wikitext,fixed,50,1024,0.9447421786059771,0.04693232779158152,0.04680186165844899,0.04706466088480477,0.1504618540379867,0.149771740891508,0.1512235017705206,0.9912645304785652,0.05840670952012063,0.8902488805977133
wikitext,fixed,50,2048,0.9395732071811033,0.05214685052082546,0.05202729498493111,0.052263658693944316,0.15841550471465204,0.1576202872228495,0.15922656177199476,0.9912645304785652,0.05840670952012063,0.8902488805977133
wikitext,fixed,50,4096,0.9343153471418013,0.057451045191004524,0.05735196849170899,0.057540167240951165,0.1662692629371482,0.16554125130312472,0.16698107532208387,0.9912645304785652,0.05840670952012063,0.8902488805977133
wikitext,refit,0.5,512,0.9631678363182485,0.028344294884385834,0.02782708214383523,0.028859124517071174,0.13089012824444685,0.12994540482058917,0.13186117619289783,0.9912645304785652,0.05840670952012063,0.28660516890511806
wikitext,refit,0.5,1024,0.9572004392207297,0.034364279372923745,0.03392174818040378,0.03482251716611445,0.13980844406616266,0.13881688722597813,0.14077152726323394,0.9912645304785652,0.05840670952012063,0.28660516890511806
wikitext,refit,0.5,2048,0.950932441963713,0.040687513044959434,0.040253295468024745,0.041146906531240215,0.14935460617504387,0.1483873030053333,0.15044906004953046,0.9912645304785652,0.05840670952012063,0.28660516890511806
wikitext,refit,0.5,4096,0.9449535497658603,0.04671909393383289,0.04638860259967522,0.04705456600447357,0.15849301512048802,0.1575048155358858,0.15940424979770032,0.9912645304785652,0.05840670952012063,0.28660516890511806
wikitext,refit,1,512,0.9592045224639497,0.03234253524549846,0.03182654029443659,0.03284685477538884,0.1331792048139933,0.13234176610565107,0.13403414300498812,0.9912645304785652,0.05840670952012063,0.3867752777308295
wikitext,refit,1,1024,0.9532523610238268,0.03834714981316523,0.03791398643239052,0.038799905907658486,0.14198775503702207,0.1408729464229608,0.14310926775648708,0.9912645304785652,0.05840670952012063,0.3867752777308295
wikitext,refit,1,2048,0.9469619554472153,0.04469298927700094,0.04427926668976995,0.045122990716066555,0.15111802460018092,0.15016614456988242,0.15213583234656622,0.9912645304785652,0.05840670952012063,0.3867752777308295
wikitext,refit,1,4096,0.9408723554924942,0.05083625352936072,0.050510220622432406,0.05116405475970752,0.1602751848523431,0.15928042310099505,0.161198740782164,0.9912645304785652,0.05840670952012063,0.3867752777308295
wikitext,refit,2,512,0.9543191093025627,0.0372710008681193,0.03677748842956729,0.03774664167236816,0.13553989239268988,0.13457628447401468,0.13650636116966877,0.9912645304785652,0.05840670952012063,0.5520746555694048
wikitext,refit,2,1024,0.9485662096904616,0.04307459762278554,0.04265978560302237,0.04349681890322392,0.1440096077652161,0.14288932199297447,0.1450749075626276,0.9912645304785652,0.05840670952012063,0.5520746555694048
wikitext,refit,2,2048,0.9424252847264292,0.04926963918355609,0.04888613433727155,0.04966064775051137,0.15357651562585722,0.15264310705274262,0.15458075713666078,0.9912645304785652,0.05840670952012063,0.5520746555694048
wikitext,refit,2,4096,0.9363636522688461,0.05538468947659603,0.05506497718264425,0.05569796277370133,0.16307005044958828,0.16216090814898482,0.16395311472828247,0.9912645304785652,0.05840670952012063,0.5520746555694048
wikitext,refit,5,512,0.9482181628187965,0.043425711640248776,0.0429950117702925,0.04383535836258078,0.1402517080332931,0.1392128442421403,0.14123901390281,0.9912645304785652,0.05840670952012063,0.8902488805977135
wikitext,refit,5,1024,0.9429439718188656,0.048746381186837495,0.04838475268538635,0.049112210237554486,0.14856111948100306,0.14749630083800638,0.14960730675313655,0.9912645304785652,0.05840670952012063,0.8902488805977135
wikitext,refit,5,2048,0.9372951452495221,0.054444987760217445,0.054121384293691,0.054772615592436125,0.1579613705583919,0.15704280481545813,0.15897456444261793,0.9912645304785652,0.05840670952012063,0.8902488805977135
wikitext,refit,5,4096,0.931594809029081,0.060195557910941,0.05990747748761853,0.0604777855649978,0.16712279341214195,0.16618054611737784,0.16800425612106004,0.9912645304785652,0.05840670952012063,0.8902488805977135
wikitext,refit,10,512,0.9454189424423175,0.046249600007491676,0.045900477095972114,0.04658806439461188,0.14278434369755127,0.1416539870216155,0.1439064383038241,0.9912645304785652,0.05840670952012063,1.2191839759557932
wikitext,refit,10,1024,0.9404299039468766,0.05128260415728436,0.050990742490813014,0.05157969079025348,0.15182396510089624,0.15069979540803913,0.15310826515962103,0.9912645304785652,0.05840670952012063,1.2191839759557932
wikitext,refit,10,2048,0.9352164398013709,0.05654201169705453,0.05626899829723293,0.05681620693272493,0.16066547756852673,0.15968683638598752,0.16171161904564296,0.9912645304785652,0.05840670952012063,1.2191839759557932
wikitext,refit,10,4096,0.9299471253860491,0.06185776168437418,0.061604128919394735,0.062097774250108234,0.1687786596804784,0.16791571009693154,0.16959757974008693,0.9912645304785652,0.05840670952012063,1.2191839759557932
wikitext,refit,20,512,0.9448103631004514,0.046863542424630644,0.04660261631372452,0.047123496093500306,0.14495230377474397,0.14390323573400302,0.14600574790976825,0.9912645304785652,0.05840670952012063,1.5636640830845463
wikitext,refit,20,1024,0.940013233437309,0.05170294655505625,0.05147686657285919,0.05193712639239209,0.15349254869945184,0.1525770830630307,0.15460853442589664,0.9912645304785652,0.05840670952012063,1.5636640830845463
wikitext,refit,20,2048,0.9351131015344329,0.05664626062734568,0.05642844423073176,0.05686733098372218,0.16224968458259587,0.1614604484166237,0.16304122165240117,0.9912645304785652,0.05840670952012063,1.5636640830845463
wikitext,refit,20,4096,0.9302135327306795,0.061589006638229415,0.06139029369318112,0.0617775403936791,0.16963173810280638,0.16882688795229153,0.17042190291101175,0.9912645304785652,0.05840670952012063,1.5636640830845463
wikitext,refit,50,512,0.9464261163988661,0.04523355038039334,0.04506131478142953,0.04541092289520998,0.14432186268356692,0.14348836363447165,0.14513971069344722,0.9912645304785652,0.05840670952012063,1.9944220940554118
wikitext,refit,50,1024,0.942245242354909,0.04945126816954759,0.049290325241746875,0.049621084915144546,0.1525907009356277,0.15181416213439614,0.1534016698652739,0.9912645304785652,0.05840670952012063,1.9944220940554118
wikitext,refit,50,2048,0.9377939504207895,0.05394178689311224,0.05378339003381101,0.05409789425300532,0.1605355011061752,0.1597054980687148,0.16135118621835903,0.9912645304785652,0.05840670952012063,1.9944220940554118
wikitext,refit,50,4096,0.9332042567385889,0.05857192702330005,0.05843359479286252,0.05870134620863765,0.16816468192816464,0.16739278065165658,0.1688635630724798,0.9912645304785652,0.05840670952012063,1.9944220940554118
cnn_dailymail,fixed,0.5,512,1.0133404383257822,-0.02138655607589346,-0.022165058942256333,-0.020655631767983608,0.09893361830611498,0.09809531053734831,0.09976940952533762,0.9921223578847327,0.04348195055874316,0.7675778015639464
cnn_dailymail,fixed,0.5,1024,1.0017727839095005,-0.009727052261319091,-0.01045596604614878,-0.009047178185031719,0.10870507591719929,0.10764877548887017,0.10979660813685288,0.9921223578847327,0.04348195055874316,0.7675778015639464
cnn_dailymail,fixed,0.5,2048,0.9889247597897404,0.0032229876381475453,0.0026739669188836023,0.003768803319221672,0.11791644787436177,0.11704404661012373,0.11880518212529431,0.9921223578847327,0.04348195055874316,0.7675778015639464
cnn_dailymail,fixed,0.5,4096,0.9760253978722817,0.016224772967288748,0.01577791008585889,0.01674000365638719,0.1271599871459878,0.12644107898820847,0.12785855615276312,0.9921223578847327,0.04348195055874316,0.7675778015639464
cnn_dailymail,fixed,1,512,0.9958938577319769,-0.0038014462805628924,-0.00438861735721433,-0.0032550679883140755,0.100959119784337,0.10010586460700341,0.10182912134981474,0.9921223578847327,0.04348195055874316,0.7675778015639464
cnn_dailymail,fixed,1,1024,0.9874468965738965,0.004712585371833167,0.0041466506951198245,0.0052692212465153205,0.1105431635224905,0.10948950537809832,0.11161840834956249,0.9921223578847327,0.04348195055874316,0.7675778015639464
cnn_dailymail,fixed,1,2048,0.9778743772878162,0.014361112299992929,0.013945748652022222,0.014774589734157781,0.11946212838524461,0.11863525026672583,0.12028586737429794,0.9921223578847327,0.04348195055874316,0.7675778015639464
cnn_dailymail,fixed,1,4096,0.9681155700141986,0.02419740637809842,0.023862099842714875,0.024601772147089494,0.12806902475205723,0.1273573548462627,0.1287778653006258,0.9921223578847327,0.04348195055874316,0.7675778015639464
cnn_dailymail,fixed,2,512,0.9811220713296009,0.011087630943611648,0.010662356295949041,0.011484675436023486,0.10303656087085233,0.10210107067521924,0.10397439517741063,0.9921223578847327,0.04348195055874316,0.7675778015639464
cnn_dailymail,fixed,2,1024,0.9749535650831902,0.017305116314632274,0.01686767002269696,0.017753197912378234,0.11226931636004678,0.11117601919376455,0.11341736460366315,0.9921223578847327,0.04348195055874316,0.7675778015639464
cnn_dailymail,fixed,2,2048,0.9681030012738814,0.0242100749166283,0.023900162507891815,0.02451631947878041,0.12115545480965104,0.1202982355255044,0.12200470515792915,0.9921223578847327,0.04348195055874316,0.7675778015639464
cnn_dailymail,fixed,2,4096,0.9609948898923928,0.03137462606800401,0.031123827788493763,0.03167167765424109,0.12934206504266973,0.1286152453668754,0.1300465891847651,0.9921223578847327,0.04348195055874316,0.7675778015639464
cnn_dailymail,fixed,5,512,0.9700821410691184,0.022215220371210487,0.021941259937591655,0.02248082229924049,0.10655730768969658,0.10563347388945248,0.10752727687235779,0.9921223578847327,0.04348195055874316,0.7675778015639464
cnn_dailymail,fixed,5,1024,0.9650321652264651,0.027305293992190283,0.027005677528976972,0.02761995513825203,0.11520916021089271,0.11421091123986346,0.11621632895916603,0.9921223578847327,0.04348195055874316,0.7675778015639464
cnn_dailymail,fixed,5,2048,0.960076812066404,0.03229999360830027,0.03208115774499346,0.03251322108660428,0.12373316950581895,0.12293198296028963,0.1244954396042161,0.9921223578847327,0.04348195055874316,0.7675778015639464
cnn_dailymail,fixed,5,4096,0.9550229322975463,0.03739400215340849,0.03720911027789249,0.03759168987035374,0.1311274341440159,0.1302916720150086,0.13186698833159716,0.9921223578847327,0.04348195055874316,0.7675778015639464
cnn_dailymail,fixed,10,512,0.967900695940924,0.0244139865927937,0.02419630684004574,0.02462256408198057,0.11031817342119857,0.10936730592165861,0.1112735095119955,0.9921223578847327,0.04348195055874316,0.7675778015639464
cnn_dailymail,fixed,10,1024,0.9627471162739646,0.0296084866723475,0.029390942143158055,0.029836846253315015,0.11854352054645931,0.1174898464519225,0.11964117536765079,0.9921223578847327,0.04348195055874316,0.7675778015639464
cnn_dailymail,fixed,10,2048,0.958042014070602,0.03435094829108798,0.03417384885874302,0.03452077973919201,0.12626974282614611,0.1255640716019622,0.1269586901616162,0.9921223578847327,0.04348195055874316,0.7675778015639464
cnn_dailymail,fixed,10,4096,0.953507492157755,0.038921475179036435,0.03877187156838553,0.0390703042722558,0.1326562975669205,0.13198415331755817,0.13328911751395847,0.9921223578847327,0.04348195055874316,0.7675778015639464
cnn_dailymail,fixed,20,512,0.9692933398048915,0.02301028486900958,0.0228234036409578,0.023192436204591195,0.11142474425404399,0.11051382893835471,0.11230976513319274,0.9921223578847327,0.04348195055874316,0.7675778015639464
cnn_dailymail,fixed,20,1024,0.963888240378804,0.028458301822897658,0.028296282110522535,0.028626476207465685,0.11954610571072215,0.11859582083764982,0.12056674744155521,0.9921223578847327,0.04348195055874316,0.7675778015639464
cnn_dailymail,fixed,20,2048,0.9589010453128124,0.03348509617578843,0.033338668622385076,0.03363185114732352,0.12650542761041292,0.12573838515292265,0.1272382211928219,0.9921223578847327,0.04348195055874316,0.7675778015639464
cnn_dailymail,fixed,20,4096,0.9542681443308257,0.038154783281584836,0.038034890823504634,0.03827266094532032,0.13331944186130862,0.13266561353142875,0.13396939385736759,0.9921223578847327,0.04348195055874316,0.7675778015639464
cnn_dailymail,fixed,50,512,0.973835793706054,0.018431763011234614,0.01827948434853243,0.018587255887286592,0.10707915305177829,0.10630395474166,0.10781490725361942,0.9921223578847327,0.04348195055874316,0.7675778015639464
cnn_dailymail,fixed,50,1024,0.96851794343423,0.023791838035813195,0.023672284139570236,0.023916921954907834,0.11554314473376395,0.11473619964077025,0.11637273813732887,0.9921223578847327,0.04348195055874316,0.7675778015639464
cnn_dailymail,fixed,50,2048,0.9631656625942018,0.029186617013922,0.029063656926531317,0.029311749435271726,0.12257251354285714,0.12188599506181143,0.1232142021667549,0.9921223578847327,0.04348195055874316,0.7675778015639464
cnn_dailymail,fixed,50,4096,0.9580179979314567,0.03437515512299172,0.03428348997695561,0.03446618518882849,0.1296314420552208,0.12899906770133931,0.13026907558867454,0.9921223578847327,0.04348195055874316,0.7675778015639464
cnn_dailymail,refit,0.5,512,0.9792440663413059,0.01298054765229173,0.012635829242276703,0.013306306604748321,0.10110642893510155,0.10038101504239276,0.10185267900941367,0.9921223578847327,0.04348195055874316,0.22701973908747725
cnn_dailymail,refit,0.5,1024,0.97384473303024,0.018422752707097256,0.018053759175070124,0.018788194982648432,0.11075521582656256,0.10968883169680102,0.11186144276667292,0.9921223578847327,0.04348195055874316,0.22701973908747725
cnn_dailymail,refit,0.5,2048,0.9684224898639611,0.023888049525767396,0.023627480253495696,0.024141464435216777,0.11904657163671492,0.11828393821383848,0.11985006042868669,0.9921223578847327,0.04348195055874316,0.22701973908747725
cnn_dailymail,refit,0.5,4096,0.9632516555068408,0.02909994130103677,0.02888427444450121,0.02936862789391017,0.12670706116428887,0.12594481424248286,0.127461858362923,0.9921223578847327,0.04348195055874316,0.22701973908747725
cnn_dailymail,refit,1,512,0.9769043112715983,0.015338880826736179,0.015004172566857923,0.015650787681801982,0.10224240509820759,0.10137854176907354,0.10309976059723025,0.9921223578847327,0.04348195055874316,0.3106154756193619
cnn_dailymail,refit,1,1024,0.9715458089680192,0.020739930668011497,0.02037849531289569,0.02110687267542134,0.11151390366900885,0.11049305196907247,0.11260250152644588,0.9921223578847327,0.04348195055874316,0.3106154756193619
cnn_dailymail,refit,1,2048,0.9660488995611042,0.026280486591612306,0.02603020764925352,0.026527606830801815,0.11981471436602704,0.11916430959499173,0.1205109170970796,0.9921223578847327,0.04348195055874316,0.3106154756193619
cnn_dailymail,refit,1,4096,0.9607013417299003,0.03167050505929936,0.03146105316159808,0.0319257981091611,0.12773840017910948,0.12701584440803143,0.12846006487572703,0.9921223578847327,0.04348195055874316,0.3106154756193619
cnn_dailymail,refit,2,512,0.9739111018306306,0.018355856925681646,0.01804347285303255,0.01864883114577313,0.10348160293219466,0.10250023775726004,0.1044742105050989,0.9921223578847327,0.04348195055874316,0.4526703511370182
cnn_dailymail,refit,2,1024,0.9686953492420886,0.02361302359175943,0.023268189564399102,0.02396510438698598,0.11253748427463381,0.11156296265981049,0.1135440604450651,0.9921223578847327,0.04348195055874316,0.4526703511370182
cnn_dailymail,refit,2,2048,0.9633023994199176,0.02904879447154185,0.02880818975196939,0.029285501626764836,0.12079723031708083,0.12006510734554056,0.12151450354731803,0.9921223578847327,0.04348195055874316,0.4526703511370182
cnn_dailymail,refit,2,4096,0.9579133996776097,0.03448058390706832,0.03428244706060315,0.034713553433346464,0.12888729162400886,0.12815150666372582,0.12958416470423073,0.9921223578847327,0.04348195055874316,0.4526703511370182
cnn_dailymail,refit,5,512,0.9700821410691184,0.022215220371210487,0.021941259937591655,0.02248082229924049,0.10655730768969658,0.10563347388945248,0.10752727687235779,0.9921223578847327,0.04348195055874316,0.7675778015639464
cnn_dailymail,refit,5,1024,0.9650321652264651,0.027305293992190283,0.027005677528976972,0.02761995513825203,0.11520916021089271,0.11421091123986346,0.11621632895916603,0.9921223578847327,0.04348195055874316,0.7675778015639464
cnn_dailymail,refit,5,2048,0.960076812066404,0.03229999360830027,0.03208115774499346,0.03251322108660428,0.12373316950581895,0.12293198296028963,0.1244954396042161,0.9921223578847327,0.04348195055874316,0.7675778015639464
cnn_dailymail,refit,5,4096,0.9550229322975463,0.03739400215340849,0.03720911027789249,0.03759168987035374,0.1311274341440159,0.1302916720150086,0.13186698833159716,0.9921223578847327,0.04348195055874316,0.7675778015639464
cnn_dailymail,refit,10,512,0.9683971056110323,0.02391363533454094,0.023662200717192265,0.024153824869176582,0.10932703759881239,0.10839394764740823,0.11028788191989349,0.9921223578847327,0.04348195055874316,1.1284518842181717
cnn_dailymail,refit,10,1024,0.963265144604916,0.029086345096931532,0.028831406457298335,0.029357213831913635,0.1177360971164683,0.11668897403139136,0.11887061244129322,0.9921223578847327,0.04348195055874316,1.1284518842181717
cnn_dailymail,refit,10,2048,0.9586370097310752,0.033751228250767706,0.03355064073123433,0.03393905618291882,0.12576123344708826,0.1249842222999405,0.1264827817593678,0.9921223578847327,0.04348195055874316,1.1284518842181717
cnn_dailymail,refit,10,4096,0.9540978813427591,0.038326398190485444,0.03815396012768724,0.03849591749353304,0.13288213392519857,0.13224539280421418,0.1335021992417685,0.9921223578847327,0.04348195055874316,1.1284518842181717
cnn_dailymail,refit,20,512,0.9683692123228805,0.02394175010075905,0.023710482912326036,0.024161275031132058,0.11213926626026591,0.11120200948784542,0.11309437995088599,0.9921223578847327,0.04348195055874316,1.6144375411832586
cnn_dailymail,refit,20,1024,0.962998328137133,0.029355280138725903,0.02914055043621106,0.02957909514175642,0.12004086492005128,0.11905805685653832,0.12110196400521131,0.9921223578847327,0.04348195055874316,1.6144375411832586
cnn_dailymail,refit,20,2048,0.9584576367762591,0.033932025461303916,0.03375213416795912,0.03409891207486272,0.1272398548243929,0.1264987105685274,0.12794249034085814,0.9921223578847327,0.04348195055874316,1.6144375411832586
cnn_dailymail,refit,20,4096,0.9544333681782968,0.037988247525024166,0.03783686734964021,0.03813443487447362,0.13415575683109626,0.13350552975158106,0.1347935156677174,0.9921223578847327,0.04348195055874316,1.6144375411832586
cnn_dailymail,refit,50,512,0.97072291815545,0.021569355391715672,0.021366467203493975,0.021769707915655117,0.11102905123558302,0.11014042371254536,0.11194523630737527,0.9921223578847327,0.04348195055874316,2.4657841404692045
cnn_dailymail,refit,50,1024,0.9651383986306591,0.027198217074358766,0.027029224562717474,0.027381027630137632,0.11903488810580402,0.11827917237773548,0.11983154692948698,0.9921223578847327,0.04348195055874316,2.4657841404692045
cnn_dailymail,refit,50,2048,0.9603699304741816,0.032004547784054815,0.03185419946866769,0.03215826502906784,0.12530146104189416,0.12456073563863136,0.1260131702021014,0.9921223578847327,0.04348195055874316,2.4657841404692045
cnn_dailymail,refit,50,4096,0.9566449605820603,0.03575909465271243,0.035633158323416306,0.035884760875203425,0.1326356315422024,0.13196586194439847,0.13323816131965913,0.9921223578847327,0.04348195055874316,2.4657841404692045
