corpus,arm,alpha,beta,beta_low,beta_high,decline_512_2048,multinomial_beta,multinomial_beta_low,multinomial_beta_high,multinomial_decline,source_full_beta,source_full_beta_low,source_full_beta_high,source_full_decline,multinomial_jackknife_beta,multinomial_jackknife_beta_low,multinomial_jackknife_beta_high,multinomial_jackknife_decline,source_jackknife_beta,source_jackknife_beta_low,source_jackknife_beta_high,source_jackknife_decline
tinystories,fixed,0.5,-0.5180965424106404,-0.5288952210744704,-0.5075051922595246,49.29678238020393,-0.6752633445370602,-0.6798363859414515,-0.6703543846613337,58.95944064483746,-0.7662657105796261,-0.7692314333775623,-0.7629295456889226,63.28288663975734,-0.7152347904347169,-0.727986990803387,-0.70125430730341,60.61303287285729,-0.8644690039333756,-0.873650023676764,-0.8538850997826768,68.03454327960272
tinystories,fixed,1,-0.49005522165931,-0.498550747643471,-0.48182530272670027,47.301178132351,-0.590708784206081,-0.5949195763572235,-0.58498126238543,53.79223236223052,-0.6777611960576544,-0.6810669785535837,-0.6749264792434635,58.421630001711456,-0.6041411584514592,-0.6175419454132879,-0.5885357851061163,54.263170440281286,-0.7659368374054477,-0.776183322281299,-0.755799561184986,62.623336270811436
tinystories,fixed,2,-0.4519488102194482,-0.4585733940946466,-0.4454279201517205,44.40986258693476,-0.509688815529674,-0.5128610214131382,-0.5047275771154286,48.23944712929713,-0.5878541424723123,-0.5906485351285776,-0.5850084246567656,52.86455727689668,-0.5074234213816757,-0.5176289032116467,-0.4958310084592793,48.036590709852646,-0.653615765248079,-0.6626194361339134,-0.645913555265986,56.27209586855473
tinystories,fixed,5,-0.390638358904905,-0.39653716375275083,-0.38534240834994593,39.373976142677506,-0.4067914099893246,-0.40883713016255685,-0.4045819272356148,40.34503340368815,-0.4719156058442428,-0.4742004291228619,-0.46999385807738964,44.83929691207289,-0.39710905750236375,-0.40258436279853677,-0.39138312196171765,39.518476442069485,-0.5087124448766761,-0.5113237565403701,-0.5057753327172059,46.81442644411956
tinystories,fixed,10,-0.34106541070541335,-0.34749195794377624,-0.33511230111246076,35.06429264847244,-0.332605986367131,-0.33434260291807644,-0.3304892696050464,33.95393069811832,-0.39247861881468515,-0.3944647285094949,-0.3908046609723978,38.828076762244656,-0.3208465562907942,-0.32591756795063254,-0.31611272220670944,32.82936488636846,-0.41019354067453706,-0.4148582330634183,-0.40538929199610374,39.534188326412156
tinystories,fixed,20,-0.29316144075497985,-0.300834089760068,-0.28596505948814765,30.796775733717453,-0.2640835969878985,-0.266176137928212,-0.26181686033070933,27.661524941267224,-0.3254975008412655,-0.3270562129689194,-0.3237487390210826,33.54522380395988,-0.25217730831927776,-0.25655421263369077,-0.246740156549169,26.467188240169303,-0.3295191708427623,-0.33468180519530183,-0.32321912572561656,33.43071039883432
tinystories,fixed,50,-0.23483909948549114,-0.24476053637222772,-0.22547908634915842,25.181733176691623,-0.186933869975389,-0.18825696730895297,-0.1855768925400633,20.260343638604972,-0.2571362648518106,-0.2587801854091484,-0.25591178195693154,27.796962896990983,-0.17676523916433742,-0.17935946868468777,-0.17367103570929365,19.15396371055592,-0.2538535754700848,-0.25708158576048074,-0.25034798041678386,27.375639094993463
tinystories,refit,0.5,-0.5165790531583864,-0.5275756326292715,-0.5059643958493354,49.23036751783325,-0.673748523758543,-0.6781874410263573,-0.6685025378596917,58.8851605735028,-0.7667556786171325,-0.7696219231980711,-0.7636081802434064,63.31005663025229,-0.7139569670971927,-0.7266959571247278,-0.7001424511462939,60.53959921998931,-0.865548571843726,-0.8744443150253266,-0.8552163573469345,68.08907748337465
tinystories,refit,1,-0.48919021577259025,-0.497759499770164,-0.4808914098704225,47.26215173804496,-0.5896781338315916,-0.5938129854095048,-0.5837428547038808,53.7384726733899,-0.6782067814512382,-0.6813999643311115,-0.6753684660252416,58.45063859243882,-0.6029668871452859,-0.6162395344394774,-0.5876567104118132,54.19094164687168,-0.7669100052553443,-0.7770001070160409,-0.7569480777447305,62.678369631438535
tinystories,refit,2,-0.451616089581162,-0.45832754435908113,-0.4450056248650667,44.394382118218566,-0.5091764562240613,-0.5123612692956566,-0.5041138869344486,48.20930793562479,-0.5881476415543259,-0.5909412544401843,-0.5852884293593549,52.884591644380954,-0.5067128607530232,-0.5168578923502913,-0.49526563528632733,47.98967530696101,-0.6542303880516984,-0.6631672022425363,-0.6465817879289025,56.31112738620463
tinystories,refit,5,-0.39063835890490467,-0.39653716375275083,-0.38534240834994576,39.373976142677506,-0.4067914099893246,-0.408837130162557,-0.40458192723561465,40.34503340368815,-0.4719156058442428,-0.4742004291228619,-0.46999385807738964,44.83929691207288,-0.3971090575023635,-0.40258436279853693,-0.39138312196171765,39.518476442069485,-0.5087124448766761,-0.5113237565403701,-0.5057753327172059,46.81442644411956
tinystories,refit,10,-0.34102378720161036,-0.34737104102893646,-0.3351427227530886,35.05700579506825,-0.33282783676467015,-0.33455132386179914,-0.3307331899454301,33.96767282102632,-0.3922665558535243,-0.39422214389280785,-0.39060433522679594,38.80909474282962,-0.3212052780815175,-0.3262300248275623,-0.3164902677945967,32.85602851867265,-0.40982611244821954,-0.41445397051911004,-0.405096062026257,39.50528548245138
tinystories,refit,20,-0.2929329715350407,-0.3004389067581452,-0.2859203558827798,30.773340110022808,-0.26436196773404397,-0.2664534689133364,-0.2621013826643752,27.675382838578066,-0.3250439132735775,-0.3265617245786361,-0.3233766833036262,33.49796132766757,-0.252681672363724,-0.25703635784724016,-0.24726415062316184,26.505619222120945,-0.3289177586283104,-0.33402064761853684,-0.3226862384177821,33.376689607037
tinystories,refit,50,-0.234553380038884,-0.24413289141169014,-0.22553051833961602,25.170639496136026,-0.1873058865949275,-0.18860840484736568,-0.18595146491719605,20.291595742415247,-0.2564494795034727,-0.2580380472343041,-0.255248313030437,27.72376486621504,-0.17745372892707326,-0.18003663785745666,-0.17438339480401105,19.224455289611043,-0.2531688309840634,-0.2561982390863555,-0.24971393503894568,27.307315225385242
wikitext,fixed,0.5,-0.21106234068443278,-0.2165919657295279,-0.20574510036150184,20.79936585063853,-0.4625352357157541,-0.4691437717105449,-0.4543513526866743,43.2808297059394,-0.5734733822996769,-0.5798295803695567,-0.5668467817845315,49.870302355928,-0.53735266940419,-0.5426718324225958,-0.5315249837288589,47.51519765453881,-0.7905271436153934,-0.7938849091667812,-0.7867391108249383,62.87779223902774
wikitext,fixed,1,-0.17844654324126774,-0.18310792426056624,-0.17405802066906345,17.298818425695263,-0.33466296133370416,-0.34024857645435747,-0.3277385626019503,32.70105763221155,-0.4307108030049935,-0.436191235108181,-0.4251367832996529,39.435958429496445,-0.3595530173207947,-0.36552348460287915,-0.3526412679843342,33.52995921579984,-0.608215363189361,-0.6122836303268687,-0.6025243998723652,50.18187626117581
wikitext,fixed,2,-0.1335267880326008,-0.13746501383248869,-0.1298528467292638,12.148799695685463,-0.22415632394908422,-0.2277399238865231,-0.22029900822957124,22.00093450772106,-0.30186330519148363,-0.3055764493737691,-0.29730514802965025,28.353356796018524,-0.21879504809037228,-0.22464078795749806,-0.21204618182172166,21.004129279470085,-0.4093357486343156,-0.414639172962533,-0.40221586026191253,35.01621185665673
wikitext,fixed,5,-0.060781436057655944,-0.06443680066993349,-0.05736653710843621,3.1500133629303595,-0.0994394376181164,-0.10132237458699882,-0.09766116808411637,7.934323998878878,-0.154755766867299,-0.15678344375268521,-0.15234911712828347,13.344906722575988,-0.08830664630676455,-0.0939127731756826,-0.08310308902944148,6.831836193423713,-0.1959252888948705,-0.20055365465254235,-0.19088724771458154,16.322515257902836
wikitext,fixed,10,-0.0039885946085810725,-0.007699125026477509,-0.00036341370856143005,-4.096138159928908,-0.020148293722815826,-0.022156381061578505,-0.018118762181559483,-2.047561878329507,-0.06263129610155252,-0.06487753170930527,-0.06058112270945666,2.7214741695084865,-0.012617638611294172,-0.017627449123668242,-0.007380031670179081,-2.8712359192494263,-0.08074813432170237,-0.08414807099935366,-0.07739143952629017,4.0929243410429255
wikitext,fixed,20,0.041567981399800044,0.03772756873445399,0.04564902485200043,-9.219640638516303,0.04010747700912332,0.03817836122744355,0.04224803363390968,-9.407569844247977,0.005967279526908888,0.003291498533541126,0.00861205227819677,-5.0327418732485585,0.04518134643989136,0.041035431112641865,0.04972469989381942,-10.152969504854559,7.380336708809096e-05,-0.004062187454589751,0.004136847530803968,-4.867087354589361
wikitext,fixed,50,0.056100016623110184,0.05053299415752244,0.06158801076294269,-7.36041795835245,0.0681927312920862,0.06686817636887926,0.0698559633181288,-9.620479031038066,0.037769834552237445,0.03429081005191021,0.04050056783848073,-5.252902339298693,0.07335301883162725,0.07055456346559068,0.07628083007411557,-10.593754823634871,0.04029565518700682,0.035265575654846025,0.04422381892967949,-5.920728309249124
wikitext,refit,0.5,-0.21318370415204496,-0.2190089235460163,-0.20772582347384758,21.062470472008922,-0.46320872303976124,-0.47004455049604793,-0.45496853387635144,43.35526155830074,-0.5759007076092262,-0.5821464260250659,-0.569491112523371,50.061771775614886,-0.5377082955024983,-0.5430641815156727,-0.5314120581493723,47.552294279740025,-0.7917577943720208,-0.795128199934553,-0.7877034237549186,62.959582653211356
wikitext,refit,1,-0.18021074070968132,-0.18511259972955152,-0.17568635515964034,17.521289712444123,-0.335431087952828,-0.34113111339535623,-0.3286696755662714,32.790022305883085,-0.43302819423877525,-0.4384091182103904,-0.42745298204020876,39.64020953742078,-0.3600744223249841,-0.366253115759062,-0.3524228871972772,33.591882908397196,-0.6098849358206802,-0.6140453526766839,-0.603944952067688,50.3232260658406
wikitext,refit,2,-0.13465762475839654,-0.1387586692678427,-0.13086936117965686,12.29395767087047,-0.22470209488531953,-0.22835186452172873,-0.22080229484617034,22.066525386115043,-0.30336117119700545,-0.3070562378653595,-0.2988017349645359,28.496916614100453,-0.21923306863966008,-0.22523060737740022,-0.2122821637337139,21.057090355999264,-0.41078360499628735,-0.4161653008713459,-0.40351504542778976,35.16113993120234
wikitext,refit,5,-0.06078143605765576,-0.06443680066993329,-0.05736653710843621,3.1500133629303373,-0.09943943761811658,-0.10132237458699901,-0.09766116808411619,7.9343239988789005,-0.154755766867299,-0.15678344375268521,-0.15234911712828347,13.344906722575988,-0.08830664630676437,-0.0939127731756824,-0.08310308902944111,6.83183619342368,-0.19592528889487032,-0.20055365465254235,-0.19088724771458138,16.322515257902836
wikitext,refit,10,-0.003486500297355556,-0.007071509812114867,7.766109082318892e-06,-4.150249556929375,-0.02007169833893016,-0.022086615968311286,-0.018041628372107255,-2.042300257104923,-0.06199261798374042,-0.06428532790061985,-0.059952401243781824,2.6611655166776105,-0.01262112309132551,-0.017691897041660864,-0.007335196196748251,-2.8495949504202978,-0.07990969992956137,-0.08328982149852057,-0.07652897322291237,4.014759855494853
wikitext,refit,20,0.04169930645836779,0.038147828870701256,0.0454962734044153,-9.178213597621966,0.03952081151105177,0.03750023490076335,0.04168027844108228,-9.260853855918217,0.0063546860658477995,0.0036712027723075366,0.008972524823614022,-5.023131448253193,0.044464727436960866,0.040309018610164796,0.049094207381830735,-9.978318741736004,0.0006147079229865816,-0.003222464634427363,0.004725705123329954,-4.860891828839664
wikitext,refit,50,0.05471052925909276,0.04996145891963434,0.059472227717620674,-7.051442966814081,0.06583391310657839,0.06446601980980088,0.06753680135265001,-9.178286265400937,0.03685560689174536,0.03365475629901787,0.03950449135390657,-5.038512380468063,0.07081150590607105,0.06809390593766562,0.07382285840310882,-10.10417340483798,0.03928704300622233,0.0345079410985704,0.04319904005949956,-5.679681130460912
cnn_dailymail,fixed,0.5,-0.27004150861060977,-0.27611190792193613,-0.26393912255308083,26.77071321172473,-0.4857386751036851,-0.4929811146354407,-0.47907182457519343,45.38730887247141,-0.5769965831711951,-0.5840478612082654,-0.5709019819151189,50.23227785810953,-0.5675363982025704,-0.5746494412872805,-0.5601556989304916,49.989933965296416,-0.7751877513144796,-0.779972421598424,-0.770536490197342,62.14213004687156
cnn_dailymail,fixed,1,-0.23508200814467795,-0.24049575761752137,-0.22962056495317215,23.21478098452785,-0.36579606428177375,-0.3730234273902414,-0.3594884419276402,35.883799890328916,-0.4385829197647062,-0.44533622002314804,-0.43280958354642335,40.301650402142954,-0.3997655196006502,-0.40883628641572245,-0.3904768519151513,37.43024196406218,-0.5976657900726334,-0.6023547644901531,-0.5933317411002708,49.699113301248474
cnn_dailymail,fixed,2,-0.18608332274403966,-0.19071784128324018,-0.18127341145007078,17.90491715055079,-0.2603813778070405,-0.2661928447017778,-0.25554456404108356,25.98351326147963,-0.31438268406813524,-0.3194714007412826,-0.3099544720946147,29.819192384592476,-0.2634666567117826,-0.27281306188021226,-0.2538208791592732,25.74691548730219,-0.4047140421517376,-0.4095742043329297,-0.3992547755717019,34.84891559501219
cnn_dailymail,fixed,5,-0.1067501574334654,-0.1104437776011533,-0.10283910296336522,8.745295859117629,-0.13586628595631312,-0.1387057331636741,-0.13326881525727466,12.272182591068958,-0.17142781470855462,-0.17364043209236865,-0.1689226824594952,15.433462147842414,-0.12914036407555077,-0.13542243279885122,-0.1222136239071574,11.54031101838563,-0.1966985171428008,-0.2007915026959729,-0.19202088924129906,16.582240768932444
cnn_dailymail,fixed,10,-0.047463691281779095,-0.05090033602672384,-0.04401003665664617,1.9223786857624048,-0.05567045437922194,-0.05735274256286288,-0.053990769667477984,2.778430246111807,-0.08259172698699577,-0.08432680472856044,-0.08085767349156431,5.6156638322640395,-0.04940030124709736,-0.05336625751104589,-0.045533488539543254,1.9789629999577563,-0.08750652130702569,-0.09058274925055346,-0.08464885864187906,5.475388152009497
cnn_dailymail,fixed,20,-0.002121223191578632,-0.006058272311759759,0.001809094812464697,-2.6072134411449843,0.003261440513083836,0.001954311217240557,0.004459550297848591,-3.734347411818817,-0.018691130565817074,-0.02036446425023425,-0.01706012835634105,-1.0735735668143231,0.008912115502971225,0.006514184639714258,0.01112648066527506,-4.6025446959929495,-0.016095114239512195,-0.018109998631858203,-0.014235875791979895,-1.7163912879559984
cnn_dailymail,fixed,50,0.023279965163384538,0.017747730266798416,0.02886849997240288,-3.6079335517457345,0.03917306796568002,0.038559590533614754,0.04003131012648687,-6.201180267641648,0.019899233656247125,0.01910789658847315,0.021085838981459402,-3.630931730398168,0.0445182876183182,0.041812073416134056,0.046454146714792324,-7.094590386308153,0.024499065979725627,0.021812771852089647,0.02681776064804813,-4.275724449437113
cnn_dailymail,refit,0.5,-0.2704667140756684,-0.27683525171943224,-0.2641131233525101,26.73172048118958,-0.4857956721476876,-0.49324909114780524,-0.4790679748894838,45.39415736189157,-0.578191130870089,-0.5852928494507876,-0.5721079635336545,50.31087769186213,-0.5677608182452826,-0.574989867104096,-0.5605217795149114,49.99929312372705,-0.7749381727807129,-0.7796991601385646,-0.7702145795423081,62.13485807584009
cnn_dailymail,refit,1,-0.23506748688774035,-0.24074290787562974,-0.22937228854250866,23.143690715152722,-0.3654978781172713,-0.3729364771044888,-0.3591498092338007,35.84543942128698,-0.4392506261499423,-0.4460405645908899,-0.4333607770196798,40.33848085513827,-0.39969562308619383,-0.4089468082055464,-0.3902315409288724,37.40306388297392,-0.597630298743216,-0.6024085378325835,-0.593211172949764,49.70209343780299
cnn_dailymail,refit,2,-0.18580394975633027,-0.19062492151465926,-0.18082869247318242,17.83244587309907,-0.2598273874235503,-0.26567722412648326,-0.2549883908098591,25.909652439345663,-0.3144429337353455,-0.31951065304875736,-0.3100282810888941,29.802104059144785,-0.26303355741823436,-0.27257452800010795,-0.2533059305898169,25.6747299836107,-0.4046681600884047,-0.4096418702227836,-0.3990450104221431,34.83804343950643
cnn_dailymail,refit,5,-0.1067501574334654,-0.1104437776011533,-0.10283910296336522,8.745295859117629,-0.13586628595631312,-0.1387057331636741,-0.13326881525727466,12.272182591068958,-0.17142781470855462,-0.17364043209236865,-0.1689226824594952,15.433462147842414,-0.12914036407555077,-0.13542243279885122,-0.1222136239071574,11.54031101838563,-0.1966985171428008,-0.2007915026959729,-0.19202088924129906,16.582240768932444
cnn_dailymail,refit,10,-0.04781449316161545,-0.05113686960646254,-0.044434274474845846,1.9575133920388454,-0.05654473426526709,-0.05819467342674978,-0.054870005497999794,2.8863134474449104,-0.08300413915204702,-0.08471272491154987,-0.08127869294382825,5.6685507658374545,-0.05038008061729008,-0.05422185515848209,-0.046625466962802946,2.1106563056747074,-0.08783775067691274,-0.09088446280266195,-0.08502953320975568,5.5220818228612245
cnn_dailymail,refit,20,-0.002203554293106259,-0.005852766331339296,0.0014284372747078854,-2.6588544255625735,0.0020170176121469554,0.0008120988325420864,0.003141767553342033,-3.610256528721889,-0.01907411833224667,-0.020621606777482378,-0.017589849568115407,-1.0583983770714456,0.007397835591118994,0.0051448943224564345,0.009479953839230632,-4.427221561749062,-0.01640306899378018,-0.018367955359340594,-0.014601114718374369,-1.7062434510090707
cnn_dailymail,refit,50,0.024493395383778902,0.019712468773718413,0.029329858959199307,-3.856545825602753,0.0383903049623204,0.037862922160089484,0.03918337970139762,-6.151254175485654,0.020449779397795406,0.019689577028448285,0.021586456750295226,-3.7555541179596252,0.04332820543230377,0.040912327519337655,0.04507857289793325,-6.966425093715012,0.025093326363369122,0.022699352083027258,0.027242090022944143,-4.405755032726311
